datetime,open,high,low,close,volume
2026-03-12T13:30:00+00:00,217.15,217.15,213.33,214.96,1316
2026-03-12T13:35:00+00:00,214.96,215.72000000000003,214.63000000000002,215.60000000000002,1509
2026-03-12T13:40:00+00:00,215.60000000000002,215.84,215.38000000000002,215.64000000000001,1484
2026-03-12T13:45:00+00:00,215.64000000000001,215.88000000000002,214.86,215.88000000000002,2243
2026-03-12T13:50:00+00:00,215.88000000000002,216.16000000000003,214.59,214.89000000000001,1960
2026-03-12T13:55:00+00:00,214.89000000000001,214.98000000000002,214.37,214.59,2066
2026-03-12T14:00:00+00:00,214.59,215.65,214.59,215.28,2540
2026-03-12T14:05:00+00:00,215.28,215.74,215.18,215.39000000000001,2685
2026-03-12T14:10:00+00:00,215.39000000000001,215.82000000000002,215.36,215.71,2748
2026-03-12T14:15:00+00:00,215.71,215.88000000000002,215.45000000000002,215.65,2628
2026-03-12T14:20:00+00:00,215.65,215.65,215.10000000000002,215.56,2323
2026-03-12T14:25:00+00:00,215.56,215.78,214.75000000000003,214.75000000000003,2129
2026-03-12T14:30:00+00:00,214.75000000000003,214.98000000000002,214.39000000000001,214.70000000000002,1696
2026-03-12T14:35:00+00:00,214.70000000000002,215.04000000000002,214.24,214.45000000000002,1784
2026-03-12T14:40:00+00:00,214.45000000000002,215.11,214.22000000000003,215.11,1553
2026-03-12T14:45:00+00:00,215.11,215.62,214.53,214.57000000000002,2540
2026-03-12T14:50:00+00:00,214.57000000000002,214.63000000000002,214.27,214.43,2443
2026-03-12T14:55:00+00:00,214.43,214.58,214.07000000000002,214.16000000000003,1782
2026-03-12T15:00:00+00:00,214.16000000000003,214.24,213.48000000000002,213.72000000000003,1890
2026-03-12T15:05:00+00:00,213.72000000000003,213.72000000000003,213.4,213.50000000000003,1908
2026-03-12T15:10:00+00:00,213.50000000000003,213.52,212.66000000000003,212.82000000000002,1510
2026-03-12T15:15:00+00:00,212.82000000000002,213.21,212.69000000000003,213.08,1634
2026-03-12T15:20:00+00:00,213.08,213.25000000000003,212.73000000000002,212.75000000000003,1720
2026-03-12T15:25:00+00:00,212.75000000000003,213.31,212.73000000000002,213.14000000000001,1719
2026-03-12T15:30:00+00:00,213.14000000000001,213.35000000000002,213.03,213.14000000000001,1546
2026-03-12T15:35:00+00:00,213.14000000000001,213.92000000000002,212.87,213.92000000000002,1998
2026-03-12T15:40:00+00:00,213.92000000000002,214.35000000000002,213.27,214.09,2842
2026-03-12T15:45:00+00:00,214.09,214.28,213.58,214.16000000000003,2570
2026-03-12T15:50:00+00:00,214.16000000000003,214.50000000000003,213.94000000000003,214.44000000000003,2252
2026-03-12T15:55:00+00:00,214.44000000000003,214.51000000000002,214.12,214.47000000000003,1875
2026-03-12T16:00:00+00:00,214.47000000000003,214.66000000000003,214.27,214.50000000000003,1872
2026-03-12T16:05:00+00:00,214.50000000000003,214.81,213.73000000000002,213.81,1890
2026-03-12T16:10:00+00:00,213.81,214.64000000000001,213.81,214.60000000000002,1912
2026-03-12T16:15:00+00:00,214.60000000000002,214.82000000000002,214.43,214.67000000000002,2081
2026-03-12T16:20:00+00:00,214.67000000000002,215.08,214.61,214.66000000000003,1983
2026-03-12T16:25:00+00:00,214.66000000000003,214.73000000000002,214.14000000000001,214.19000000000003,1711
2026-03-12T16:30:00+00:00,214.19000000000003,214.65,213.89000000000001,214.47000000000003,1929
2026-03-12T16:35:00+00:00,214.47000000000003,214.83,214.32000000000002,214.74,1752
2026-03-12T16:40:00+00:00,214.74,214.79000000000002,214.43,214.59,1552
2026-03-12T16:45:00+00:00,214.59,214.71,213.82000000000002,214.07000000000002,1540
2026-03-12T16:50:00+00:00,214.07000000000002,214.4,213.88000000000002,214.09,1532
2026-03-12T16:55:00+00:00,214.09,214.78,214.05,214.68,1534
2026-03-12T17:00:00+00:00,214.68,215.01000000000002,214.52,214.99,1474
2026-03-12T17:05:00+00:00,214.99,215.39000000000001,214.65,214.75000000000003,1421
2026-03-12T17:10:00+00:00,214.75000000000003,215.05,214.75000000000003,214.77,1232
2026-03-12T17:15:00+00:00,214.77,214.92000000000002,214.52,214.53,1312
2026-03-12T17:20:00+00:00,214.53,215.03,214.43,214.86,1313
2026-03-12T17:25:00+00:00,214.86,214.95000000000002,214.44000000000003,214.57000000000002,1162
2026-03-12T17:30:00+00:00,214.57000000000002,214.87,214.53,214.83,1157
2026-03-12T17:35:00+00:00,214.83,215.08,214.78,214.99,1176
2026-03-12T17:40:00+00:00,214.99,215.13000000000002,214.43,214.43,984
2026-03-12T17:45:00+00:00,214.43,214.64000000000001,214.23000000000002,214.24,1090
2026-03-12T17:50:00+00:00,214.24,214.50000000000003,214.22000000000003,214.3,1078
2026-03-12T17:55:00+00:00,214.3,214.35000000000002,213.85000000000002,214.15,1297
2026-03-12T18:00:00+00:00,214.15,214.47000000000003,214.15,214.3,1200
2026-03-12T18:05:00+00:00,214.3,214.51000000000002,214.15,214.36,934
2026-03-12T18:10:00+00:00,214.36,214.38000000000002,214.12,214.24,850
2026-03-12T18:15:00+00:00,214.24,214.45000000000002,214.07000000000002,214.18,978
2026-03-12T18:20:00+00:00,214.18,214.23000000000002,213.93,214.08,994
2026-03-12T18:25:00+00:00,214.08,214.24,213.92000000000002,214.20000000000002,970
2026-03-12T18:30:00+00:00,214.20000000000002,214.33,213.92000000000002,213.99,1198
2026-03-12T18:35:00+00:00,213.99,214.20000000000002,213.9,214.18,1021
2026-03-12T18:40:00+00:00,214.18,214.25000000000003,213.96,213.98000000000002,900
2026-03-12T18:45:00+00:00,213.98000000000002,214.11,213.84,213.94000000000003,805
2026-03-12T18:50:00+00:00,213.94000000000003,214.28,213.77,213.89000000000001,1117
2026-03-12T18:55:00+00:00,213.89000000000001,213.89000000000001,213.57000000000002,213.73000000000002,1095
2026-03-12T19:00:00+00:00,213.73000000000002,213.98000000000002,213.32000000000002,213.58,1465
2026-03-12T19:05:00+00:00,213.58,213.86,213.45000000000002,213.68,1526
2026-03-12T19:10:00+00:00,213.68,213.95000000000002,213.48000000000002,213.92000000000002,1338
2026-03-12T19:15:00+00:00,213.92000000000002,214.25000000000003,213.87,214.15,1184
2026-03-12T19:20:00+00:00,214.15,214.41000000000003,214.07000000000002,214.20000000000002,1171
2026-03-12T19:25:00+00:00,214.20000000000002,214.33,214.03,214.29000000000002,1085
2026-03-12T19:30:00+00:00,214.29000000000002,214.49,214.16000000000003,214.36,1033
2026-03-12T19:35:00+00:00,214.36,214.39000000000001,214.04000000000002,214.3,1052
2026-03-12T19:40:00+00:00,214.3,214.46,214.02,214.44000000000003,1161
2026-03-12T19:45:00+00:00,214.44000000000003,214.62,214.12,214.55,1144
2026-03-12T19:50:00+00:00,214.55,214.76000000000002,213.87,214.25000000000003,1113
2026-03-12T19:55:00+00:00,214.25000000000003,214.47000000000003,213.83,214.03,1455
2026-03-13T13:30:00+00:00,214.03,214.82000000000002,212.87,212.89000000000001,2112
2026-03-13T13:35:00+00:00,212.89000000000001,213.68,212.14000000000001,213.45000000000002,2155
2026-03-13T13:40:00+00:00,213.45000000000002,214.37,212.84,214.26000000000002,1904
2026-03-13T13:45:00+00:00,214.26000000000002,215.07000000000002,214.14000000000001,214.54000000000002,2510
2026-03-13T13:50:00+00:00,214.54000000000002,214.71,214.13000000000002,214.64000000000001,3087
2026-03-13T13:55:00+00:00,214.64000000000001,214.66000000000003,213.55,213.67000000000002,2878
2026-03-13T14:00:00+00:00,213.67000000000002,214.15,213.41000000000003,213.94000000000003,3115
2026-03-13T14:05:00+00:00,213.94000000000003,214.49,213.94000000000003,214.37,3398
2026-03-13T14:10:00+00:00,214.37,214.46,213.96,214.26000000000002,3471
2026-03-13T14:15:00+00:00,214.26000000000002,214.41000000000003,213.94000000000003,214.18,3140
2026-03-13T14:20:00+00:00,214.18,214.72000000000003,214.14000000000001,214.48000000000002,3419
2026-03-13T14:25:00+00:00,214.48000000000002,214.78,214.29000000000002,214.42000000000002,3330
2026-03-13T14:30:00+00:00,214.42000000000002,215.02,214.20000000000002,214.28,2781
2026-03-13T14:35:00+00:00,214.28,214.48000000000002,213.77,214.28,2915
2026-03-13T14:40:00+00:00,214.28,214.42000000000002,214.00000000000003,214.04000000000002,2681
2026-03-13T14:45:00+00:00,214.04000000000002,214.04000000000002,213.28,213.61,2889
2026-03-13T14:50:00+00:00,213.61,213.9,213.42000000000002,213.53,2989
2026-03-13T14:55:00+00:00,213.53,213.66000000000003,212.98000000000002,213.03,2854
2026-03-13T15:00:00+00:00,213.03,213.20000000000002,212.69000000000003,212.85000000000002,2939
2026-03-13T15:05:00+00:00,212.85000000000002,213.10000000000002,212.79000000000002,213.00000000000003,2773
2026-03-13T15:10:00+00:00,213.00000000000003,213.49,212.92000000000002,213.35000000000002,2159
2026-03-13T15:15:00+00:00,213.35000000000002,213.45000000000002,213.15,213.17000000000002,2229
2026-03-13T15:20:00+00:00,213.17000000000002,213.46,212.74,212.75000000000003,2260
2026-03-13T15:25:00+00:00,212.75000000000003,212.85000000000002,212.46,212.56,2212
2026-03-13T15:30:00+00:00,212.56,212.83,212.4,212.73000000000002,2257
2026-03-13T15:35:00+00:00,212.73000000000002,212.92000000000002,212.33,212.38000000000002,2474
2026-03-13T15:40:00+00:00,212.38000000000002,212.47000000000003,211.92000000000002,212.07000000000002,2320
2026-03-13T15:45:00+00:00,212.07000000000002,212.42000000000002,211.67000000000002,212.29000000000002,2822
2026-03-13T15:50:00+00:00,212.29000000000002,212.45000000000002,211.75000000000003,211.95000000000002,2754
2026-03-13T15:55:00+00:00,211.95000000000002,212.01000000000002,211.37,211.57000000000002,2345
2026-03-13T16:00:00+00:00,211.57000000000002,212.49,211.54000000000002,212.29000000000002,2382
2026-03-13T16:05:00+00:00,212.29000000000002,212.45000000000002,212.04000000000002,212.4,2261
2026-03-13T16:10:00+00:00,212.4,212.47000000000003,211.94000000000003,212.24,2327
2026-03-13T16:15:00+00:00,212.24,212.43,212.09,212.19000000000003,2431
2026-03-13T16:20:00+00:00,212.19000000000003,212.42000000000002,212.10000000000002,212.18,2141
2026-03-13T16:25:00+00:00,212.18,212.4,211.94000000000003,212.29000000000002,2263
2026-03-13T16:30:00+00:00,212.29000000000002,212.65,212.19000000000003,212.21,2204
2026-03-13T16:35:00+00:00,212.21,212.68,212.02,212.07000000000002,2191
2026-03-13T16:40:00+00:00,212.07000000000002,212.24,211.66000000000003,211.69000000000003,2296
2026-03-13T16:45:00+00:00,211.69000000000003,211.74,211.35000000000002,211.69000000000003,1999
2026-03-13T16:50:00+00:00,211.69000000000003,211.99,211.62,211.8,2265
2026-03-13T16:55:00+00:00,211.8,211.88000000000002,211.05,211.25000000000003,2360
2026-03-13T17:00:00+00:00,211.25000000000003,211.56,211.25000000000003,211.4,1976
2026-03-13T17:05:00+00:00,211.4,211.60000000000002,211.21,211.58,1795
2026-03-13T17:10:00+00:00,211.58,211.67000000000002,211.17000000000002,211.61,1832
2026-03-13T17:15:00+00:00,211.61,211.84,211.55,211.78,1858
2026-03-13T17:20:00+00:00,211.78,211.85000000000002,211.4,211.70000000000002,1924
2026-03-13T17:25:00+00:00,211.70000000000002,211.79000000000002,211.54000000000002,211.66000000000003,2020
2026-03-13T17:30:00+00:00,211.66000000000003,211.8,211.47000000000003,211.66000000000003,2032
2026-03-13T17:35:00+00:00,211.66000000000003,211.78,211.48000000000002,211.71,1920
2026-03-13T17:40:00+00:00,211.71,211.79000000000002,211.44000000000003,211.59,2016
2026-03-13T17:45:00+00:00,211.59,211.62,210.79000000000002,210.83,1671
2026-03-13T17:50:00+00:00,210.83,211.19000000000003,210.73000000000002,211.14000000000001,2031
2026-03-13T17:55:00+00:00,211.14000000000001,211.43,211.08,211.29000000000002,1862
2026-03-13T18:00:00+00:00,211.29000000000002,211.45000000000002,211.20000000000002,211.34,1860
2026-03-13T18:05:00+00:00,211.34,211.72000000000003,211.33,211.65,1588
2026-03-13T18:10:00+00:00,211.65,211.95000000000002,211.62,211.74,1609
2026-03-13T18:15:00+00:00,211.74,211.93,211.58,211.69000000000003,1568
2026-03-13T18:20:00+00:00,211.69000000000003,212.05,211.62,211.98000000000002,1388
2026-03-13T18:25:00+00:00,211.98000000000002,212.32000000000002,211.94000000000003,212.28,1505
2026-03-13T18:30:00+00:00,212.28,212.67000000000002,212.19000000000003,212.59,1459
2026-03-13T18:35:00+00:00,212.59,212.71,212.50000000000003,212.66000000000003,1444
2026-03-13T18:40:00+00:00,212.66000000000003,212.73000000000002,212.50000000000003,212.69000000000003,1532
2026-03-13T18:45:00+00:00,212.69000000000003,212.74,212.50000000000003,212.70000000000002,1465
2026-03-13T18:50:00+00:00,212.70000000000002,212.79000000000002,212.50000000000003,212.68,1547
2026-03-13T18:55:00+00:00,212.68,212.70000000000002,212.43,212.58,1479
2026-03-13T19:00:00+00:00,212.58,212.60000000000002,212.3,212.48000000000002,1506
2026-03-13T19:05:00+00:00,212.48000000000002,212.68,212.38000000000002,212.43,1530
2026-03-13T19:10:00+00:00,212.43,212.57000000000002,212.31,212.42000000000002,1396
2026-03-13T19:15:00+00:00,212.42000000000002,212.75000000000003,212.38000000000002,212.59,1579
2026-03-13T19:20:00+00:00,212.59,212.65,212.18,212.62,1688
2026-03-13T19:25:00+00:00,212.62,213.01000000000002,212.53,212.63000000000002,1634
2026-03-13T19:30:00+00:00,212.63000000000002,213.00000000000003,212.54000000000002,212.75000000000003,1517
2026-03-13T19:35:00+00:00,212.75000000000003,213.02,212.55,212.64000000000001,1357
2026-03-13T19:40:00+00:00,212.64000000000001,212.67000000000002,212.35000000000002,212.56,1584
2026-03-13T19:45:00+00:00,212.56,212.65,212.12,212.34,1349
2026-03-13T19:50:00+00:00,212.34,212.49,211.82000000000002,212.17000000000002,1156
2026-03-13T19:55:00+00:00,212.17000000000002,212.32000000000002,211.60000000000002,212.27,1315
2026-03-16T13:30:00+00:00,212.27,214.46,212.27,213.36,1772
2026-03-16T13:35:00+00:00,213.36,213.68,212.50000000000003,212.75000000000003,1823
2026-03-16T13:40:00+00:00,212.75000000000003,212.86,211.96,212.06,1791
2026-03-16T13:45:00+00:00,212.06,213.08,212.02,213.00000000000003,1784
2026-03-16T13:50:00+00:00,213.00000000000003,213.42000000000002,212.9,213.16000000000003,1672
2026-03-16T13:55:00+00:00,213.16000000000003,213.49,212.95000000000002,213.42000000000002,1627
2026-03-16T14:00:00+00:00,213.42000000000002,213.77,213.07000000000002,213.42000000000002,1741
2026-03-16T14:05:00+00:00,213.42000000000002,214.09,213.42000000000002,214.06,1425
2026-03-16T14:10:00+00:00,214.06,214.45000000000002,213.95000000000002,214.13000000000002,1596
2026-03-16T14:15:00+00:00,214.13000000000002,214.63000000000002,214.04000000000002,214.45000000000002,1523
2026-03-16T14:20:00+00:00,214.45000000000002,214.66000000000003,214.38000000000002,214.47000000000003,1244
2026-03-16T14:25:00+00:00,214.47000000000003,214.59,214.07000000000002,214.07000000000002,1307
2026-03-16T14:30:00+00:00,214.07000000000002,214.14000000000001,213.43,213.52,1665
2026-03-16T14:35:00+00:00,213.52,213.83,213.08,213.08,1693
2026-03-16T14:40:00+00:00,213.08,213.35000000000002,213.03,213.14000000000001,1605
2026-03-16T14:45:00+00:00,213.14000000000001,213.38000000000002,212.9,213.04000000000002,1466
2026-03-16T14:50:00+00:00,213.04000000000002,213.56,212.86,213.42000000000002,1648
2026-03-16T14:55:00+00:00,213.42000000000002,213.68,213.21,213.67000000000002,1231
2026-03-16T15:00:00+00:00,213.67000000000002,213.70000000000002,213.13000000000002,213.15,1247
2026-03-16T15:05:00+00:00,213.15,213.66000000000003,213.04000000000002,213.64000000000001,1305
2026-03-16T15:10:00+00:00,213.64000000000001,213.99,213.37,213.92000000000002,1306
2026-03-16T15:15:00+00:00,213.92000000000002,213.94000000000003,213.56,213.86,1237
2026-03-16T15:20:00+00:00,213.86,214.06,213.79000000000002,213.92000000000002,1011
2026-03-16T15:25:00+00:00,213.92000000000002,214.05,213.74,213.86,935
2026-03-16T15:30:00+00:00,213.86,214.18,213.86,214.10000000000002,975
2026-03-16T15:35:00+00:00,214.10000000000002,214.19000000000003,213.97000000000003,214.03,966
2026-03-16T15:40:00+00:00,214.03,214.16000000000003,213.89000000000001,213.9,939
2026-03-16T15:45:00+00:00,213.9,214.01000000000002,213.78,213.93,859
2026-03-16T15:50:00+00:00,213.93,213.96,213.53,213.66000000000003,1353
2026-03-16T15:55:00+00:00,213.66000000000003,213.88000000000002,213.38000000000002,213.49,1379
2026-03-16T16:00:00+00:00,213.49,213.82000000000002,213.39000000000001,213.41000000000003,1267
2026-03-16T16:05:00+00:00,213.41000000000003,213.8,213.38000000000002,213.62,1158
2026-03-16T16:10:00+00:00,213.62,214.03,213.62,213.86,1167
2026-03-16T16:15:00+00:00,213.86,214.10000000000002,213.74,213.79000000000002,1223
2026-03-16T16:20:00+00:00,213.79000000000002,213.82000000000002,213.28,213.3,1442
2026-03-16T16:25:00+00:00,213.3,213.44000000000003,213.15,213.36,1355
2026-03-16T16:30:00+00:00,213.36,213.45000000000002,213.12,213.21,1372
2026-03-16T16:35:00+00:00,213.21,213.75000000000003,213.21,213.71,1088
2026-03-16T16:40:00+00:00,213.71,214.10000000000002,213.63000000000002,213.96,952
2026-03-16T16:45:00+00:00,213.96,214.17000000000002,213.83,214.07000000000002,1053
2026-03-16T16:50:00+00:00,214.07000000000002,214.37,214.00000000000003,214.11,985
2026-03-16T16:55:00+00:00,214.11,214.20000000000002,213.84,214.05,1007
2026-03-16T17:00:00+00:00,214.05,214.54000000000002,214.02,214.21,1626
2026-03-16T17:05:00+00:00,214.21,214.4,214.09,214.28,888
2026-03-16T17:10:00+00:00,214.28,214.50000000000003,214.23000000000002,214.3,852
2026-03-16T17:15:00+00:00,214.3,214.37,214.12,214.32000000000002,793
2026-03-16T17:20:00+00:00,214.32000000000002,214.66000000000003,214.32000000000002,214.58,862
2026-03-16T17:25:00+00:00,214.58,214.64000000000001,214.35000000000002,214.4,886
2026-03-16T17:30:00+00:00,214.4,214.51000000000002,214.20000000000002,214.32000000000002,893
2026-03-16T17:35:00+00:00,214.32000000000002,214.43,214.27,214.28,789
2026-03-16T17:40:00+00:00,214.28,214.4,214.20000000000002,214.22000000000003,833
2026-03-16T17:45:00+00:00,214.22000000000003,214.50000000000003,214.21,214.34,791
2026-03-16T17:50:00+00:00,214.34,214.72000000000003,214.18,214.63000000000002,912
2026-03-16T17:55:00+00:00,214.63000000000002,214.64000000000001,214.42000000000002,214.45000000000002,791
2026-03-16T18:00:00+00:00,214.45000000000002,214.82000000000002,214.42000000000002,214.81,653
2026-03-16T18:05:00+00:00,214.81,215.23000000000002,214.78,215.15,991
2026-03-16T18:10:00+00:00,215.15,215.3,215.01000000000002,215.14000000000001,839
2026-03-16T18:15:00+00:00,215.14000000000001,215.27,215.02,215.06,969
2026-03-16T18:20:00+00:00,215.06,215.55,215.03,215.50000000000003,741
2026-03-16T18:25:00+00:00,215.50000000000003,215.73000000000002,215.34,215.55,692
2026-03-16T18:30:00+00:00,215.55,215.69000000000003,215.42000000000002,215.60000000000002,703
2026-03-16T18:35:00+00:00,215.60000000000002,215.83,215.54000000000002,215.78,739
2026-03-16T18:40:00+00:00,215.78,216.27,215.66000000000003,216.24,847
2026-03-16T18:45:00+00:00,216.24,216.54000000000002,216.19000000000003,216.3,737
2026-03-16T18:50:00+00:00,216.3,216.32000000000002,215.88000000000002,215.88000000000002,662
2026-03-16T18:55:00+00:00,215.88000000000002,216.21,215.88000000000002,216.17000000000002,508
2026-03-16T19:00:00+00:00,216.17000000000002,216.52,216.14000000000001,216.27,889
2026-03-16T19:05:00+00:00,216.27,216.98000000000002,216.24,216.94000000000003,1378
2026-03-16T19:10:00+00:00,216.94000000000003,217.24,216.43,216.57000000000002,2449
2026-03-16T19:15:00+00:00,216.57000000000002,216.78,216.48000000000002,216.53,1639
2026-03-16T19:20:00+00:00,216.53,216.84,216.33,216.70000000000002,1666
2026-03-16T19:25:00+00:00,216.70000000000002,216.93,216.55,216.87,1618
2026-03-16T19:30:00+00:00,216.87,216.98000000000002,216.65,216.78,1526
2026-03-16T19:35:00+00:00,216.78,216.82000000000002,216.52,216.59,1349
2026-03-16T19:40:00+00:00,216.59,216.69000000000003,216.32000000000002,216.43,1214
2026-03-16T19:45:00+00:00,216.43,216.76000000000002,216.41000000000003,216.66000000000003,1495
2026-03-16T19:50:00+00:00,216.66000000000003,216.66000000000003,215.60000000000002,215.76000000000002,1829
2026-03-16T19:55:00+00:00,215.76000000000002,216.48000000000002,215.76000000000002,216.3,1784
2026-03-17T13:30:00+00:00,216.3,219.20000000000002,216.3,218.61,1343
2026-03-17T13:35:00+00:00,218.61,219.19000000000003,218.37,218.60000000000002,1589
2026-03-17T13:40:00+00:00,218.60000000000002,218.66000000000003,217.68,217.87,1652
2026-03-17T13:45:00+00:00,217.87,218.87,217.76000000000002,218.63000000000002,1842
2026-03-17T13:50:00+00:00,218.63000000000002,219.36,218.53,219.18,1652
2026-03-17T13:55:00+00:00,219.18,219.3,218.57000000000002,218.71,1217
2026-03-17T14:00:00+00:00,218.71,219.00000000000003,218.37,218.37,1700
2026-03-17T14:05:00+00:00,218.37,218.56,218.09,218.43,1464
2026-03-17T14:10:00+00:00,218.43,218.47000000000003,218.14000000000001,218.3,1612
2026-03-17T14:15:00+00:00,218.3,218.50000000000003,217.95000000000002,218.45000000000002,1785
2026-03-17T14:20:00+00:00,218.45000000000002,218.59,218.22000000000003,218.44000000000003,1426
2026-03-17T14:25:00+00:00,218.44000000000003,218.48000000000002,218.12,218.17000000000002,1399
2026-03-17T14:30:00+00:00,218.17000000000002,218.36,218.07000000000002,218.29000000000002,1273
2026-03-17T14:35:00+00:00,218.29000000000002,218.46,217.88000000000002,217.94000000000003,1128
2026-03-17T14:40:00+00:00,217.94000000000003,218.56,217.75000000000003,218.51000000000002,1197
2026-03-17T14:45:00+00:00,218.51000000000002,218.65,218.38000000000002,218.43,1045
2026-03-17T14:50:00+00:00,218.43,218.50000000000003,218.09,218.4,1120
2026-03-17T14:55:00+00:00,218.4,218.52,218.27,218.49,952
2026-03-17T15:00:00+00:00,218.49,218.66000000000003,218.32000000000002,218.45000000000002,1049
2026-03-17T15:05:00+00:00,218.45000000000002,218.48000000000002,218.12,218.32000000000002,1152
2026-03-17T15:10:00+00:00,218.32000000000002,218.53,218.17000000000002,218.24,1011
2026-03-17T15:15:00+00:00,218.24,218.67000000000002,218.19000000000003,218.59,1023
2026-03-17T15:20:00+00:00,218.59,218.74,218.32000000000002,218.52,1110
2026-03-17T15:25:00+00:00,218.52,218.78,218.38000000000002,218.4,1120
2026-03-17T15:30:00+00:00,218.4,218.65,218.16000000000003,218.16000000000003,1228
2026-03-17T15:35:00+00:00,218.16000000000003,218.33,217.74,218.05,1275
2026-03-17T15:40:00+00:00,218.05,218.13000000000002,217.81,218.03,1121
2026-03-17T15:45:00+00:00,218.03,218.38000000000002,217.96,218.18,846
2026-03-17T15:50:00+00:00,218.18,218.33,217.96,218.09,791
2026-03-17T15:55:00+00:00,218.09,218.23000000000002,217.86,217.88000000000002,989
2026-03-17T16:00:00+00:00,217.88000000000002,217.94000000000003,217.62,217.75000000000003,1044
2026-03-17T16:05:00+00:00,217.75000000000003,217.91000000000003,217.52,217.78,1181
2026-03-17T16:10:00+00:00,217.78,218.02,217.65,217.79000000000002,1127
2026-03-17T16:15:00+00:00,217.79000000000002,218.12,217.78,218.09,1026
2026-03-17T16:20:00+00:00,218.09,218.3,217.99,218.16000000000003,845
2026-03-17T16:25:00+00:00,218.16000000000003,218.27,217.95000000000002,218.19000000000003,888
2026-03-17T16:30:00+00:00,218.19000000000003,218.4,218.07000000000002,218.36,1064
2026-03-17T16:35:00+00:00,218.36,218.54000000000002,218.09,218.13000000000002,975
2026-03-17T16:40:00+00:00,218.13000000000002,218.42000000000002,218.03,218.4,933
2026-03-17T16:45:00+00:00,218.4,218.53,218.13000000000002,218.24,794
2026-03-17T16:50:00+00:00,218.24,218.3,218.12,218.19000000000003,631
2026-03-17T16:55:00+00:00,218.19000000000003,218.20000000000002,217.97000000000003,218.08,747
2026-03-17T17:00:00+00:00,218.08,218.60000000000002,218.07000000000002,218.58,831
2026-03-17T17:05:00+00:00,218.58,219.05,218.58,218.79000000000002,769
2026-03-17T17:10:00+00:00,218.79000000000002,218.84,218.35000000000002,218.47000000000003,797
2026-03-17T17:15:00+00:00,218.47000000000003,218.49,218.13000000000002,218.32000000000002,645
2026-03-17T17:20:00+00:00,218.32000000000002,218.32000000000002,218.12,218.22000000000003,593
2026-03-17T17:25:00+00:00,218.22000000000003,218.28,218.12,218.19000000000003,610
2026-03-17T17:30:00+00:00,218.19000000000003,218.32000000000002,218.12,218.23000000000002,547
2026-03-17T17:35:00+00:00,218.23000000000002,218.68,218.19000000000003,218.64000000000001,493
2026-03-17T17:40:00+00:00,218.64000000000001,218.70000000000002,218.42000000000002,218.46,569
2026-03-17T17:45:00+00:00,218.46,218.54000000000002,218.29000000000002,218.31,649
2026-03-17T17:50:00+00:00,218.31,218.58,218.31,218.54000000000002,545
2026-03-17T17:55:00+00:00,218.54000000000002,218.55,218.38000000000002,218.39000000000001,500
2026-03-17T18:00:00+00:00,218.39000000000001,218.48000000000002,218.27,218.39000000000001,558
2026-03-17T18:05:00+00:00,218.39000000000001,218.46,218.14000000000001,218.27,494
2026-03-17T18:10:00+00:00,218.27,218.36,218.13000000000002,218.15,434
2026-03-17T18:15:00+00:00,218.15,218.27,217.96,218.15,443
2026-03-17T18:20:00+00:00,218.15,218.20000000000002,217.92000000000002,217.94000000000003,548
2026-03-17T18:25:00+00:00,217.94000000000003,218.16000000000003,217.92000000000002,218.04000000000002,708
2026-03-17T18:30:00+00:00,218.04000000000002,218.12,217.73000000000002,218.00000000000003,562
2026-03-17T18:35:00+00:00,218.00000000000003,219.19000000000003,217.81,218.68,808
2026-03-17T18:40:00+00:00,218.68,219.55,218.23000000000002,218.31,1583
2026-03-17T18:45:00+00:00,218.31,218.64000000000001,218.09,218.44000000000003,923
2026-03-17T18:50:00+00:00,218.44000000000003,219.05,218.03,218.96,743
2026-03-17T18:55:00+00:00,218.96,219.26000000000002,218.63000000000002,219.05,757
2026-03-17T19:00:00+00:00,219.05,219.50000000000003,218.9,219.34,1310
2026-03-17T19:05:00+00:00,219.34,219.67000000000002,218.70000000000002,219.65,1242
2026-03-17T19:10:00+00:00,219.65,219.96,219.48000000000002,219.70000000000002,1082
2026-03-17T19:15:00+00:00,219.70000000000002,220.19000000000003,219.64000000000001,220.03,1255
2026-03-17T19:20:00+00:00,220.03,220.05,219.46,219.84,1187
2026-03-17T19:25:00+00:00,219.84,219.91000000000003,219.52,219.75000000000003,898
2026-03-17T19:30:00+00:00,219.75000000000003,219.9,219.67000000000002,219.81,910
2026-03-17T19:35:00+00:00,219.81,220.06,219.8,219.95000000000002,788
2026-03-17T19:40:00+00:00,219.95000000000002,220.09,219.64000000000001,219.70000000000002,867
2026-03-17T19:45:00+00:00,219.70000000000002,220.09,219.70000000000002,220.07000000000002,869
2026-03-17T19:50:00+00:00,220.07000000000002,220.17000000000002,219.61,219.96,1432
2026-03-17T19:55:00+00:00,219.96,219.99,219.53,219.75000000000003,1690
2026-03-18T13:30:00+00:00,219.75000000000003,219.75000000000003,218.01000000000002,218.36,1715
2026-03-18T13:35:00+00:00,218.36,218.9,218.22000000000003,218.36,1818
2026-03-18T13:40:00+00:00,218.36,219.02,218.28,218.48000000000002,1861
2026-03-18T13:45:00+00:00,218.48000000000002,218.51000000000002,218.17000000000002,218.32000000000002,1993
2026-03-18T13:50:00+00:00,218.32000000000002,218.44000000000003,217.56,217.57000000000002,1726
2026-03-18T13:55:00+00:00,217.57000000000002,218.02,217.53,217.93,1582
2026-03-18T14:00:00+00:00,217.93,217.94000000000003,217.32000000000002,217.59,1887
2026-03-18T14:05:00+00:00,217.59,218.25000000000003,217.27,218.13000000000002,1800
2026-03-18T14:10:00+00:00,218.13000000000002,218.15,217.34,217.39000000000001,1807
2026-03-18T14:15:00+00:00,217.39000000000001,218.00000000000003,217.38000000000002,217.75000000000003,1771
2026-03-18T14:20:00+00:00,217.75000000000003,217.81,217.22000000000003,217.31,1564
2026-03-18T14:25:00+00:00,217.31,217.34,216.22000000000003,216.4,1726
2026-03-18T14:30:00+00:00,216.4,216.86,216.32000000000002,216.37,1517
2026-03-18T14:35:00+00:00,216.37,216.52,216.13000000000002,216.14000000000001,1290
2026-03-18T14:40:00+00:00,216.14000000000001,216.60000000000002,216.13000000000002,216.28,1199
2026-03-18T14:45:00+00:00,216.28,216.54000000000002,216.10000000000002,216.23000000000002,1214
2026-03-18T14:50:00+00:00,216.23000000000002,216.47000000000003,216.04000000000002,216.10000000000002,1236
2026-03-18T14:55:00+00:00,216.10000000000002,216.42000000000002,215.98000000000002,216.37,1222
2026-03-18T15:00:00+00:00,216.37,216.69000000000003,216.04000000000002,216.21,1270
2026-03-18T15:05:00+00:00,216.21,216.73000000000002,216.07000000000002,216.69000000000003,1136
2026-03-18T15:10:00+00:00,216.69000000000003,216.85000000000002,216.49,216.54000000000002,1267
2026-03-18T15:15:00+00:00,216.54000000000002,216.69000000000003,216.28,216.41000000000003,1103
2026-03-18T15:20:00+00:00,216.41000000000003,216.82000000000002,216.16000000000003,216.72000000000003,1297
2026-03-18T15:25:00+00:00,216.72000000000003,216.73000000000002,216.19000000000003,216.27,1098
2026-03-18T15:30:00+00:00,216.27,216.62,216.05,216.39000000000001,1008
2026-03-18T15:35:00+00:00,216.39000000000001,216.42000000000002,216.14000000000001,216.26000000000002,970
2026-03-18T15:40:00+00:00,216.26000000000002,216.31,215.89000000000001,216.26000000000002,974
2026-03-18T15:45:00+00:00,216.26000000000002,216.62,216.19000000000003,216.24,982
2026-03-18T15:50:00+00:00,216.24,216.45000000000002,216.13000000000002,216.45000000000002,941
2026-03-18T15:55:00+00:00,216.45000000000002,216.61,216.32000000000002,216.43,938
2026-03-18T16:00:00+00:00,216.43,216.45000000000002,216.10000000000002,216.41000000000003,1009
2026-03-18T16:05:00+00:00,216.41000000000003,216.46,216.23000000000002,216.39000000000001,869
2026-03-18T16:10:00+00:00,216.39000000000001,216.79000000000002,216.29000000000002,216.54000000000002,902
2026-03-18T16:15:00+00:00,216.54000000000002,216.54000000000002,216.16000000000003,216.31,917
2026-03-18T16:20:00+00:00,216.31,216.43,216.23000000000002,216.3,812
2026-03-18T16:25:00+00:00,216.3,216.3,215.93,215.94000000000003,884
2026-03-18T16:30:00+00:00,215.94000000000003,216.02,215.47000000000003,215.56,967
2026-03-18T16:35:00+00:00,215.56,215.73000000000002,215.46,215.62,1194
2026-03-18T16:40:00+00:00,215.62,215.65,215.34,215.43,736
2026-03-18T16:45:00+00:00,215.43,215.61,215.3,215.59,796
2026-03-18T16:50:00+00:00,215.59,215.73000000000002,215.38000000000002,215.52,698
2026-03-18T16:55:00+00:00,215.52,215.68,215.37,215.37,689
2026-03-18T17:00:00+00:00,215.37,215.49,215.18,215.46,951
2026-03-18T17:05:00+00:00,215.46,215.58,215.18,215.25000000000003,819
2026-03-18T17:10:00+00:00,215.25000000000003,215.50000000000003,215.15,215.36,845
2026-03-18T17:15:00+00:00,215.36,215.54000000000002,215.23000000000002,215.45000000000002,821
2026-03-18T17:20:00+00:00,215.45000000000002,215.57000000000002,215.37,215.53,698
2026-03-18T17:25:00+00:00,215.53,215.53,215.27,215.34,620
2026-03-18T17:30:00+00:00,215.34,215.39000000000001,214.98000000000002,215.35000000000002,861
2026-03-18T17:35:00+00:00,215.35000000000002,215.60000000000002,215.23000000000002,215.33,768
2026-03-18T17:40:00+00:00,215.33,215.42000000000002,215.20000000000002,215.29000000000002,718
2026-03-18T17:45:00+00:00,215.29000000000002,215.78,215.27,215.62,924
2026-03-18T17:50:00+00:00,215.62,215.78,215.44000000000003,215.77,774
2026-03-18T17:55:00+00:00,215.77,215.85000000000002,215.52,215.68,692
2026-03-18T18:00:00+00:00,215.68,216.09,215.59,215.99,1663
2026-03-18T18:05:00+00:00,215.99,216.00000000000003,215.66000000000003,215.77,1246
2026-03-18T18:10:00+00:00,215.77,215.85000000000002,215.47000000000003,215.66000000000003,1066
2026-03-18T18:15:00+00:00,215.66000000000003,215.71,215.22000000000003,215.43,1478
2026-03-18T18:20:00+00:00,215.43,215.56,215.29000000000002,215.33,1038
2026-03-18T18:25:00+00:00,215.33,215.70000000000002,215.27,215.63000000000002,865
2026-03-18T18:30:00+00:00,215.63000000000002,215.71,215.09,215.18,1246
2026-03-18T18:35:00+00:00,215.18,215.79000000000002,215.09,215.28,1771
2026-03-18T18:40:00+00:00,215.28,215.67000000000002,215.12,215.52,1484
2026-03-18T18:45:00+00:00,215.52,215.58,215.19000000000003,215.25000000000003,1307
2026-03-18T18:50:00+00:00,215.25000000000003,215.3,214.59,214.67000000000002,1345
2026-03-18T18:55:00+00:00,214.67000000000002,214.81,214.29000000000002,214.34,1194
2026-03-18T19:00:00+00:00,214.34,214.65,214.10000000000002,214.64000000000001,1880
2026-03-18T19:05:00+00:00,214.64000000000001,214.72000000000003,214.29000000000002,214.52,1578
2026-03-18T19:10:00+00:00,214.52,214.61,214.4,214.47000000000003,1382
2026-03-18T19:15:00+00:00,214.47000000000003,214.52,214.28,214.28,1404
2026-03-18T19:20:00+00:00,214.28,214.36,213.84,214.27,1515
2026-03-18T19:25:00+00:00,214.27,214.39000000000001,214.21,214.29000000000002,1406
2026-03-18T19:30:00+00:00,214.29000000000002,214.51000000000002,214.11,214.4,1491
2026-03-18T19:35:00+00:00,214.4,214.44000000000003,213.97000000000003,214.10000000000002,1212
2026-03-18T19:40:00+00:00,214.10000000000002,214.15,213.47000000000003,213.54000000000002,1469
2026-03-18T19:45:00+00:00,213.54000000000002,213.66000000000003,213.33,213.56,1409
2026-03-18T19:50:00+00:00,213.56,214.00000000000003,213.56,213.94000000000003,1887
2026-03-18T19:55:00+00:00,213.94000000000003,214.59,213.81,214.31,1865
2026-03-19T13:30:00+00:00,214.31,214.31,210.73000000000002,211.3,1547
2026-03-19T13:35:00+00:00,211.3,211.53,210.57000000000002,211.47000000000003,1784
2026-03-19T13:40:00+00:00,211.47000000000003,212.75000000000003,211.39000000000001,212.42000000000002,2854
2026-03-19T13:45:00+00:00,212.42000000000002,212.83,211.61,212.81,2654
2026-03-19T13:50:00+00:00,212.81,213.58,212.73000000000002,213.31,2490
2026-03-19T13:55:00+00:00,213.31,213.39000000000001,212.57000000000002,212.77,2149
2026-03-19T14:00:00+00:00,212.77,213.17000000000002,212.14000000000001,212.22000000000003,2218
2026-03-19T14:05:00+00:00,212.22000000000003,212.58,211.71,211.77,2214
2026-03-19T14:10:00+00:00,211.77,212.46,211.67000000000002,212.12,2437
2026-03-19T14:15:00+00:00,212.12,212.28,211.63000000000002,211.76000000000002,2452
2026-03-19T14:20:00+00:00,211.76000000000002,211.84,211.13000000000002,211.26000000000002,1805
2026-03-19T14:25:00+00:00,211.26000000000002,211.51000000000002,211.14000000000001,211.41000000000003,1681
2026-03-19T14:30:00+00:00,211.41000000000003,212.09,211.34,212.04000000000002,1892
2026-03-19T14:35:00+00:00,212.04000000000002,212.33,211.65,211.74,2004
2026-03-19T14:40:00+00:00,211.74,212.22000000000003,211.71,211.82000000000002,1764
2026-03-19T14:45:00+00:00,211.82000000000002,211.97000000000003,211.62,211.9,1651
2026-03-19T14:50:00+00:00,211.9,212.10000000000002,211.63000000000002,211.92000000000002,1843
2026-03-19T14:55:00+00:00,211.92000000000002,212.39000000000001,211.72000000000003,212.11,1573
2026-03-19T15:00:00+00:00,212.11,212.66000000000003,212.03,212.62,1486
2026-03-19T15:05:00+00:00,212.62,213.20000000000002,212.57000000000002,212.95000000000002,1682
2026-03-19T15:10:00+00:00,212.95000000000002,213.32000000000002,212.85000000000002,213.17000000000002,1451
2026-03-19T15:15:00+00:00,213.17000000000002,213.27,212.4,212.44000000000003,1448
2026-03-19T15:20:00+00:00,212.44000000000003,212.52,212.07000000000002,212.14000000000001,1530
2026-03-19T15:25:00+00:00,212.14000000000001,212.21,211.87,211.92000000000002,1415
2026-03-19T15:30:00+00:00,211.92000000000002,212.12,211.64000000000001,211.64000000000001,1391
2026-03-19T15:35:00+00:00,211.64000000000001,211.8,211.49,211.76000000000002,1350
2026-03-19T15:40:00+00:00,211.76000000000002,211.86,211.53,211.58,1592
2026-03-19T15:45:00+00:00,211.58,211.72000000000003,211.45000000000002,211.63000000000002,1777
2026-03-19T15:50:00+00:00,211.63000000000002,211.76000000000002,211.50000000000003,211.55,1385
2026-03-19T15:55:00+00:00,211.55,212.05,211.54000000000002,212.03,1597
2026-03-19T16:00:00+00:00,212.03,212.45000000000002,211.82000000000002,212.10000000000002,1523
2026-03-19T16:05:00+00:00,212.10000000000002,212.33,211.96,212.13000000000002,1398
2026-03-19T16:10:00+00:00,212.13000000000002,212.19000000000003,211.74,211.85000000000002,1577
2026-03-19T16:15:00+00:00,211.85000000000002,211.96,211.44000000000003,211.44000000000003,1338
2026-03-19T16:20:00+00:00,211.44000000000003,211.72000000000003,211.4,211.60000000000002,1285
2026-03-19T16:25:00+00:00,211.60000000000002,211.88000000000002,211.52,211.74,1266
2026-03-19T16:30:00+00:00,211.74,211.93,211.34,211.42000000000002,1439
2026-03-19T16:35:00+00:00,211.42000000000002,211.77,211.13000000000002,211.73000000000002,1054
2026-03-19T16:40:00+00:00,211.73000000000002,211.98000000000002,211.64000000000001,211.96,1063
2026-03-19T16:45:00+00:00,211.96,212.05,211.82000000000002,211.9,1028
2026-03-19T16:50:00+00:00,211.9,211.95000000000002,211.42000000000002,211.59,1184
2026-03-19T16:55:00+00:00,211.59,211.88000000000002,211.55,211.76000000000002,1118
2026-03-19T17:00:00+00:00,211.76000000000002,211.9,211.28,211.28,1050
2026-03-19T17:05:00+00:00,211.28,211.50000000000003,211.19000000000003,211.27,1041
2026-03-19T17:10:00+00:00,211.27,211.44000000000003,211.19000000000003,211.31,852
2026-03-19T17:15:00+00:00,211.31,211.67000000000002,211.18,211.63000000000002,1075
2026-03-19T17:20:00+00:00,211.63000000000002,211.74,211.34,211.52,1038
2026-03-19T17:25:00+00:00,211.52,211.77,211.48000000000002,211.58,753
2026-03-19T17:30:00+00:00,211.58,211.79000000000002,211.49,211.55,875
2026-03-19T17:35:00+00:00,211.55,211.64000000000001,211.38000000000002,211.41000000000003,692
2026-03-19T17:40:00+00:00,211.41000000000003,211.75000000000003,211.34,211.67000000000002,852
2026-03-19T17:45:00+00:00,211.67000000000002,211.74,211.47000000000003,211.62,731
2026-03-19T17:50:00+00:00,211.62,212.08,211.60000000000002,211.95000000000002,923
2026-03-19T17:55:00+00:00,211.95000000000002,211.99,211.82000000000002,211.91000000000003,722
2026-03-19T18:00:00+00:00,211.91000000000003,211.97000000000003,211.76000000000002,211.82000000000002,995
2026-03-19T18:05:00+00:00,211.82000000000002,212.07000000000002,211.76000000000002,211.99,735
2026-03-19T18:10:00+00:00,211.99,212.44000000000003,211.97000000000003,212.24,970
2026-03-19T18:15:00+00:00,212.24,212.31,211.9,212.07000000000002,761
2026-03-19T18:20:00+00:00,212.07000000000002,212.14000000000001,211.92000000000002,211.96,749
2026-03-19T18:25:00+00:00,211.96,212.01000000000002,211.73000000000002,211.73000000000002,657
2026-03-19T18:30:00+00:00,211.73000000000002,211.78,211.58,211.77,666
2026-03-19T18:35:00+00:00,211.77,211.85000000000002,211.59,211.67000000000002,751
2026-03-19T18:40:00+00:00,211.67000000000002,211.72000000000003,211.31,211.34,552
2026-03-19T18:45:00+00:00,211.34,211.45000000000002,211.28,211.36,693
2026-03-19T18:50:00+00:00,211.36,211.62,211.27,211.58,604
2026-03-19T18:55:00+00:00,211.58,212.28,211.48000000000002,212.07000000000002,1071
2026-03-19T19:00:00+00:00,212.07000000000002,212.92000000000002,211.97000000000003,212.68,2529
2026-03-19T19:05:00+00:00,212.68,213.65,212.63000000000002,213.10000000000002,3199
2026-03-19T19:10:00+00:00,213.10000000000002,213.55,212.86,213.29000000000002,3187
2026-03-19T19:15:00+00:00,213.29000000000002,213.54000000000002,212.92000000000002,213.14000000000001,2964
2026-03-19T19:20:00+00:00,213.14000000000001,213.18,212.58,212.75000000000003,2449
2026-03-19T19:25:00+00:00,212.75000000000003,212.85000000000002,212.28,212.54000000000002,2320
2026-03-19T19:30:00+00:00,212.54000000000002,213.00000000000003,212.34,212.74,2307
2026-03-19T19:35:00+00:00,212.74,212.93,212.32000000000002,212.93,2090
2026-03-19T19:40:00+00:00,212.93,213.15,212.70000000000002,212.93,1929
2026-03-19T19:45:00+00:00,212.93,213.29000000000002,212.79000000000002,213.02,2015
2026-03-19T19:50:00+00:00,213.02,213.32000000000002,212.89000000000001,212.99,1891
2026-03-19T19:55:00+00:00,212.99,213.52,212.99,213.3,1628
2026-03-20T13:30:00+00:00,213.3,213.3,209.66000000000003,210.41000000000003,1644
2026-03-20T13:35:00+00:00,210.41000000000003,211.39000000000001,210.20000000000002,210.98000000000002,1701
2026-03-20T13:40:00+00:00,210.98000000000002,211.29000000000002,210.64000000000001,211.28,1705
2026-03-20T13:45:00+00:00,211.28,211.71,210.62,210.70000000000002,2430
2026-03-20T13:50:00+00:00,210.70000000000002,210.78,209.82000000000002,210.47000000000003,2025
2026-03-20T13:55:00+00:00,210.47000000000003,210.55,210.04000000000002,210.14000000000001,1941
2026-03-20T14:00:00+00:00,210.14000000000001,210.8,210.05,210.54000000000002,2046
2026-03-20T14:05:00+00:00,210.54000000000002,211.42000000000002,210.54000000000002,211.25000000000003,1996
2026-03-20T14:10:00+00:00,211.25000000000003,211.44000000000003,210.58,210.95000000000002,1885
2026-03-20T14:15:00+00:00,210.95000000000002,211.37,210.84,211.14000000000001,1858
2026-03-20T14:20:00+00:00,211.14000000000001,211.32000000000002,210.68,211.20000000000002,1823
2026-03-20T14:25:00+00:00,211.20000000000002,211.44000000000003,211.07000000000002,211.23000000000002,1593
2026-03-20T14:30:00+00:00,211.23000000000002,211.70000000000002,211.22000000000003,211.56,1493
2026-03-20T14:35:00+00:00,211.56,211.61,210.98000000000002,211.11,1541
2026-03-20T14:40:00+00:00,211.11,211.32000000000002,210.99,211.31,1281
2026-03-20T14:45:00+00:00,211.31,211.94000000000003,211.22000000000003,211.86,1515
2026-03-20T14:50:00+00:00,211.86,211.86,211.34,211.41000000000003,1496
2026-03-20T14:55:00+00:00,211.41000000000003,211.82000000000002,211.41000000000003,211.59,1604
2026-03-20T15:00:00+00:00,211.59,211.94000000000003,211.13000000000002,211.39000000000001,1875
2026-03-20T15:05:00+00:00,211.39000000000001,211.54000000000002,210.95000000000002,211.24,1685
2026-03-20T15:10:00+00:00,211.24,211.76000000000002,211.12,211.65,1769
2026-03-20T15:15:00+00:00,211.65,211.70000000000002,211.04000000000002,211.06,1439
2026-03-20T15:20:00+00:00,211.06,211.4,210.62,210.81,1583
2026-03-20T15:25:00+00:00,210.81,210.96,210.70000000000002,210.76000000000002,2146
2026-03-20T15:30:00+00:00,210.76000000000002,210.93,210.67000000000002,210.8,1657
2026-03-20T15:35:00+00:00,210.8,211.04000000000002,210.42000000000002,210.8,1604
2026-03-20T15:40:00+00:00,210.8,211.25000000000003,210.69000000000003,211.19000000000003,1332
2026-03-20T15:45:00+00:00,211.19000000000003,211.57000000000002,211.07000000000002,211.46,1209
2026-03-20T15:50:00+00:00,211.46,211.76000000000002,211.3,211.59,1086
2026-03-20T15:55:00+00:00,211.59,211.66000000000003,211.31,211.58,957
2026-03-20T16:00:00+00:00,211.58,212.04000000000002,211.53,211.93,941
2026-03-20T16:05:00+00:00,211.93,212.06,211.66000000000003,211.98000000000002,968
2026-03-20T16:10:00+00:00,211.98000000000002,212.03,211.77,211.87,925
2026-03-20T16:15:00+00:00,211.87,211.94000000000003,211.70000000000002,211.93,933
2026-03-20T16:20:00+00:00,211.93,211.93,211.56,211.58,910
2026-03-20T16:25:00+00:00,211.58,211.69000000000003,211.33,211.34,987
2026-03-20T16:30:00+00:00,211.34,211.36,210.92000000000002,211.17000000000002,1038
2026-03-20T16:35:00+00:00,211.17000000000002,211.29000000000002,210.98000000000002,211.10000000000002,875
2026-03-20T16:40:00+00:00,211.10000000000002,211.22000000000003,210.94000000000003,211.19000000000003,959
2026-03-20T16:45:00+00:00,211.19000000000003,211.28,211.01000000000002,211.15,727
2026-03-20T16:50:00+00:00,211.15,211.32000000000002,211.03,211.27,855
2026-03-20T16:55:00+00:00,211.27,211.57000000000002,211.24,211.37,768
2026-03-20T17:00:00+00:00,211.37,211.74,211.31,211.50000000000003,1151
2026-03-20T17:05:00+00:00,211.50000000000003,211.57000000000002,210.92000000000002,211.17000000000002,1675
2026-03-20T17:10:00+00:00,211.17000000000002,211.34,211.05,211.19000000000003,1114
2026-03-20T17:15:00+00:00,211.19000000000003,211.3,210.89000000000001,210.93,908
2026-03-20T17:20:00+00:00,210.93,211.34,210.89000000000001,211.07000000000002,915
2026-03-20T17:25:00+00:00,211.07000000000002,211.23000000000002,210.94000000000003,211.18,978
2026-03-20T17:30:00+00:00,211.18,211.24,210.67000000000002,210.70000000000002,1023
2026-03-20T17:35:00+00:00,210.70000000000002,210.77,210.17000000000002,210.48000000000002,1014
2026-03-20T17:40:00+00:00,210.48000000000002,210.66000000000003,210.27,210.3,776
2026-03-20T17:45:00+00:00,210.3,210.58,210.24,210.44000000000003,844
2026-03-20T17:50:00+00:00,210.44000000000003,210.87,210.36,210.81,828
2026-03-20T17:55:00+00:00,210.81,211.27,210.77,211.21,742
2026-03-20T18:00:00+00:00,211.21,211.34,211.07000000000002,211.16000000000003,879
2026-03-20T18:05:00+00:00,211.16000000000003,211.31,211.01000000000002,211.27,959
2026-03-20T18:10:00+00:00,211.27,211.32000000000002,211.03,211.11,747
2026-03-20T18:15:00+00:00,211.11,211.18,210.81,210.96,945
2026-03-20T18:20:00+00:00,210.96,211.08,210.60000000000002,210.75000000000003,1680
2026-03-20T18:25:00+00:00,210.75000000000003,210.99,210.58,210.66000000000003,1374
2026-03-20T18:30:00+00:00,210.66000000000003,210.81,210.47000000000003,210.65,973
2026-03-20T18:35:00+00:00,210.65,210.76000000000002,210.22000000000003,210.22000000000003,1087
2026-03-20T18:40:00+00:00,210.22000000000003,210.53,210.14000000000001,210.25000000000003,1129
2026-03-20T18:45:00+00:00,210.25000000000003,210.31,210.01000000000002,210.14000000000001,968
2026-03-20T18:50:00+00:00,210.14000000000001,210.20000000000002,209.88000000000002,210.04000000000002,1169
2026-03-20T18:55:00+00:00,210.04000000000002,210.17000000000002,209.93,210.02,950
2026-03-20T19:00:00+00:00,210.02,210.44000000000003,209.96,210.15,1697
2026-03-20T19:05:00+00:00,210.15,210.27,210.02,210.16000000000003,1165
2026-03-20T19:10:00+00:00,210.16000000000003,210.33,210.10000000000002,210.25000000000003,1177
2026-03-20T19:15:00+00:00,210.25000000000003,210.53,210.20000000000002,210.51000000000002,1309
2026-03-20T19:20:00+00:00,210.51000000000002,210.51000000000002,209.89000000000001,209.9,1487
2026-03-20T19:25:00+00:00,209.9,210.41000000000003,209.89000000000001,210.33,1396
2026-03-20T19:30:00+00:00,210.33,210.38000000000002,209.71,209.73000000000002,1265
2026-03-20T19:35:00+00:00,209.73000000000002,209.8,208.82000000000002,209.02,1717
2026-03-20T19:40:00+00:00,209.02,209.69000000000003,208.95000000000002,209.61,1845
2026-03-20T19:45:00+00:00,209.61,209.61,209.28,209.38000000000002,2001
2026-03-20T19:50:00+00:00,209.38000000000002,210.15,209.38000000000002,209.89000000000001,2026
2026-03-20T19:55:00+00:00,209.89000000000001,210.01000000000002,209.53,209.85000000000002,1594
2026-03-23T13:30:00+00:00,209.85000000000002,215.48000000000002,209.85000000000002,214.99,2305
2026-03-23T13:35:00+00:00,214.99,216.20000000000002,214.81,216.16000000000003,3424
2026-03-23T13:40:00+00:00,216.16000000000003,216.32000000000002,215.19000000000003,215.4,3783
2026-03-23T13:45:00+00:00,215.4,216.24,215.04000000000002,216.24,3838
2026-03-23T13:50:00+00:00,216.24,216.85000000000002,215.69000000000003,216.64000000000001,3498
2026-03-23T13:55:00+00:00,216.64000000000001,217.13000000000002,216.35000000000002,217.10000000000002,3252
2026-03-23T14:00:00+00:00,217.10000000000002,217.18,216.4,216.47000000000003,3375
2026-03-23T14:05:00+00:00,216.47000000000003,216.64000000000001,215.97000000000003,216.4,3374
2026-03-23T14:10:00+00:00,216.4,216.9,216.28,216.77,2880
2026-03-23T14:15:00+00:00,216.77,217.24,216.74,216.89000000000001,2616
2026-03-23T14:20:00+00:00,216.89000000000001,217.29000000000002,216.60000000000002,217.14000000000001,2437
2026-03-23T14:25:00+00:00,217.14000000000001,217.32000000000002,216.44000000000003,216.62,2714
2026-03-23T14:30:00+00:00,216.62,216.91000000000003,216.32000000000002,216.51000000000002,2027
2026-03-23T14:35:00+00:00,216.51000000000002,216.55,215.87,216.15,2194
2026-03-23T14:40:00+00:00,216.15,216.26000000000002,215.88000000000002,215.94000000000003,2044
2026-03-23T14:45:00+00:00,215.94000000000003,216.76000000000002,215.89000000000001,216.70000000000002,2252
2026-03-23T14:50:00+00:00,216.70000000000002,216.71,216.18,216.21,2275
2026-03-23T14:55:00+00:00,216.21,216.50000000000003,216.07000000000002,216.27,1821
2026-03-23T15:00:00+00:00,216.27,217.19000000000003,216.11,217.14000000000001,1902
2026-03-23T15:05:00+00:00,217.14000000000001,217.22000000000003,216.87,217.04000000000002,1820
2026-03-23T15:10:00+00:00,217.04000000000002,217.18,216.83,216.93,1700
2026-03-23T15:15:00+00:00,216.93,217.04000000000002,216.63000000000002,216.71,1669
2026-03-23T15:20:00+00:00,216.71,217.17000000000002,216.59,217.00000000000003,1752
2026-03-23T15:25:00+00:00,217.00000000000003,217.07000000000002,216.42000000000002,216.54000000000002,1650
2026-03-23T15:30:00+00:00,216.54000000000002,216.79000000000002,216.44000000000003,216.64000000000001,1753
2026-03-23T15:35:00+00:00,216.64000000000001,216.65,216.15,216.31,1884
2026-03-23T15:40:00+00:00,216.31,216.45000000000002,216.04000000000002,216.19000000000003,1893
2026-03-23T15:45:00+00:00,216.19000000000003,216.23000000000002,215.65,215.83,2042
2026-03-23T15:50:00+00:00,215.83,215.95000000000002,215.16000000000003,215.31,2620
2026-03-23T15:55:00+00:00,215.31,215.34,214.92000000000002,215.08,2762
2026-03-23T16:00:00+00:00,215.08,215.81,215.05,215.63000000000002,2716
2026-03-23T16:05:00+00:00,215.63000000000002,216.13000000000002,215.49,216.02,2363
2026-03-23T16:10:00+00:00,216.02,216.3,215.79000000000002,215.93,2242
2026-03-23T16:15:00+00:00,215.93,216.06,215.29000000000002,215.61,1946
2026-03-23T16:20:00+00:00,215.61,215.76000000000002,215.23000000000002,215.4,2180
2026-03-23T16:25:00+00:00,215.4,215.43,214.70000000000002,214.81,2229
2026-03-23T16:30:00+00:00,214.81,215.55,214.78,215.53,2400
2026-03-23T16:35:00+00:00,215.53,215.81,215.3,215.35000000000002,2196
2026-03-23T16:40:00+00:00,215.35000000000002,215.72000000000003,215.35000000000002,215.64000000000001,1776
2026-03-23T16:45:00+00:00,215.64000000000001,215.94000000000003,215.53,215.79000000000002,2079
2026-03-23T16:50:00+00:00,215.79000000000002,215.96,215.47000000000003,215.64000000000001,2004
2026-03-23T16:55:00+00:00,215.64000000000001,215.70000000000002,215.27,215.46,1673
2026-03-23T17:00:00+00:00,215.46,215.69000000000003,215.22000000000003,215.28,1905
2026-03-23T17:05:00+00:00,215.28,215.47000000000003,215.15,215.41000000000003,1688
2026-03-23T17:10:00+00:00,215.41000000000003,215.72000000000003,215.27,215.47000000000003,1437
2026-03-23T17:15:00+00:00,215.47000000000003,215.50000000000003,214.96,215.24,1527
2026-03-23T17:20:00+00:00,215.24,215.26000000000002,214.9,214.9,1451
2026-03-23T17:25:00+00:00,214.9,215.29000000000002,214.87,215.03,1433
2026-03-23T17:30:00+00:00,215.03,215.69000000000003,215.02,215.58,1479
2026-03-23T17:35:00+00:00,215.58,216.04000000000002,215.52,215.62,1952
2026-03-23T17:40:00+00:00,215.62,215.66000000000003,215.22000000000003,215.37,1677
2026-03-23T17:45:00+00:00,215.37,215.44000000000003,215.19000000000003,215.39000000000001,1314
2026-03-23T17:50:00+00:00,215.39000000000001,215.68,215.31,215.65,1310
2026-03-23T17:55:00+00:00,215.65,215.88000000000002,215.54000000000002,215.75000000000003,1110
2026-03-23T18:00:00+00:00,215.75000000000003,215.83,215.57000000000002,215.64000000000001,1044
2026-03-23T18:05:00+00:00,215.64000000000001,215.79000000000002,215.19000000000003,215.54000000000002,1751
2026-03-23T18:10:00+00:00,215.54000000000002,215.85000000000002,215.4,215.44000000000003,1535
2026-03-23T18:15:00+00:00,215.44000000000003,215.52,215.11,215.21,1539
2026-03-23T18:20:00+00:00,215.21,215.28,215.07000000000002,215.22000000000003,1176
2026-03-23T18:25:00+00:00,215.22000000000003,215.32000000000002,215.13000000000002,215.22000000000003,1360
2026-03-23T18:30:00+00:00,215.22000000000003,215.58,215.10000000000002,215.49,1183
2026-03-23T18:35:00+00:00,215.49,215.93,215.48000000000002,215.75000000000003,1821
2026-03-23T18:40:00+00:00,215.75000000000003,215.78,215.34,215.50000000000003,1328
2026-03-23T18:45:00+00:00,215.50000000000003,215.78,215.39000000000001,215.70000000000002,1027
2026-03-23T18:50:00+00:00,215.70000000000002,215.76000000000002,215.55,215.69000000000003,899
2026-03-23T18:55:00+00:00,215.69000000000003,215.82000000000002,215.54000000000002,215.67000000000002,880
2026-03-23T19:00:00+00:00,215.67000000000002,215.70000000000002,215.41000000000003,215.49,1851
2026-03-23T19:05:00+00:00,215.49,215.54000000000002,215.31,215.43,1583
2026-03-23T19:10:00+00:00,215.43,215.50000000000003,215.19000000000003,215.28,1328
2026-03-23T19:15:00+00:00,215.28,215.37,215.09,215.25000000000003,1774
2026-03-23T19:20:00+00:00,215.25000000000003,215.39000000000001,215.14000000000001,215.31,1723
2026-03-23T19:25:00+00:00,215.31,215.38000000000002,215.14000000000001,215.18,1879
2026-03-23T19:30:00+00:00,215.18,215.49,215.13000000000002,215.29000000000002,1534
2026-03-23T19:35:00+00:00,215.29000000000002,215.53,215.17000000000002,215.50000000000003,1404
2026-03-23T19:40:00+00:00,215.50000000000003,215.64000000000001,215.37,215.59,1330
2026-03-23T19:45:00+00:00,215.59,215.81,215.56,215.66000000000003,1795
2026-03-23T19:50:00+00:00,215.66000000000003,215.66000000000003,214.86,214.9,1900
2026-03-23T19:55:00+00:00,214.9,215.05,214.53,214.66000000000003,2076
2026-03-24T13:30:00+00:00,214.66000000000003,214.66000000000003,212.03,212.50000000000003,2058
2026-03-24T13:35:00+00:00,212.50000000000003,212.56,211.53,211.59,2491
2026-03-24T13:40:00+00:00,211.59,211.78,211.18,211.48000000000002,2497
2026-03-24T13:45:00+00:00,211.48000000000002,211.93,211.16000000000003,211.25000000000003,2800
2026-03-24T13:50:00+00:00,211.25000000000003,212.34,211.17000000000002,212.10000000000002,3132
2026-03-24T13:55:00+00:00,212.10000000000002,212.37,212.02,212.22000000000003,3050
2026-03-24T14:00:00+00:00,212.22000000000003,212.70000000000002,211.96,212.20000000000002,2971
2026-03-24T14:05:00+00:00,212.20000000000002,212.42000000000002,211.87,212.3,2920
2026-03-24T14:10:00+00:00,212.3,212.38000000000002,211.64000000000001,212.06,3066
2026-03-24T14:15:00+00:00,212.06,212.45000000000002,211.77,212.39000000000001,3040
2026-03-24T14:20:00+00:00,212.39000000000001,212.52,212.02,212.06,2890
2026-03-24T14:25:00+00:00,212.06,212.62,211.95000000000002,212.23000000000002,2694
2026-03-24T14:30:00+00:00,212.23000000000002,212.64000000000001,212.22000000000003,212.54000000000002,1983
2026-03-24T14:35:00+00:00,212.54000000000002,212.64000000000001,212.24,212.37,1901
2026-03-24T14:40:00+00:00,212.37,212.75000000000003,212.25000000000003,212.72000000000003,1762
2026-03-24T14:45:00+00:00,212.72000000000003,213.00000000000003,212.39000000000001,212.44000000000003,2077
2026-03-24T14:50:00+00:00,212.44000000000003,213.65,212.31,212.8,3334
2026-03-24T14:55:00+00:00,212.8,212.97000000000003,211.92000000000002,212.43,3069
2026-03-24T15:00:00+00:00,212.43,213.11,212.26000000000002,212.31,2781
2026-03-24T15:05:00+00:00,212.31,212.48000000000002,212.02,212.4,2062
2026-03-24T15:10:00+00:00,212.4,212.50000000000003,212.14000000000001,212.43,1762
2026-03-24T15:15:00+00:00,212.43,212.97000000000003,212.41000000000003,212.65,1674
2026-03-24T15:20:00+00:00,212.65,213.16000000000003,212.51000000000002,212.89000000000001,1899
2026-03-24T15:25:00+00:00,212.89000000000001,213.06,212.33,212.39000000000001,1294
2026-03-24T15:30:00+00:00,212.39000000000001,212.53,212.16000000000003,212.41000000000003,1612
2026-03-24T15:35:00+00:00,212.41000000000003,212.70000000000002,212.29000000000002,212.66000000000003,1270
2026-03-24T15:40:00+00:00,212.66000000000003,213.01000000000002,212.59,212.94000000000003,1230
2026-03-24T15:45:00+00:00,212.94000000000003,213.3,212.86,213.19000000000003,1288
2026-03-24T15:50:00+00:00,213.19000000000003,213.55,213.19000000000003,213.45000000000002,1088
2026-03-24T15:55:00+00:00,213.45000000000002,213.46,212.85000000000002,212.85000000000002,1792
2026-03-24T16:00:00+00:00,212.85000000000002,212.94000000000003,212.62,212.66000000000003,1691
2026-03-24T16:05:00+00:00,212.66000000000003,212.72000000000003,212.3,212.68,1479
2026-03-24T16:10:00+00:00,212.68,212.70000000000002,212.32000000000002,212.45000000000002,1469
2026-03-24T16:15:00+00:00,212.45000000000002,212.9,212.44000000000003,212.9,1194
2026-03-24T16:20:00+00:00,212.9,213.00000000000003,212.73000000000002,212.94000000000003,1125
2026-03-24T16:25:00+00:00,212.94000000000003,213.04000000000002,212.72000000000003,212.99,1131
2026-03-24T16:30:00+00:00,212.99,213.01000000000002,212.59,212.61,1001
2026-03-24T16:35:00+00:00,212.61,212.63000000000002,211.93,211.94000000000003,1418
2026-03-24T16:40:00+00:00,211.94000000000003,212.32000000000002,211.85000000000002,212.28,1488
2026-03-24T16:45:00+00:00,212.28,212.58,212.27,212.37,1372
2026-03-24T16:50:00+00:00,212.37,212.63000000000002,212.31,212.41000000000003,966
2026-03-24T16:55:00+00:00,212.41000000000003,212.49,212.15,212.34,1284
2026-03-24T17:00:00+00:00,212.34,212.49,211.83,211.84,1416
2026-03-24T17:05:00+00:00,211.84,211.87,211.49,211.51000000000002,2718
2026-03-24T17:10:00+00:00,211.51000000000002,211.63000000000002,211.27,211.49,1771
2026-03-24T17:15:00+00:00,211.49,211.60000000000002,211.33,211.43,1586
2026-03-24T17:20:00+00:00,211.43,211.69000000000003,211.35000000000002,211.55,1559
2026-03-24T17:25:00+00:00,211.55,211.76000000000002,211.45000000000002,211.69000000000003,1254
2026-03-24T17:30:00+00:00,211.69000000000003,211.89000000000001,211.52,211.55,1408
2026-03-24T17:35:00+00:00,211.55,211.96,211.54000000000002,211.9,1144
2026-03-24T17:40:00+00:00,211.9,212.09,211.64000000000001,211.70000000000002,1115
2026-03-24T17:45:00+00:00,211.70000000000002,211.91000000000003,211.59,211.77,1058
2026-03-24T17:50:00+00:00,211.77,212.12,211.63000000000002,211.9,1431
2026-03-24T17:55:00+00:00,211.9,212.35000000000002,211.77,211.99,2812
2026-03-24T18:00:00+00:00,211.99,212.36,211.95000000000002,212.19000000000003,2043
2026-03-24T18:05:00+00:00,212.19000000000003,212.27,211.99,212.02,1515
2026-03-24T18:10:00+00:00,212.02,212.08,211.82000000000002,211.92000000000002,1134
2026-03-24T18:15:00+00:00,211.92000000000002,212.11,211.78,212.06,1469
2026-03-24T18:20:00+00:00,212.06,212.26000000000002,211.95000000000002,212.26000000000002,1403
2026-03-24T18:25:00+00:00,212.26000000000002,212.35000000000002,211.86,212.04000000000002,1199
2026-03-24T18:30:00+00:00,212.04000000000002,212.51000000000002,211.93,212.33,1399
2026-03-24T18:35:00+00:00,212.33,212.86,212.3,212.76000000000002,1383
2026-03-24T18:40:00+00:00,212.76000000000002,212.81,212.04000000000002,212.36,1810
2026-03-24T18:45:00+00:00,212.36,212.44000000000003,212.10000000000002,212.17000000000002,1041
2026-03-24T18:50:00+00:00,212.17000000000002,212.47000000000003,212.10000000000002,212.26000000000002,889
2026-03-24T18:55:00+00:00,212.26000000000002,212.28,211.92000000000002,212.07000000000002,935
2026-03-24T19:00:00+00:00,212.07000000000002,212.39000000000001,212.02,212.25000000000003,1911
2026-03-24T19:05:00+00:00,212.25000000000003,212.29000000000002,212.04000000000002,212.25000000000003,1528
2026-03-24T19:10:00+00:00,212.25000000000003,212.26000000000002,212.04000000000002,212.25000000000003,1224
2026-03-24T19:15:00+00:00,212.25000000000003,212.45000000000002,212.18,212.33,1623
2026-03-24T19:20:00+00:00,212.33,212.41000000000003,212.03,212.19000000000003,1567
2026-03-24T19:25:00+00:00,212.19000000000003,212.24,211.97000000000003,212.02,1344
2026-03-24T19:30:00+00:00,212.02,212.10000000000002,211.72000000000003,211.75000000000003,1586
2026-03-24T19:35:00+00:00,211.75000000000003,211.79000000000002,211.52,211.70000000000002,1410
2026-03-24T19:40:00+00:00,211.70000000000002,211.9,211.69000000000003,211.75000000000003,1621
2026-03-24T19:45:00+00:00,211.75000000000003,211.81,211.64000000000001,211.76000000000002,1465
2026-03-24T19:50:00+00:00,211.76000000000002,211.83,211.23000000000002,211.37,1368
2026-03-24T19:55:00+00:00,211.37,211.88000000000002,211.35000000000002,211.77,1559
2026-03-25T13:30:00+00:00,211.77,217.51000000000002,211.77,216.83,2133
2026-03-25T13:35:00+00:00,216.83,217.52,216.45000000000002,216.89000000000001,2445
2026-03-25T13:40:00+00:00,216.89000000000001,216.98000000000002,216.04000000000002,216.42000000000002,2735
2026-03-25T13:45:00+00:00,216.42000000000002,216.92000000000002,216.41000000000003,216.52,3040
2026-03-25T13:50:00+00:00,216.52,216.86,216.23000000000002,216.62,3170
2026-03-25T13:55:00+00:00,216.62,217.10000000000002,216.58,216.88000000000002,3236
2026-03-25T14:00:00+00:00,216.88000000000002,216.96,216.14000000000001,216.54000000000002,3368
2026-03-25T14:05:00+00:00,216.54000000000002,216.64000000000001,215.89000000000001,216.02,3069
2026-03-25T14:10:00+00:00,216.02,216.14000000000001,215.61,216.01000000000002,2566
2026-03-25T14:15:00+00:00,216.01000000000002,216.37,215.93,216.36,2291
2026-03-25T14:20:00+00:00,216.36,217.15,216.35000000000002,216.56,2345
2026-03-25T14:25:00+00:00,216.56,217.07000000000002,216.25000000000003,216.33,3060
2026-03-25T14:30:00+00:00,216.33,216.79000000000002,216.06,216.77,2005
2026-03-25T14:35:00+00:00,216.77,216.89000000000001,216.31,216.49,1892
2026-03-25T14:40:00+00:00,216.49,216.93,216.35000000000002,216.39000000000001,1808
2026-03-25T14:45:00+00:00,216.39000000000001,216.91000000000003,216.37,216.75000000000003,1785
2026-03-25T14:50:00+00:00,216.75000000000003,216.89000000000001,216.57000000000002,216.62,1616
2026-03-25T14:55:00+00:00,216.62,216.99,216.59,216.60000000000002,1749
2026-03-25T15:00:00+00:00,216.60000000000002,216.74,216.37,216.41000000000003,1738
2026-03-25T15:05:00+00:00,216.41000000000003,216.44000000000003,215.42000000000002,215.44000000000003,1767
2026-03-25T15:10:00+00:00,215.44000000000003,215.59,214.95000000000002,215.02,1893
2026-03-25T15:15:00+00:00,215.02,215.21,214.4,214.77,2958
2026-03-25T15:20:00+00:00,214.77,215.69000000000003,214.73000000000002,215.68,2299
2026-03-25T15:25:00+00:00,215.68,215.73000000000002,215.4,215.68,2017
2026-03-25T15:30:00+00:00,215.68,215.9,215.58,215.77,1729
2026-03-25T15:35:00+00:00,215.77,215.88000000000002,215.54000000000002,215.60000000000002,1775
2026-03-25T15:40:00+00:00,215.60000000000002,215.76000000000002,215.24,215.47000000000003,1527
2026-03-25T15:45:00+00:00,215.47000000000003,215.61,215.32000000000002,215.52,1620
2026-03-25T15:50:00+00:00,215.52,215.58,215.19000000000003,215.24,1542
2026-03-25T15:55:00+00:00,215.24,215.66000000000003,215.04000000000002,215.47000000000003,1827
2026-03-25T16:00:00+00:00,215.47000000000003,215.58,215.32000000000002,215.35000000000002,1805
2026-03-25T16:05:00+00:00,215.35000000000002,215.63000000000002,215.20000000000002,215.58,1594
2026-03-25T16:10:00+00:00,215.58,215.68,215.3,215.57000000000002,1550
2026-03-25T16:15:00+00:00,215.57000000000002,215.66000000000003,215.4,215.63000000000002,1496
2026-03-25T16:20:00+00:00,215.63000000000002,216.28,215.58,216.28,1670
2026-03-25T16:25:00+00:00,216.28,216.58,216.25000000000003,216.4,2265
2026-03-25T16:30:00+00:00,216.4,216.78,216.25000000000003,216.69000000000003,1641
2026-03-25T16:35:00+00:00,216.69000000000003,216.89000000000001,216.61,216.86,1224
2026-03-25T16:40:00+00:00,216.86,216.9,216.73000000000002,216.83,1219
2026-03-25T16:45:00+00:00,216.83,216.91000000000003,216.65,216.74,1120
2026-03-25T16:50:00+00:00,216.74,216.82000000000002,216.49,216.79000000000002,1225
2026-03-25T16:55:00+00:00,216.79000000000002,216.85000000000002,216.42000000000002,216.62,1082
2026-03-25T17:00:00+00:00,216.62,216.9,216.42000000000002,216.86,1320
2026-03-25T17:05:00+00:00,216.86,216.89000000000001,216.56,216.58,1448
2026-03-25T17:10:00+00:00,216.58,216.89000000000001,216.56,216.82000000000002,1245
2026-03-25T17:15:00+00:00,216.82000000000002,216.82000000000002,216.33,216.64000000000001,1318
2026-03-25T17:20:00+00:00,216.64000000000001,217.00000000000003,216.55,216.86,1117
2026-03-25T17:25:00+00:00,216.86,217.23000000000002,216.83,217.07000000000002,1018
2026-03-25T17:30:00+00:00,217.07000000000002,217.09,216.81,217.06,974
2026-03-25T17:35:00+00:00,217.06,217.27,216.98000000000002,217.23000000000002,932
2026-03-25T17:40:00+00:00,217.23000000000002,217.42000000000002,217.07000000000002,217.34,1228
2026-03-25T17:45:00+00:00,217.34,217.34,216.77,216.9,1259
2026-03-25T17:50:00+00:00,216.9,217.05,216.60000000000002,216.68,1461
2026-03-25T17:55:00+00:00,216.68,217.02,216.62,216.72000000000003,1417
2026-03-25T18:00:00+00:00,216.72000000000003,216.8,216.01000000000002,216.42000000000002,1380
2026-03-25T18:05:00+00:00,216.42000000000002,216.64000000000001,215.82000000000002,216.15,1262
2026-03-25T18:10:00+00:00,216.15,216.31,216.06,216.17000000000002,972
2026-03-25T18:15:00+00:00,216.17000000000002,216.45000000000002,216.13000000000002,216.21,1099
2026-03-25T18:20:00+00:00,216.21,216.49,216.19000000000003,216.43,864
2026-03-25T18:25:00+00:00,216.43,216.45000000000002,216.12,216.18,987
2026-03-25T18:30:00+00:00,216.18,216.34,216.15,216.24,878
2026-03-25T18:35:00+00:00,216.24,216.29000000000002,216.10000000000002,216.23000000000002,834
2026-03-25T18:40:00+00:00,216.23000000000002,216.3,216.07000000000002,216.23000000000002,783
2026-03-25T18:45:00+00:00,216.23000000000002,216.35000000000002,216.14000000000001,216.17000000000002,707
2026-03-25T18:50:00+00:00,216.17000000000002,216.26000000000002,216.12,216.23000000000002,632
2026-03-25T18:55:00+00:00,216.23000000000002,216.26000000000002,215.60000000000002,215.83,1915
2026-03-25T19:00:00+00:00,215.83,215.86,215.43,215.76000000000002,2298
2026-03-25T19:05:00+00:00,215.76000000000002,215.87,215.67000000000002,215.8,1890
2026-03-25T19:10:00+00:00,215.8,215.84,215.65,215.81,1708
2026-03-25T19:15:00+00:00,215.81,216.05,215.75000000000003,215.99,1756
2026-03-25T19:20:00+00:00,215.99,216.13000000000002,215.92000000000002,215.99,1511
2026-03-25T19:25:00+00:00,215.99,216.07000000000002,215.83,215.99,1669
2026-03-25T19:30:00+00:00,215.99,216.01000000000002,215.8,215.8,1519
2026-03-25T19:35:00+00:00,215.8,215.87,215.59,215.81,1483
2026-03-25T19:40:00+00:00,215.81,216.07000000000002,215.77,215.85000000000002,1597
2026-03-25T19:45:00+00:00,215.85000000000002,215.86,215.56,215.70000000000002,1503
2026-03-25T19:50:00+00:00,215.70000000000002,216.09,215.59,215.66000000000003,1678
2026-03-25T19:55:00+00:00,215.66000000000003,216.36,215.64000000000001,216.22000000000003,1438
2026-03-26T13:30:00+00:00,216.22000000000003,216.22000000000003,212.76000000000002,213.08,1003
2026-03-26T13:35:00+00:00,213.08,213.34,212.3,212.33,1480
2026-03-26T13:40:00+00:00,212.33,213.4,212.3,213.4,1879
2026-03-26T13:45:00+00:00,213.4,213.95000000000002,213.26000000000002,213.74,1791
2026-03-26T13:50:00+00:00,213.74,214.71,213.53,214.65,2098
2026-03-26T13:55:00+00:00,214.65,215.25000000000003,214.32000000000002,215.20000000000002,2278
2026-03-26T14:00:00+00:00,215.20000000000002,215.61,214.79000000000002,215.41000000000003,2311
2026-03-26T14:05:00+00:00,215.41000000000003,215.98000000000002,215.11,215.62,1963
2026-03-26T14:10:00+00:00,215.62,216.25000000000003,215.4,216.20000000000002,1689
2026-03-26T14:15:00+00:00,216.20000000000002,216.25000000000003,215.96,215.99,1574
2026-03-26T14:20:00+00:00,215.99,216.77,215.91000000000003,216.57000000000002,1595
2026-03-26T14:25:00+00:00,216.57000000000002,217.03,216.47000000000003,216.52,1539
2026-03-26T14:30:00+00:00,216.52,216.74,216.22000000000003,216.72000000000003,1739
2026-03-26T14:35:00+00:00,216.72000000000003,216.99,216.44000000000003,216.81,1660
2026-03-26T14:40:00+00:00,216.81,217.4,216.12,216.34,2463
2026-03-26T14:45:00+00:00,216.34,217.15,216.29000000000002,216.79000000000002,2398
2026-03-26T14:50:00+00:00,216.79000000000002,216.92000000000002,216.14000000000001,216.26000000000002,2106
2026-03-26T14:55:00+00:00,216.26000000000002,216.96,215.93,216.8,2007
2026-03-26T15:00:00+00:00,216.8,217.38000000000002,216.71,217.01000000000002,1733
2026-03-26T15:05:00+00:00,217.01000000000002,217.27,216.83,216.9,1832
2026-03-26T15:10:00+00:00,216.9,217.13000000000002,216.65,216.84,1542
2026-03-26T15:15:00+00:00,216.84,216.89000000000001,216.12,216.27,1526
2026-03-26T15:20:00+00:00,216.27,216.59,216.25000000000003,216.43,1386
2026-03-26T15:25:00+00:00,216.43,216.83,216.19000000000003,216.47000000000003,1305
2026-03-26T15:30:00+00:00,216.47000000000003,216.50000000000003,215.83,215.86,1212
2026-03-26T15:35:00+00:00,215.86,216.60000000000002,215.85000000000002,216.56,1298
2026-03-26T15:40:00+00:00,216.56,216.78,216.51000000000002,216.73000000000002,1053
2026-03-26T15:45:00+00:00,216.73000000000002,216.88000000000002,216.42000000000002,216.42000000000002,1634
2026-03-26T15:50:00+00:00,216.42000000000002,216.96,216.35000000000002,216.78,1241
2026-03-26T15:55:00+00:00,216.78,216.84,216.16000000000003,216.16000000000003,1225
2026-03-26T16:00:00+00:00,216.16000000000003,216.18,215.65,215.69000000000003,1006
2026-03-26T16:05:00+00:00,215.69000000000003,215.83,215.33,215.45000000000002,1043
2026-03-26T16:10:00+00:00,215.45000000000002,215.58,215.13000000000002,215.54000000000002,1060
2026-03-26T16:15:00+00:00,215.54000000000002,215.57000000000002,214.85000000000002,215.27,1280
2026-03-26T16:20:00+00:00,215.27,215.34,214.99,215.21,1181
2026-03-26T16:25:00+00:00,215.21,215.36,214.77,214.95000000000002,1096
2026-03-26T16:30:00+00:00,214.95000000000002,215.03,214.58,214.93,1147
2026-03-26T16:35:00+00:00,214.93,215.04000000000002,214.65,214.68,998
2026-03-26T16:40:00+00:00,214.68,214.85000000000002,214.58,214.78,929
2026-03-26T16:45:00+00:00,214.78,214.96,214.66000000000003,214.67000000000002,1012
2026-03-26T16:50:00+00:00,214.67000000000002,214.84,214.56,214.58,907
2026-03-26T16:55:00+00:00,214.58,214.79000000000002,214.46,214.76000000000002,873
2026-03-26T17:00:00+00:00,214.76000000000002,214.9,214.24,214.35000000000002,1162
2026-03-26T17:05:00+00:00,214.35000000000002,214.46,214.21,214.32000000000002,878
2026-03-26T17:10:00+00:00,214.32000000000002,214.35000000000002,213.77,213.78,833
2026-03-26T17:15:00+00:00,213.78,214.09,213.78,214.09,866
2026-03-26T17:20:00+00:00,214.09,214.10000000000002,213.59,213.71,902
2026-03-26T17:25:00+00:00,213.71,213.82000000000002,213.63000000000002,213.77,829
2026-03-26T17:30:00+00:00,213.77,213.84,213.42000000000002,213.64000000000001,874
2026-03-26T17:35:00+00:00,213.64000000000001,213.77,213.47000000000003,213.64000000000001,780
2026-03-26T17:40:00+00:00,213.64000000000001,213.64000000000001,213.14000000000001,213.25000000000003,774
2026-03-26T17:45:00+00:00,213.25000000000003,213.28,212.89000000000001,212.96,826
2026-03-26T17:50:00+00:00,212.96,213.00000000000003,212.59,212.65,1039
2026-03-26T17:55:00+00:00,212.65,212.83,212.45000000000002,212.49,1105
2026-03-26T18:00:00+00:00,212.49,212.92000000000002,212.49,212.64000000000001,949
2026-03-26T18:05:00+00:00,212.64000000000001,212.98000000000002,212.42000000000002,212.93,926
2026-03-26T18:10:00+00:00,212.93,213.03,212.74,212.83,825
2026-03-26T18:15:00+00:00,212.83,212.85000000000002,212.55,212.75000000000003,842
2026-03-26T18:20:00+00:00,212.75000000000003,213.11,212.55,213.10000000000002,698
2026-03-26T18:25:00+00:00,213.10000000000002,213.16000000000003,212.59,212.69000000000003,937
2026-03-26T18:30:00+00:00,212.69000000000003,212.86,212.62,212.74,824
2026-03-26T18:35:00+00:00,212.74,212.82000000000002,212.43,212.70000000000002,805
2026-03-26T18:40:00+00:00,212.70000000000002,212.9,212.38000000000002,212.46,760
2026-03-26T18:45:00+00:00,212.46,212.79000000000002,212.3,212.67000000000002,798
2026-03-26T18:50:00+00:00,212.67000000000002,212.85000000000002,212.61,212.77,752
2026-03-26T18:55:00+00:00,212.77,212.83,212.55,212.62,612
2026-03-26T19:00:00+00:00,212.62,212.67000000000002,212.22000000000003,212.28,913
2026-03-26T19:05:00+00:00,212.28,212.45000000000002,212.24,212.36,1007
2026-03-26T19:10:00+00:00,212.36,212.59,212.26000000000002,212.56,926
2026-03-26T19:15:00+00:00,212.56,212.84,212.54000000000002,212.61,956
2026-03-26T19:20:00+00:00,212.61,212.71,212.52,212.64000000000001,766
2026-03-26T19:25:00+00:00,212.64000000000001,212.79000000000002,212.47000000000003,212.77,740
2026-03-26T19:30:00+00:00,212.77,212.88000000000002,212.41000000000003,212.56,1026
2026-03-26T19:35:00+00:00,212.56,212.71,212.45000000000002,212.54000000000002,928
2026-03-26T19:40:00+00:00,212.54000000000002,212.69000000000003,212.41000000000003,212.53,1039
2026-03-26T19:45:00+00:00,212.53,212.62,212.39000000000001,212.53,1154
2026-03-26T19:50:00+00:00,212.53,212.59,211.66000000000003,211.73000000000002,1398
2026-03-26T19:55:00+00:00,211.73000000000002,212.27,211.63000000000002,212.16000000000003,1699
2026-03-27T13:30:00+00:00,212.16000000000003,212.16000000000003,208.47000000000003,208.52,1317
2026-03-27T13:35:00+00:00,208.52,208.58,207.9,208.17000000000002,1770
2026-03-27T13:40:00+00:00,208.17000000000002,208.27,207.59,207.69000000000003,2169
2026-03-27T13:45:00+00:00,207.69000000000003,208.27,207.69000000000003,207.92000000000002,2358
2026-03-27T13:50:00+00:00,207.92000000000002,207.99,206.74,206.76000000000002,1952
2026-03-27T13:55:00+00:00,206.76000000000002,206.78,206.21,206.29000000000002,1848
2026-03-27T14:00:00+00:00,206.29000000000002,206.72000000000003,205.72000000000003,206.72000000000003,2338
2026-03-27T14:05:00+00:00,206.72000000000003,206.86,205.95000000000002,205.97000000000003,2144
2026-03-27T14:10:00+00:00,205.97000000000003,206.41000000000003,205.95000000000002,206.21,2097
2026-03-27T14:15:00+00:00,206.21,206.82000000000002,206.12,206.27,2068
2026-03-27T14:20:00+00:00,206.27,206.53,205.59,205.68,2134
2026-03-27T14:25:00+00:00,205.68,205.87,205.64000000000001,205.75000000000003,1899
2026-03-27T14:30:00+00:00,205.75000000000003,206.17000000000002,205.73000000000002,206.04000000000002,1769
2026-03-27T14:35:00+00:00,206.04000000000002,206.08,205.51000000000002,205.73000000000002,1459
2026-03-27T14:40:00+00:00,205.73000000000002,205.99,205.62,205.98000000000002,1398
2026-03-27T14:45:00+00:00,205.98000000000002,206.23000000000002,205.49,206.22000000000003,1746
2026-03-27T14:50:00+00:00,206.22000000000003,206.36,205.77,205.84,1403
2026-03-27T14:55:00+00:00,205.84,205.92000000000002,205.45000000000002,205.56,1508
2026-03-27T15:00:00+00:00,205.56,205.76000000000002,205.31,205.66000000000003,1667
2026-03-27T15:05:00+00:00,205.66000000000003,205.76000000000002,205.24,205.53,1746
2026-03-27T15:10:00+00:00,205.53,205.75000000000003,205.35000000000002,205.56,1503
2026-03-27T15:15:00+00:00,205.56,205.56,204.79000000000002,205.22000000000003,1593
2026-03-27T15:20:00+00:00,205.22000000000003,205.87,204.79000000000002,205.34,1789
2026-03-27T15:25:00+00:00,205.34,205.64000000000001,205.13000000000002,205.56,1895
2026-03-27T15:30:00+00:00,205.56,206.24,205.51000000000002,206.00000000000003,1903
2026-03-27T15:35:00+00:00,206.00000000000003,206.14000000000001,205.75000000000003,205.86,1757
2026-03-27T15:40:00+00:00,205.86,205.92000000000002,205.4,205.58,1393
2026-03-27T15:45:00+00:00,205.58,205.86,205.43,205.82000000000002,1163
2026-03-27T15:50:00+00:00,205.82000000000002,206.09,205.77,205.94000000000003,1159
2026-03-27T15:55:00+00:00,205.94000000000003,206.10000000000002,205.45000000000002,205.50000000000003,1182
2026-03-27T16:00:00+00:00,205.50000000000003,205.60000000000002,205.16000000000003,205.4,1170
2026-03-27T16:05:00+00:00,205.4,205.60000000000002,205.17000000000002,205.33,1152
2026-03-27T16:10:00+00:00,205.33,205.52,205.09,205.47000000000003,1038
2026-03-27T16:15:00+00:00,205.47000000000003,205.48000000000002,205.00000000000003,205.04000000000002,920
2026-03-27T16:20:00+00:00,205.04000000000002,205.39000000000001,205.02,205.25000000000003,931
2026-03-27T16:25:00+00:00,205.25000000000003,205.32000000000002,205.08,205.25000000000003,989
2026-03-27T16:30:00+00:00,205.25000000000003,205.46,205.22000000000003,205.24,834
2026-03-27T16:35:00+00:00,205.24,205.38000000000002,204.99,205.08,876
2026-03-27T16:40:00+00:00,205.08,205.51000000000002,204.99,205.41000000000003,981
2026-03-27T16:45:00+00:00,205.41000000000003,205.95000000000002,205.29000000000002,205.91000000000003,1105
2026-03-27T16:50:00+00:00,205.91000000000003,205.91000000000003,205.47000000000003,205.64000000000001,994
2026-03-27T16:55:00+00:00,205.64000000000001,205.83,205.47000000000003,205.8,733
2026-03-27T17:00:00+00:00,205.8,205.89000000000001,205.50000000000003,205.54000000000002,865
2026-03-27T17:05:00+00:00,205.54000000000002,206.34,205.50000000000003,206.03,1582
2026-03-27T17:10:00+00:00,206.03,206.06,205.73000000000002,205.83,1235
2026-03-27T17:15:00+00:00,205.83,205.88000000000002,205.52,205.67000000000002,927
2026-03-27T17:20:00+00:00,205.67000000000002,205.67000000000002,205.44000000000003,205.60000000000002,789
2026-03-27T17:25:00+00:00,205.60000000000002,205.62,205.28,205.33,883
2026-03-27T17:30:00+00:00,205.33,205.45000000000002,205.28,205.37,1005
2026-03-27T17:35:00+00:00,205.37,205.44000000000003,205.13000000000002,205.32000000000002,839
2026-03-27T17:40:00+00:00,205.32000000000002,205.35000000000002,205.14000000000001,205.20000000000002,788
2026-03-27T17:45:00+00:00,205.20000000000002,205.33,205.10000000000002,205.13000000000002,768
2026-03-27T17:50:00+00:00,205.13000000000002,205.24,204.94000000000003,205.00000000000003,737
2026-03-27T17:55:00+00:00,205.00000000000003,205.12,-2572.8005,200.51,861.062368605466
2026-03-27T18:00:00+00:00,200.51,200.62,200.39,200.42,749
2026-03-27T18:05:00+00:00,200.42,200.49,200.12,200.18,772
2026-03-27T18:10:00+00:00,200.18,200.36,200.04,200.31,847
2026-03-27T18:15:00+00:00,200.31,200.54,200.18,200.51,1002
2026-03-27T18:20:00+00:00,200.51,200.56,200.22,200.31,971
2026-03-27T18:25:00+00:00,200.31,200.45,200.14,200.32,858
2026-03-27T18:30:00+00:00,200.32,200.47,200.19,200.41,824
2026-03-27T18:35:00+00:00,200.41,200.41,199.92,199.99,779
2026-03-27T18:40:00+00:00,199.99,200.28,199.95,200.06,1256
2026-03-27T18:45:00+00:00,200.06,200.08,199.71,199.72,1077
2026-03-27T18:50:00+00:00,199.72,199.83,199.58,199.69,916
2026-03-27T18:55:00+00:00,199.69,199.84,199.39,199.47,759
2026-03-27T19:00:00+00:00,199.47,199.69,199.46,199.6,1047
2026-03-27T19:05:00+00:00,199.6,199.69,199.45,199.67,1050
2026-03-27T19:10:00+00:00,199.67,199.91,199.33,199.88,1163
2026-03-27T19:15:00+00:00,199.88,200.15,199.79,200.02,1142
2026-03-27T19:20:00+00:00,200.02,200.1,199.72,200.06,1203
2026-03-27T19:25:00+00:00,200.06,200.08,199.8,199.97,1110
2026-03-27T19:30:00+00:00,199.97,200.16,199.91,200.09,1238
2026-03-27T19:35:00+00:00,200.09,200.1,199.74,199.75,996
2026-03-27T19:40:00+00:00,199.75,199.82,199.45,199.66,1280
2026-03-27T19:45:00+00:00,199.66,199.66,199.19,199.45,1654
2026-03-27T19:50:00+00:00,199.45,199.48,199.01,199.17,1878
2026-03-27T19:55:00+00:00,199.17,199.45,199.02,199.13,1618
2026-03-30T13:30:00+00:00,199.13,201.98,199.13,201.69,1449
2026-03-30T13:35:00+00:00,201.69,202.23,201.1,201.97,2237
2026-03-30T13:40:00+00:00,201.97,201.99,200.69,200.92,2215
2026-03-30T13:45:00+00:00,200.92,201.07,200.22,200.34,2348
2026-03-30T13:50:00+00:00,200.34,201.37,200.05,201.09,2252
2026-03-30T13:55:00+00:00,201.09,201.62,200.84,201.37,2337
2026-03-30T14:00:00+00:00,201.37,201.61,201.08,201.33,2296
2026-03-30T14:05:00+00:00,201.33,201.33,200.64,201.2,2145
2026-03-30T14:10:00+00:00,201.2,201.32,200.94,201.04,2082
2026-03-30T14:15:00+00:00,201.04,201.22,200.83,201.07,2110
2026-03-30T14:20:00+00:00,201.07,201.62,201.05,201.42,2063
2026-03-30T14:25:00+00:00,201.42,201.52,201.1,201.25,1998
2026-03-30T14:30:00+00:00,201.25,201.61,201.13,201.57,1824
2026-03-30T14:35:00+00:00,201.57,201.59,201.24,201.36,1693
2026-03-30T14:40:00+00:00,201.36,201.52,200.98,201.23,1699
2026-03-30T14:45:00+00:00,201.23,202.22,201.11,201.72,2505
2026-03-30T14:50:00+00:00,201.72,201.89,201.46,201.75,2234
2026-03-30T14:55:00+00:00,201.75,202.56,201.53,202.55,1875
2026-03-30T15:00:00+00:00,202.55,203.25,202.51,203.2,1837
2026-03-30T15:05:00+00:00,203.2,203.38,202.61,202.67,1844
2026-03-30T15:10:00+00:00,202.67,202.93,202.1,202.17,1512
2026-03-30T15:15:00+00:00,202.17,202.49,202.08,202.43,1607
2026-03-30T15:20:00+00:00,202.43,202.86,202.39,202.85,1480
2026-03-30T15:25:00+00:00,202.85,203.14,202.78,202.92,1380
2026-03-30T15:30:00+00:00,202.92,203.18,202.67,203.14,1676
2026-03-30T15:35:00+00:00,203.14,203.32,202.75,202.88,1563
2026-03-30T15:40:00+00:00,202.88,203.31,202.83,203.29,1329
2026-03-30T15:45:00+00:00,203.29,203.37,202.99,203.33,1356
2026-03-30T15:50:00+00:00,203.33,203.67,203.3,203.44,1276
2026-03-30T15:55:00+00:00,203.44,203.44,203.04,203.18,1468
2026-03-30T16:00:00+00:00,203.18,203.25,202.74,202.81,1290
2026-03-30T16:05:00+00:00,202.81,203.02,202.74,202.93,1355
2026-03-30T16:10:00+00:00,202.93,203.08,202.82,202.95,1275
2026-03-30T16:15:00+00:00,202.95,202.97,202.55,202.6,1089
2026-03-30T16:20:00+00:00,202.6,202.76,202.56,202.68,1132
2026-03-30T16:25:00+00:00,202.68,202.79,202.48,202.52,1000
2026-03-30T16:30:00+00:00,202.52,202.76,202.39,202.68,1170
2026-03-30T16:35:00+00:00,202.68,202.9,202.56,202.78,1043
2026-03-30T16:40:00+00:00,202.78,202.81,202.63,202.77,1002
2026-03-30T16:45:00+00:00,202.77,202.91,202.68,202.72,871
2026-03-30T16:50:00+00:00,202.72,202.81,202.44,202.48,912
2026-03-30T16:55:00+00:00,202.48,202.66,202.38,202.61,1084
2026-03-30T17:00:00+00:00,202.61,202.83,202.25,202.28,1188
2026-03-30T17:05:00+00:00,202.28,202.68,202.26,202.36,1101
2026-03-30T17:10:00+00:00,202.36,202.43,202.15,202.17,1131
2026-03-30T17:15:00+00:00,202.17,202.28,201.78,202.05,1437
2026-03-30T17:20:00+00:00,202.05,202.15,201.78,201.99,1184
2026-03-30T17:25:00+00:00,201.99,202,201.56,201.59,1170
2026-03-30T17:30:00+00:00,201.59,201.64,201.31,201.55,1254
2026-03-30T17:35:00+00:00,201.55,201.86,201.39,201.82,1316
2026-03-30T17:40:00+00:00,201.82,202.1,201.71,202.05,1102
2026-03-30T17:45:00+00:00,202.05,202.17,201.67,201.81,1410
2026-03-30T17:50:00+00:00,201.81,201.91,201.69,201.82,1199
2026-03-30T17:55:00+00:00,201.82,201.88,201.5,201.88,1033
2026-03-30T18:00:00+00:00,201.88,201.91,201.49,201.59,877
2026-03-30T18:05:00+00:00,201.59,201.74,201.39,201.51,892
2026-03-30T18:10:00+00:00,201.51,201.59,201.3,201.42,782
2026-03-30T18:15:00+00:00,201.42,201.59,201.35,201.58,913
2026-03-30T18:20:00+00:00,201.58,201.61,201.22,201.28,856
2026-03-30T18:25:00+00:00,201.28,201.33,200.81,200.81,931
2026-03-30T18:30:00+00:00,200.81,200.96,200.75,200.94,825
2026-03-30T18:35:00+00:00,200.94,201.16,200.88,200.88,911
2026-03-30T18:40:00+00:00,200.88,200.94,200.75,200.77,752
2026-03-30T18:45:00+00:00,200.77,200.96,200.73,200.75,758
2026-03-30T18:50:00+00:00,200.75,200.89,200.64,200.86,806
2026-03-30T18:55:00+00:00,200.86,200.9,200.51,200.61,820
2026-03-30T19:00:00+00:00,200.61,200.68,200.42,200.58,1551
2026-03-30T19:05:00+00:00,200.58,200.66,200.29,200.31,1711
2026-03-30T19:10:00+00:00,200.31,200.34,199.9,200.07,1982
2026-03-30T19:15:00+00:00,200.07,200.29,200.02,200.15,1758
2026-03-30T19:20:00+00:00,200.15,200.16,199.89,199.97,1716
2026-03-30T19:25:00+00:00,199.97,200.05,199.87,199.97,1616
2026-03-30T19:30:00+00:00,199.97,200.23,199.87,199.92,1676
2026-03-30T19:35:00+00:00,199.92,200.38,199.9,200.2,1809
2026-03-30T19:40:00+00:00,200.2,200.43,200.1,200.33,1682
2026-03-30T19:45:00+00:00,200.33,200.67,200.25,200.38,1939
2026-03-30T19:50:00+00:00,200.38,200.82,200.28,200.78,1817
2026-03-30T19:55:00+00:00,200.78,201.11,200.55,200.82,1988
2026-03-31T13:30:00+00:00,200.82,205.46,200.82,205.26,1541
2026-03-31T13:35:00+00:00,205.26,206.26,205.06,206.26,2424
2026-03-31T13:40:00+00:00,206.26,206.65,205.6,205.74,2162
2026-03-31T13:45:00+00:00,205.74,206.86,205.54,206.73,1997
2026-03-31T13:50:00+00:00,206.73,207.17,206.43,207.04,1519
2026-03-31T13:55:00+00:00,207.04,207.21,206.09,206.64,1655
2026-03-31T14:00:00+00:00,206.64,206.9,206.18,206.46,2037
2026-03-31T14:05:00+00:00,206.46,206.49,205.58,205.61,1844
2026-03-31T14:10:00+00:00,205.61,206.02,205.4,205.87,1859
2026-03-31T14:15:00+00:00,205.87,206.44,205.59,206.17,1946
2026-03-31T14:20:00+00:00,206.17,206.37,205.71,206.17,2036
2026-03-31T14:25:00+00:00,206.17,206.43,205.96,206.08,1556
2026-03-31T14:30:00+00:00,206.08,206.2,205.63,206.03,1673
2026-03-31T14:35:00+00:00,206.03,206.13,205.53,205.6,1828
2026-03-31T14:40:00+00:00,205.6,205.72,205.08,205.22,1575
2026-03-31T14:45:00+00:00,205.22,205.29,204.9,204.93,1467
2026-03-31T14:50:00+00:00,204.93,205.07,204.42,204.46,1735
2026-03-31T14:55:00+00:00,204.46,204.99,204.31,204.8,1326
2026-03-31T15:00:00+00:00,204.8,205.27,204.7,205.2,1300
2026-03-31T15:05:00+00:00,205.2,205.74,205.08,205.38,1330
2026-03-31T15:10:00+00:00,205.38,205.92,205.28,205.88,1062
2026-03-31T15:15:00+00:00,205.88,206.25,205.86,206.04,1089
2026-03-31T15:20:00+00:00,206.04,206.34,205.85,206.19,1236
2026-03-31T15:25:00+00:00,206.19,206.27,205.66,205.9,1549
2026-03-31T15:30:00+00:00,205.9,205.94,205.49,205.83,1499
2026-03-31T15:35:00+00:00,205.83,206.19,205.83,205.96,1530
2026-03-31T15:40:00+00:00,205.96,206.19,205.87,206.02,1275
2026-03-31T15:45:00+00:00,206.02,206.03,205.56,205.72,1283
2026-03-31T15:50:00+00:00,205.72,206.05,205.62,205.71,1343
2026-03-31T15:55:00+00:00,205.71,205.79,205.18,205.22,1289
2026-03-31T16:00:00+00:00,205.22,205.8,205.12,205.59,1497
2026-03-31T16:05:00+00:00,205.59,205.98,205.57,205.92,1079
2026-03-31T16:10:00+00:00,205.92,206,205.63,205.83,1099
2026-03-31T16:15:00+00:00,205.83,206.08,205.82,205.96,1006
2026-03-31T16:20:00+00:00,205.96,206.15,205.78,206.15,881
2026-03-31T16:25:00+00:00,206.15,206.29,205.95,206.19,963
2026-03-31T16:30:00+00:00,206.19,206.27,206.01,206.15,840
2026-03-31T16:35:00+00:00,206.15,207.23,205.9,207.17,1265
2026-03-31T16:40:00+00:00,207.17,208.76,207.09,208.4,3570
2026-03-31T16:45:00+00:00,208.4,208.69,207.87,208.18,3777
2026-03-31T16:50:00+00:00,208.18,208.92,207.77,208.45,3467
2026-03-31T16:55:00+00:00,208.45,208.49,207.79,208.21,3213
2026-03-31T17:00:00+00:00,208.21,209.52,208.18,209.2,2503
2026-03-31T17:05:00+00:00,209.2,209.24,208.36,208.53,2156
2026-03-31T17:10:00+00:00,208.53,209.26,208.46,209.16,2278
2026-03-31T17:15:00+00:00,209.16,210.03,209.09,209.91,2051
2026-03-31T17:20:00+00:00,209.91,210.16,209.77,209.89,1912
2026-03-31T17:25:00+00:00,209.89,209.99,208.83,209,2107
2026-03-31T17:30:00+00:00,209,209.69,208.94,209.66,1931
2026-03-31T17:35:00+00:00,209.66,209.7,208.68,208.89,2062
2026-03-31T17:40:00+00:00,208.89,209.11,208.58,208.76,1973
2026-03-31T17:45:00+00:00,208.76,209.1,208.68,208.9,1462
2026-03-31T17:50:00+00:00,208.9,209.06,208.6,208.71,1225
2026-03-31T17:55:00+00:00,208.71,208.74,208.08,208.16,1207
2026-03-31T18:00:00+00:00,208.16,208.6,208.16,208.4,1421
2026-03-31T18:05:00+00:00,208.4,208.92,208.4,208.73,1419
2026-03-31T18:10:00+00:00,208.73,208.77,208.38,208.59,1083
2026-03-31T18:15:00+00:00,208.59,208.65,208.4,208.58,1040
2026-03-31T18:20:00+00:00,208.58,208.7,208.34,208.41,984
2026-03-31T18:25:00+00:00,208.41,208.72,208.28,208.52,1176
2026-03-31T18:30:00+00:00,208.52,208.66,208.29,208.56,1226
2026-03-31T18:35:00+00:00,208.56,209.08,208.48,208.9,1117
2026-03-31T18:40:00+00:00,208.9,208.96,208.48,208.56,1100
2026-03-31T18:45:00+00:00,208.56,208.69,208.48,208.57,948
2026-03-31T18:50:00+00:00,208.57,208.82,208.54,208.74,891
2026-03-31T18:55:00+00:00,208.74,208.9,208.68,208.8,619
2026-03-31T19:00:00+00:00,208.8,209.03,208.77,208.91,1009
2026-03-31T19:05:00+00:00,208.91,208.94,208.48,208.63,1228
2026-03-31T19:10:00+00:00,208.63,208.93,208.63,208.84,1000
2026-03-31T19:15:00+00:00,208.84,209.12,208.62,208.8,1130
2026-03-31T19:20:00+00:00,208.8,209.14,208.8,209,1104
2026-03-31T19:25:00+00:00,209,209.08,208.71,208.92,992
2026-03-31T19:30:00+00:00,208.92,209.1,208.63,209.01,1142
2026-03-31T19:35:00+00:00,209.01,209.09,208.87,209.01,1097
2026-03-31T19:40:00+00:00,209.01,209.11,208.72,209.01,1362
2026-03-31T19:45:00+00:00,209.01,209.38,208.88,209.3,1493
2026-03-31T19:50:00+00:00,209.3,209.81,208.53,208.53,2191
2026-03-31T19:55:00+00:00,208.53,208.58,207.42,208.25,2296
2026-04-01T13:30:00+00:00,208.25,211.2,208.25,210.26,2057
2026-04-01T13:35:00+00:00,210.26,210.81,209.89,210.66,2540
2026-04-01T13:40:00+00:00,210.66,210.72,208.87,209.12,2703
2026-04-01T13:45:00+00:00,209.12,209.26,208.03,208.58,2707
2026-04-01T13:50:00+00:00,208.58,209.52,208.48,209.05,2651
2026-04-01T13:55:00+00:00,209.05,209.6,208.93,209.5,2456
2026-04-01T14:00:00+00:00,209.5,210.07,209.47,209.74,2456
2026-04-01T14:05:00+00:00,209.74,210.52,209.66,210.3,2480
2026-04-01T14:10:00+00:00,210.3,210.7,210.23,210.63,2491
2026-04-01T14:15:00+00:00,210.63,210.92,210.41,210.61,2315
2026-04-01T14:20:00+00:00,210.61,210.83,210.17,210.5,2367
2026-04-01T14:25:00+00:00,210.5,210.83,210.45,210.63,2021
2026-04-01T14:30:00+00:00,210.63,210.97,210.29,210.36,1822
2026-04-01T14:35:00+00:00,210.36,211.22,210.18,210.97,2200
2026-04-01T14:40:00+00:00,210.97,211.15,210.62,211.02,2100
2026-04-01T14:45:00+00:00,211.02,211.66,210.69,211.64,1777
2026-04-01T14:50:00+00:00,211.64,211.67,211.12,211.31,1675
2026-04-01T14:55:00+00:00,211.31,211.58,211.04,211.36,1503
2026-04-01T15:00:00+00:00,211.36,211.59,211.17,211.3,1577
2026-04-01T15:05:00+00:00,211.3,212.01,211.23,211.71,1458
2026-04-01T15:10:00+00:00,211.71,211.93,211.65,211.78,1273
2026-04-01T15:15:00+00:00,211.78,212.12,211.67,212.04,1298
2026-04-01T15:20:00+00:00,212.04,212.19,211.83,211.89,1192
2026-04-01T15:25:00+00:00,211.89,212.17,211.83,211.92,1531
2026-04-01T15:30:00+00:00,211.92,212.08,211.64,212.04,1473
2026-04-01T15:35:00+00:00,212.04,212.34,212,212.33,1252
2026-04-01T15:40:00+00:00,212.33,212.69,212.3,212.59,1088
2026-04-01T15:45:00+00:00,212.59,212.73,212.52,212.54,905
2026-04-01T15:50:00+00:00,212.54,212.71,212.31,212.59,999
2026-04-01T15:55:00+00:00,212.59,213.08,212.55,212.93,1148
2026-04-01T16:00:00+00:00,212.93,213.05,212.78,212.97,1071
2026-04-01T16:05:00+00:00,212.97,213.32,212.91,213.28,890
2026-04-01T16:10:00+00:00,213.28,213.46,212.84,212.84,1128
2026-04-01T16:15:00+00:00,212.84,213.01,212.47,212.88,1149
2026-04-01T16:20:00+00:00,212.88,213,212.67,212.81,1009
2026-04-01T16:25:00+00:00,212.81,212.98,212.75,212.83,736
2026-04-01T16:30:00+00:00,212.83,212.91,212.65,212.87,1079
2026-04-01T16:35:00+00:00,212.87,213.2,212.77,212.8,725
2026-04-01T16:40:00+00:00,212.8,213.02,212.79,212.97,717
2026-04-01T16:45:00+00:00,212.97,213.11,212.69,212.87,834
2026-04-01T16:50:00+00:00,212.87,212.96,212.64,212.7,615
2026-04-01T16:55:00+00:00,212.7,212.75,212.48,212.5,692
2026-04-01T17:00:00+00:00,212.5,212.61,212.28,212.55,918
2026-04-01T17:05:00+00:00,212.55,212.58,212.3,212.39,753
2026-04-01T17:10:00+00:00,212.39,212.48,212.27,212.37,677
2026-04-01T17:15:00+00:00,212.37,212.57,212.32,212.49,658
2026-04-01T17:20:00+00:00,212.49,212.63,212.25,212.35,628
2026-04-01T17:25:00+00:00,212.35,212.43,212.25,212.36,580
2026-04-01T17:30:00+00:00,212.36,212.67,212.23,212.24,787
2026-04-01T17:35:00+00:00,212.24,212.45,212.21,212.4,681
2026-04-01T17:40:00+00:00,212.4,212.5,212.21,212.27,816
2026-04-01T17:45:00+00:00,212.27,212.39,212.21,212.32,813
2026-04-01T17:50:00+00:00,212.32,212.4,212.12,212.17,928
2026-04-01T17:55:00+00:00,212.17,212.19,211.69,211.72,1049
2026-04-01T18:00:00+00:00,211.72,211.75,211.08,211.25,1858
2026-04-01T18:05:00+00:00,211.25,211.59,211.18,211.48,1590
2026-04-01T18:10:00+00:00,211.48,211.58,211.2,211.23,1164
2026-04-01T18:15:00+00:00,211.23,211.23,210.49,210.62,1379
2026-04-01T18:20:00+00:00,210.62,210.68,210.29,210.34,1585
2026-04-01T18:25:00+00:00,210.34,210.58,210.2,210.41,1661
2026-04-01T18:30:00+00:00,210.41,210.55,210.13,210.17,1381
2026-04-01T18:35:00+00:00,210.17,210.24,209.79,210.15,1442
2026-04-01T18:40:00+00:00,210.15,210.53,210.11,210.26,1541
2026-04-01T18:45:00+00:00,210.26,210.37,209.98,210.11,1427
2026-04-01T18:50:00+00:00,210.11,210.28,209.88,210.17,1268
2026-04-01T18:55:00+00:00,210.17,210.19,209.94,210.1,927
2026-04-01T19:00:00+00:00,210.1,210.55,210.08,210.38,1958
2026-04-01T19:05:00+00:00,210.38,210.78,210.36,210.7,1659
2026-04-01T19:10:00+00:00,210.7,210.84,210.35,210.67,1873
2026-04-01T19:15:00+00:00,210.67,211.02,210.63,210.95,1635
2026-04-01T19:20:00+00:00,210.95,211.22,210.92,211.11,1394
2026-04-01T19:25:00+00:00,211.11,211.63,211.08,211.6,1540
2026-04-01T19:30:00+00:00,211.6,211.76,211.36,211.47,1463
2026-04-01T19:35:00+00:00,211.47,211.48,211.08,211.32,1599
2026-04-01T19:40:00+00:00,211.32,211.57,211.2,211.4,1486
2026-04-01T19:45:00+00:00,211.4,211.56,211.19,211.32,1685
2026-04-01T19:50:00+00:00,211.32,211.34,210.35,210.7,1896
2026-04-01T19:55:00+00:00,210.7,210.7,210.01,210.31,1952
2026-04-02T13:30:00+00:00,210.31,210.31,204.79,205.8,1246
2026-04-02T13:35:00+00:00,205.8,205.92,205.18,205.27,1635
2026-04-02T13:40:00+00:00,205.27,205.96,205.19,205.66,2296
2026-04-02T13:45:00+00:00,205.66,207.03,205.48,206.78,2299
2026-04-02T13:50:00+00:00,206.78,207.24,206.7,207.15,2148
2026-04-02T13:55:00+00:00,207.15,207.86,206.95,207.73,1770
2026-04-02T14:00:00+00:00,207.73,208.15,207.63,208.03,1668
2026-04-02T14:05:00+00:00,208.03,208.54,207.77,208.25,1949
2026-04-02T14:10:00+00:00,208.25,208.73,208,208.65,1719
2026-04-02T14:15:00+00:00,208.65,209.2,208.55,208.77,1977
2026-04-02T14:20:00+00:00,208.77,209.4,208.74,209.32,1646
2026-04-02T14:25:00+00:00,209.32,209.39,208.69,208.79,1704
2026-04-02T14:30:00+00:00,208.79,209.55,208.72,209.41,1859
2026-04-02T14:35:00+00:00,209.41,212.06,209.38,211.35,2769
2026-04-02T14:40:00+00:00,211.35,211.37,210.34,211.1,3090
2026-04-02T14:45:00+00:00,211.1,211.23,210.4,210.46,2719
2026-04-02T14:50:00+00:00,210.46,210.47,209.91,210.11,2356
2026-04-02T14:55:00+00:00,210.11,210.71,-2562.8505,-2562.8505,1930.6225901833234
2026-04-02T15:00:00+00:00,210.25,210.41,209.62,210.16,2245
2026-04-02T15:05:00+00:00,210.16,210.27,209.81,210.15,2008
2026-04-02T15:10:00+00:00,210.15,210.69,210.1,210.33,1792
2026-04-02T15:15:00+00:00,210.33,210.58,209.94,210.24,1787
2026-04-02T15:20:00+00:00,210.24,210.29,209.71,209.99,1957
2026-04-02T15:25:00+00:00,209.99,210.57,209.85,210.3,1639
2026-04-02T15:30:00+00:00,210.3,210.35,209.72,210.11,1445
2026-04-02T15:35:00+00:00,210.11,210.55,210.05,210.34,1266
2026-04-02T15:40:00+00:00,210.34,210.47,210.03,210.39,1183
2026-04-02T15:45:00+00:00,210.39,210.42,209.73,209.77,1487
2026-04-02T15:50:00+00:00,209.77,209.83,209.22,209.67,1685
2026-04-02T15:55:00+00:00,209.67,209.85,209.38,209.54,1251
2026-04-02T16:00:00+00:00,209.54,209.72,209.36,209.41,1209
2026-04-02T16:05:00+00:00,209.41,209.55,209.07,209.34,1275
2026-04-02T16:10:00+00:00,209.34,209.42,209.11,209.17,1122
2026-04-02T16:15:00+00:00,209.17,209.35,209.01,209.01,1130
2026-04-02T16:20:00+00:00,209.01,209.28,208.83,208.95,1414
2026-04-02T16:25:00+00:00,208.95,209.22,208.88,209.12,1179
2026-04-02T16:30:00+00:00,209.12,209.63,209.03,209.5,1329
2026-04-02T16:35:00+00:00,209.5,209.59,208.98,209.21,1236
2026-04-02T16:40:00+00:00,209.21,209.84,209.19,209.67,1161
2026-04-02T16:45:00+00:00,209.67,209.91,209.63,209.87,710
2026-04-02T16:50:00+00:00,209.87,209.97,209.65,209.81,940
2026-04-02T16:55:00+00:00,209.81,209.84,209.51,209.54,988
2026-04-02T17:00:00+00:00,209.54,209.56,209.25,209.45,1298
2026-04-02T17:05:00+00:00,209.45,209.57,209.13,209.27,1122
2026-04-02T17:10:00+00:00,209.27,209.7,209.13,209.61,1150
2026-04-02T17:15:00+00:00,209.61,209.83,209.57,209.74,1108
2026-04-02T17:20:00+00:00,209.74,209.87,209.68,209.75,861
2026-04-02T17:25:00+00:00,209.75,209.85,209.47,209.49,710
2026-04-02T17:30:00+00:00,209.49,209.57,209.28,209.3,833
2026-04-02T17:35:00+00:00,209.3,209.31,209.14,209.2,827
2026-04-02T17:40:00+00:00,209.2,209.32,209.08,209.26,897
2026-04-02T17:45:00+00:00,209.26,209.29,208.49,208.52,1194
2026-04-02T17:50:00+00:00,208.52,208.74,208.47,208.67,1008
2026-04-02T17:55:00+00:00,208.67,208.75,208.35,208.45,905
2026-04-02T18:00:00+00:00,208.45,208.88,208.45,208.86,1141
2026-04-02T18:05:00+00:00,208.86,209.17,208.81,209.1,1059
2026-04-02T18:10:00+00:00,209.1,209.26,208.97,209.04,897
2026-04-02T18:15:00+00:00,209.04,209.2,208.98,209.07,814
2026-04-02T18:20:00+00:00,209.07,209.16,208.98,208.99,688
2026-04-02T18:25:00+00:00,208.99,209.02,208.79,208.86,968
2026-04-02T18:30:00+00:00,208.86,209.01,208.77,208.94,939
2026-04-02T18:35:00+00:00,208.94,209.02,208.72,208.74,806
2026-04-02T18:40:00+00:00,208.74,209.14,208.68,209.08,865
2026-04-02T18:45:00+00:00,209.08,209.28,209,209.24,652
2026-04-02T18:50:00+00:00,209.24,209.35,209.14,209.24,797
2026-04-02T18:55:00+00:00,209.24,209.25,208.85,208.91,635
2026-04-02T19:00:00+00:00,208.91,209.05,208.71,208.9,852
2026-04-02T19:05:00+00:00,208.9,209.16,208.87,209.08,801
2026-04-02T19:10:00+00:00,209.08,209.36,209,209.07,850
2026-04-02T19:15:00+00:00,209.07,209.15,208.93,209.01,838
2026-04-02T19:20:00+00:00,209.01,209.05,208.69,208.75,968
2026-04-02T19:25:00+00:00,208.75,209.04,208.66,209,1034
2026-04-02T19:30:00+00:00,209,209.16,208.9,208.99,919
2026-04-02T19:35:00+00:00,208.99,209.19,208.97,209.07,878
2026-04-02T19:40:00+00:00,209.07,209.2,208.93,208.96,1073
2026-04-02T19:45:00+00:00,208.96,209.01,208.78,208.89,1280
2026-04-02T19:50:00+00:00,208.89,209.59,208.89,209.38,1397
2026-04-02T19:55:00+00:00,209.38,209.78,209.38,209.66,1587
2026-04-06T13:30:00+00:00,209.66,210.67,209.03,210.5,1150
2026-04-06T13:35:00+00:00,210.5,211.01,209.88,210.6,2215
2026-04-06T13:40:00+00:00,210.6,211.62,210.37,211.39,2209
2026-04-06T13:45:00+00:00,211.39,212.26,211.39,211.72,2214
2026-04-06T13:50:00+00:00,211.72,212.15,211.58,212.02,2101
2026-04-06T13:55:00+00:00,212.02,212.58,211.81,212.58,1819
2026-04-06T14:00:00+00:00,212.58,212.8,211.69,211.71,2459
2026-04-06T14:05:00+00:00,211.71,212.03,211.51,211.99,2282
2026-04-06T14:10:00+00:00,211.99,212.25,211.68,212.18,2416
2026-04-06T14:15:00+00:00,212.18,212.21,211.68,211.89,2027
2026-04-06T14:20:00+00:00,211.89,212.45,211.86,212.04,1807
2026-04-06T14:25:00+00:00,212.04,212.4,211.98,212.15,1688
2026-04-06T14:30:00+00:00,212.15,212.54,212.07,212.3,1413
2026-04-06T14:35:00+00:00,212.3,212.52,211.62,211.7,2221
2026-04-06T14:40:00+00:00,211.7,211.96,211.41,211.63,2166
2026-04-06T14:45:00+00:00,211.63,211.63,211.26,211.31,1575
2026-04-06T14:50:00+00:00,211.31,211.78,211.31,211.64,1497
2026-04-06T14:55:00+00:00,211.64,212.22,211.53,212.01,1186
2026-04-06T15:00:00+00:00,212.01,212.21,211.88,212.08,1071
2026-04-06T15:05:00+00:00,212.08,212.6,212.03,212.46,1266
2026-04-06T15:10:00+00:00,212.46,212.49,212.15,212.26,1408
2026-04-06T15:15:00+00:00,212.26,212.46,212.09,212.44,1167
2026-04-06T15:20:00+00:00,212.44,212.75,212.22,212.37,992
2026-04-06T15:25:00+00:00,212.37,212.41,212.1,212.2,952
2026-04-06T15:30:00+00:00,212.2,212.28,211.89,212.06,1138
2026-04-06T15:35:00+00:00,212.06,212.23,211.93,212.12,1114
2026-04-06T15:40:00+00:00,212.12,212.31,212.08,212.25,834
2026-04-06T15:45:00+00:00,212.25,212.57,212.19,212.41,649
2026-04-06T15:50:00+00:00,212.41,212.66,212.32,212.48,675
2026-04-06T15:55:00+00:00,212.48,212.53,212.28,212.43,580
2026-04-06T16:00:00+00:00,212.43,212.52,212.19,212.22,678
2026-04-06T16:05:00+00:00,212.22,212.4,212.09,212.11,611
2026-04-06T16:10:00+00:00,212.11,212.42,212.05,212.42,525
2026-04-06T16:15:00+00:00,212.42,212.61,212.32,212.49,578
2026-04-06T16:20:00+00:00,212.49,212.71,212.4,212.66,583
2026-04-06T16:25:00+00:00,212.66,212.74,212.54,212.63,466
2026-04-06T16:30:00+00:00,212.63,212.71,212.38,212.45,495
2026-04-06T16:35:00+00:00,212.45,212.55,212.28,212.46,588
2026-04-06T16:40:00+00:00,212.46,212.61,212.3,212.43,514
2026-04-06T16:45:00+00:00,212.43,212.68,212.39,212.43,417
2026-04-06T16:50:00+00:00,212.43,212.46,212.07,212.2,595
2026-04-06T16:55:00+00:00,212.2,212.24,212.04,212.07,652
2026-04-06T17:00:00+00:00,212.07,212.11,211.63,211.93,753
2026-04-06T17:05:00+00:00,211.93,212.04,211.74,211.88,676
2026-04-06T17:10:00+00:00,211.88,211.92,211.28,211.41,1202
2026-04-06T17:15:00+00:00,211.41,211.66,211.26,211.35,1103
2026-04-06T17:20:00+00:00,211.35,211.61,211.1,211.58,734
2026-04-06T17:25:00+00:00,211.58,211.85,211.5,211.78,682
2026-04-06T17:30:00+00:00,211.78,212.03,211.72,211.75,702
2026-04-06T17:35:00+00:00,211.75,211.88,211.56,211.63,640
2026-04-06T17:40:00+00:00,211.63,211.81,211.61,211.79,542
2026-04-06T17:45:00+00:00,211.79,211.79,211.48,211.58,561
2026-04-06T17:50:00+00:00,211.58,211.65,211.39,211.49,547
2026-04-06T17:55:00+00:00,211.49,211.57,211.28,211.34,418
2026-04-06T18:00:00+00:00,211.34,211.43,211.09,211.12,547
2026-04-06T18:05:00+00:00,211.12,211.31,211.04,211.28,522
2026-04-06T18:10:00+00:00,211.28,211.76,211.26,211.49,918
2026-04-06T18:15:00+00:00,211.49,211.91,211.44,211.84,710
2026-04-06T18:20:00+00:00,211.84,212.13,211.77,212.04,505
2026-04-06T18:25:00+00:00,212.04,212.06,211.78,211.89,582
2026-04-06T18:30:00+00:00,211.89,212.42,211.89,212.21,847
2026-04-06T18:35:00+00:00,212.21,212.29,212.03,212.08,507
2026-04-06T18:40:00+00:00,212.08,212.17,212.03,212.12,398
2026-04-06T18:45:00+00:00,212.12,212.32,212.06,212.2,347
2026-04-06T18:50:00+00:00,212.2,212.31,212.18,212.24,331
2026-04-06T18:55:00+00:00,212.24,212.34,212.18,212.33,252
2026-04-06T19:00:00+00:00,212.33,212.35,212.13,212.26,533
2026-04-06T19:05:00+00:00,212.26,212.35,212.05,212.07,523
2026-04-06T19:10:00+00:00,212.07,212.23,211.97,212.18,590
2026-04-06T19:15:00+00:00,212.18,212.22,212.01,212.08,458
2026-04-06T19:20:00+00:00,212.08,212.19,211.87,211.95,462
2026-04-06T19:25:00+00:00,211.95,212.15,211.94,212.08,415
2026-04-06T19:30:00+00:00,212.08,212.24,212.03,212.1,477
2026-04-06T19:35:00+00:00,212.1,212.3,212.03,212.2,439
2026-04-06T19:40:00+00:00,212.2,212.27,212.08,212.22,416
2026-04-06T19:45:00+00:00,212.22,212.6,212.19,212.6,586
2026-04-06T19:50:00+00:00,212.6,212.61,212.16,212.4,816
2026-04-06T19:55:00+00:00,212.4,212.74,212.32,212.58,1097
2026-04-07T13:30:00+00:00,212.58,212.58,210.41,210.82,1053
2026-04-07T13:35:00+00:00,210.82,212.02,210.71,211.59,1980
2026-04-07T13:40:00+00:00,211.59,212.35,211.3,211.83,1964
2026-04-07T13:45:00+00:00,211.83,211.92,211.41,211.83,2074
2026-04-07T13:50:00+00:00,211.83,212.1,211.46,212.01,2194
2026-04-07T13:55:00+00:00,212.01,212.08,210.93,210.94,1768
2026-04-07T14:00:00+00:00,210.94,211.05,210.18,210.25,1838
2026-04-07T14:05:00+00:00,210.25,210.29,209.51,209.78,2077
2026-04-07T14:10:00+00:00,209.78,210.16,209.69,210.1,1799
2026-04-07T14:15:00+00:00,210.1,210.36,209.87,210,1701
2026-04-07T14:20:00+00:00,210,210.68,209.98,210.55,2157
2026-04-07T14:25:00+00:00,210.55,210.7,210.04,210.39,1816
2026-04-07T14:30:00+00:00,210.39,210.61,210.15,210.15,2075
2026-04-07T14:35:00+00:00,210.15,210.5,209.94,210.23,1852
2026-04-07T14:40:00+00:00,210.23,210.38,209.88,210.06,1873
2026-04-07T14:45:00+00:00,210.06,210.57,210.02,210.23,1787
2026-04-07T14:50:00+00:00,210.23,210.3,209.94,210.08,1441
2026-04-07T14:55:00+00:00,210.08,210.09,209.55,209.55,1254
2026-04-07T15:00:00+00:00,209.55,209.79,209.28,209.31,1638
2026-04-07T15:05:00+00:00,209.31,209.36,208.95,209.1,1506
2026-04-07T15:10:00+00:00,209.1,209.61,209.09,209.45,1267
2026-04-07T15:15:00+00:00,209.45,210.18,209.4,209.88,2033
2026-04-07T15:20:00+00:00,209.88,209.92,209.66,209.7,1439
2026-04-07T15:25:00+00:00,209.7,210.06,209.69,210.02,1379
2026-04-07T15:30:00+00:00,210.02,210.31,209.93,210.25,1321
2026-04-07T15:35:00+00:00,210.25,210.55,210.03,210.05,1100
2026-04-07T15:40:00+00:00,210.05,210.39,210.03,210.19,962
2026-04-07T15:45:00+00:00,210.19,210.66,210.15,210.5,963
2026-04-07T15:50:00+00:00,210.5,210.66,210.27,210.57,1174
2026-04-07T15:55:00+00:00,210.57,210.97,210.52,210.83,1352
2026-04-07T16:00:00+00:00,210.83,212.11,210.71,211.34,2034
2026-04-07T16:05:00+00:00,211.34,211.59,211.21,211.21,1851
2026-04-07T16:10:00+00:00,211.21,211.56,211.18,211.47,1130
2026-04-07T16:15:00+00:00,211.47,211.62,211.31,211.42,1126
2026-04-07T16:20:00+00:00,211.42,211.89,211.34,211.64,1426
2026-04-07T16:25:00+00:00,211.64,211.76,211.45,211.51,1483
2026-04-07T16:30:00+00:00,211.51,211.61,211.38,211.58,1003
2026-04-07T16:35:00+00:00,211.58,211.64,211.28,211.39,725
2026-04-07T16:40:00+00:00,211.39,211.72,211.39,211.65,739
2026-04-07T16:45:00+00:00,211.65,212.04,211.65,211.85,954
2026-04-07T16:50:00+00:00,211.85,211.89,211.62,211.71,753
2026-04-07T16:55:00+00:00,211.71,211.71,211.47,211.55,783
2026-04-07T17:00:00+00:00,211.55,211.84,211.47,211.78,1251
2026-04-07T17:05:00+00:00,211.78,211.94,211.68,211.83,873
2026-04-07T17:10:00+00:00,211.83,211.96,211.75,211.86,750
2026-04-07T17:15:00+00:00,211.86,212.09,211.77,212.09,716
2026-04-07T17:20:00+00:00,212.09,212.11,211.77,211.97,581
2026-04-07T17:25:00+00:00,211.97,212.06,211.78,211.88,578
2026-04-07T17:30:00+00:00,211.88,212.36,211.83,212.32,716
2026-04-07T17:35:00+00:00,212.32,213.01,212.29,212.75,1866
2026-04-07T17:40:00+00:00,212.75,212.79,212.43,212.49,1127
2026-04-07T17:45:00+00:00,212.49,212.74,212.39,212.69,1052
2026-04-07T17:50:00+00:00,212.69,213.02,212.69,212.88,828
2026-04-07T17:55:00+00:00,212.88,212.93,212.65,212.77,827
2026-04-07T18:00:00+00:00,212.77,213.02,212.7,212.86,850
2026-04-07T18:05:00+00:00,212.86,212.88,212.58,212.7,698
2026-04-07T18:10:00+00:00,212.7,212.75,212.55,212.72,666
2026-04-07T18:15:00+00:00,212.72,212.78,212.47,212.77,731
2026-04-07T18:20:00+00:00,212.77,212.78,212.25,212.31,920
2026-04-07T18:25:00+00:00,212.31,212.4,212.18,212.27,967
2026-04-07T18:30:00+00:00,212.27,212.4,212.22,212.34,657
2026-04-07T18:35:00+00:00,212.34,212.49,212.21,212.33,737
2026-04-07T18:40:00+00:00,212.33,212.37,212,212.11,893
2026-04-07T18:45:00+00:00,212.11,212.15,211.78,211.9,778
2026-04-07T18:50:00+00:00,211.9,211.9,211.63,211.68,889
2026-04-07T18:55:00+00:00,211.68,211.7,211.14,211.5,1256
2026-04-07T19:00:00+00:00,211.5,211.77,211.38,211.72,972
2026-04-07T19:05:00+00:00,211.72,212.02,211.47,211.65,1209
2026-04-07T19:10:00+00:00,211.65,211.89,211.6,211.86,1287
2026-04-07T19:15:00+00:00,211.86,213.16,211.74,212.91,2079
2026-04-07T19:20:00+00:00,212.91,213.27,212.15,212.52,2044
2026-04-07T19:25:00+00:00,212.52,212.65,212.14,212.45,1347
2026-04-07T19:30:00+00:00,212.45,212.64,212.19,212.58,1454
2026-04-07T19:35:00+00:00,212.58,212.65,212.31,212.64,1121
2026-04-07T19:40:00+00:00,212.64,213.16,212.57,212.99,1265
2026-04-07T19:45:00+00:00,212.99,213.77,212.68,213.23,2114
2026-04-07T19:50:00+00:00,213.23,213.5,212.99,213.36,1537
2026-04-07T19:55:00+00:00,213.36,213.84,213.32,213.57,1799
2026-04-08T13:30:00+00:00,213.57,225.81,213.57,222.27,1805
2026-04-08T13:35:00+00:00,222.27,222.35,221.09,221.6,2064
2026-04-08T13:40:00+00:00,221.6,222,220.44,220.59,2272
2026-04-08T13:45:00+00:00,220.59,221.34,220.47,221.06,2099
2026-04-08T13:50:00+00:00,221.06,221.08,219.88,220.04,1956
2026-04-08T13:55:00+00:00,220.04,220.21,219.48,219.68,2039
2026-04-08T14:00:00+00:00,219.68,220.45,219.68,220.31,2299
2026-04-08T14:05:00+00:00,220.31,220.78,220.18,220.78,2067
2026-04-08T14:10:00+00:00,220.78,220.95,220.13,220.75,1952
2026-04-08T14:15:00+00:00,220.75,221.33,220.71,221.13,1510
2026-04-08T14:20:00+00:00,221.13,221.43,220.97,221.16,1667
2026-04-08T14:25:00+00:00,221.16,221.29,220.77,221.13,1399
2026-04-08T14:30:00+00:00,221.13,221.27,220.82,221.05,1767
2026-04-08T14:35:00+00:00,221.05,221.15,220.65,220.77,1492
2026-04-08T14:40:00+00:00,220.77,221.02,220.69,220.78,1434
2026-04-08T14:45:00+00:00,220.78,221.06,220.4,221,1447
2026-04-08T14:50:00+00:00,221,221.05,220.43,220.54,1189
2026-04-08T14:55:00+00:00,220.54,220.63,-2552.5605,-2552.5005,1833.0294359094642
2026-04-08T15:00:00+00:00,220.6,220.98,220.53,220.81,1385
2026-04-08T15:05:00+00:00,220.81,220.87,220.41,220.48,1050
2026-04-08T15:10:00+00:00,220.48,220.61,220.22,220.42,1134
2026-04-08T15:15:00+00:00,220.42,220.84,220.32,220.84,1142
2026-04-08T15:20:00+00:00,220.84,220.86,220.54,220.84,887
2026-04-08T15:25:00+00:00,220.84,221.06,220.62,220.74,1208
2026-04-08T15:30:00+00:00,220.74,220.94,220.61,220.78,1061
2026-04-08T15:35:00+00:00,220.78,221.15,220.71,221.15,906
2026-04-08T15:40:00+00:00,221.15,221.19,220.95,221.11,593
2026-04-08T15:45:00+00:00,221.11,221.28,221.06,221.21,590
2026-04-08T15:50:00+00:00,221.21,221.44,221.13,221.42,550
2026-04-08T15:55:00+00:00,221.42,221.56,221.29,221.33,617
2026-04-08T16:00:00+00:00,221.33,221.6,221.17,221.3,701
2026-04-08T16:05:00+00:00,221.3,221.68,221.22,221.62,662
2026-04-08T16:10:00+00:00,221.62,221.71,221.52,221.57,587
2026-04-08T16:15:00+00:00,221.57,221.89,221.39,221.85,842
2026-04-08T16:20:00+00:00,221.85,222.05,221.74,221.96,752
2026-04-08T16:25:00+00:00,221.96,221.96,221.72,221.82,611
2026-04-08T16:30:00+00:00,221.82,222.17,221.78,222.1,732
2026-04-08T16:35:00+00:00,222.1,222.27,221.99,222.16,544
2026-04-08T16:40:00+00:00,222.16,222.46,222.14,222.38,503
2026-04-08T16:45:00+00:00,222.38,222.59,222.31,222.39,530
2026-04-08T16:50:00+00:00,222.39,222.45,222.12,222.13,532
2026-04-08T16:55:00+00:00,222.13,222.49,222.12,222.17,489
2026-04-08T17:00:00+00:00,222.17,222.19,221.94,221.96,563
2026-04-08T17:05:00+00:00,221.96,222.02,221.75,221.89,497
2026-04-08T17:10:00+00:00,221.89,221.98,221.77,221.93,511
2026-04-08T17:15:00+00:00,221.93,222.02,221.8,221.95,591
2026-04-08T17:20:00+00:00,221.95,222,221.69,221.86,761
2026-04-08T17:25:00+00:00,221.86,221.91,221.34,221.68,927
2026-04-08T17:30:00+00:00,221.68,221.83,221.41,221.63,1064
2026-04-08T17:35:00+00:00,221.63,221.92,221.49,221.71,927
2026-04-08T17:40:00+00:00,221.71,221.95,221.65,221.9,773
2026-04-08T17:45:00+00:00,221.9,221.95,221.64,221.84,587
2026-04-08T17:50:00+00:00,221.84,222.15,221.77,222.12,520
2026-04-08T17:55:00+00:00,222.12,222.25,222.03,222.21,353
2026-04-08T18:00:00+00:00,222.21,222.68,222.01,222.52,659
2026-04-08T18:05:00+00:00,222.52,222.62,222.43,222.51,511
2026-04-08T18:10:00+00:00,222.51,222.55,222.31,222.41,418
2026-04-08T18:15:00+00:00,222.41,222.56,221.78,221.86,1146
2026-04-08T18:20:00+00:00,221.86,222.08,221.73,221.81,1306
2026-04-08T18:25:00+00:00,221.81,221.86,221.5,221.65,1128
2026-04-08T18:30:00+00:00,221.65,221.82,221.57,221.62,740
2026-04-08T18:35:00+00:00,221.62,221.73,221.34,221.38,568
2026-04-08T18:40:00+00:00,221.38,221.38,220.94,221.02,1069
2026-04-08T18:45:00+00:00,221.02,221.16,220.68,220.69,1008
2026-04-08T18:50:00+00:00,220.69,220.77,220.54,220.64,800
2026-04-08T18:55:00+00:00,220.64,220.66,220.33,220.41,858
2026-04-08T19:00:00+00:00,220.41,220.62,220.19,220.46,1429
2026-04-08T19:05:00+00:00,220.46,220.58,220.23,220.44,1162
2026-04-08T19:10:00+00:00,220.44,220.78,220.44,220.77,1148
2026-04-08T19:15:00+00:00,220.77,220.88,220.23,220.38,1215
2026-04-08T19:20:00+00:00,220.38,220.47,220.04,220.37,1302
2026-04-08T19:25:00+00:00,220.37,220.5,220.1,220.22,1115
2026-04-08T19:30:00+00:00,220.22,220.69,220.17,220.65,1294
2026-04-08T19:35:00+00:00,220.65,220.93,220.39,220.82,1485
2026-04-08T19:40:00+00:00,220.82,221.1,220.63,221.03,1059
2026-04-08T19:45:00+00:00,221.03,221.25,220.88,221.01,1287
2026-04-08T19:50:00+00:00,221.01,221.12,220.49,220.8,1247
2026-04-08T19:55:00+00:00,220.8,221.23,220.63,221.1,1551
2026-04-09T13:30:00+00:00,221.1,225.39,221.1,224.33,1576
2026-04-09T13:35:00+00:00,224.33,224.75,223.17,224.47,1848
2026-04-09T13:40:00+00:00,224.47,225.34,224.33,225.01,1864
2026-04-09T13:45:00+00:00,225.01,225.74,224.88,225.48,1932
2026-04-09T13:50:00+00:00,225.48,226.33,224.9,225.11,1908
2026-04-09T13:55:00+00:00,225.11,225.24,224.43,224.97,1536
2026-04-09T14:00:00+00:00,224.97,225.05,224.45,224.69,1422
2026-04-09T14:05:00+00:00,224.69,225.05,224.55,224.84,1280
2026-04-09T14:10:00+00:00,224.84,224.98,224.48,224.54,1284
2026-04-09T14:15:00+00:00,224.54,225.38,224.44,225.09,1506
2026-04-09T14:20:00+00:00,225.09,225.14,224.42,224.55,1387
2026-04-09T14:25:00+00:00,224.55,224.67,224.1,224.4,1199
2026-04-09T14:30:00+00:00,224.4,224.71,224.25,224.7,1321
2026-04-09T14:35:00+00:00,224.7,225.42,224.67,225.26,1215
2026-04-09T14:40:00+00:00,225.26,225.81,225.2,225.79,1054
2026-04-09T14:45:00+00:00,225.79,227.73,225.75,227.65,1532
2026-04-09T14:50:00+00:00,227.65,228.08,227.48,227.71,1296
2026-04-09T14:55:00+00:00,227.71,228.48,227.57,228.16,1379
2026-04-09T15:00:00+00:00,228.16,228.41,227.91,228.17,1523
2026-04-09T15:05:00+00:00,228.17,228.27,227.75,227.92,1261
2026-04-09T15:10:00+00:00,227.92,229.24,227.92,229.21,1340
2026-04-09T15:15:00+00:00,229.21,229.68,229.19,229.34,1393
2026-04-09T15:20:00+00:00,229.34,229.57,229.08,229.55,1161
2026-04-09T15:25:00+00:00,229.55,229.6,229.19,229.2,1049
2026-04-09T15:30:00+00:00,229.2,230.6,229.08,230.32,1930
2026-04-09T15:35:00+00:00,230.32,231.02,230.07,230.81,2117
2026-04-09T15:40:00+00:00,230.81,231.67,230.81,231.45,1602
2026-04-09T15:45:00+00:00,231.45,231.45,230.73,230.96,1586
2026-04-09T15:50:00+00:00,230.96,231.76,230.86,231.59,1297
2026-04-09T15:55:00+00:00,231.59,232.1,231.54,231.89,1110
2026-04-09T16:00:00+00:00,231.89,233.14,231.87,232.7,1382
2026-04-09T16:05:00+00:00,232.7,233.67,232.57,233.41,1336
2026-04-09T16:10:00+00:00,233.41,233.68,232.24,232.38,1374
2026-04-09T16:15:00+00:00,232.38,232.59,231.99,232.01,1385
2026-04-09T16:20:00+00:00,232.01,232.01,231.49,231.62,1123
2026-04-09T16:25:00+00:00,231.62,231.76,231.31,231.65,1079
2026-04-09T16:30:00+00:00,231.65,231.7,230.92,231.05,1004
2026-04-09T16:35:00+00:00,231.05,231.21,230.78,230.78,1178
2026-04-09T16:40:00+00:00,230.78,230.81,230.49,230.58,1017
2026-04-09T16:45:00+00:00,230.58,230.83,230.34,230.82,1014
2026-04-09T16:50:00+00:00,230.82,231.45,230.79,231.3,1070
2026-04-09T16:55:00+00:00,231.3,231.31,230.89,230.97,904
2026-04-09T17:00:00+00:00,230.97,231.02,230.66,231,905
2026-04-09T17:05:00+00:00,231,231.28,230.81,231.01,817
2026-04-09T17:10:00+00:00,231.01,231.31,230.92,231.08,869
2026-04-09T17:15:00+00:00,231.08,231.25,230.98,231.18,941
2026-04-09T17:20:00+00:00,231.18,231.53,231.16,231.34,764
2026-04-09T17:25:00+00:00,231.34,231.63,231.24,231.31,704
2026-04-09T17:30:00+00:00,231.31,231.38,230.92,231.3,965
2026-04-09T17:35:00+00:00,231.3,231.68,231.3,231.48,863
2026-04-09T17:40:00+00:00,231.48,231.55,231.06,231.12,858
2026-04-09T17:45:00+00:00,231.12,231.19,230.76,231.12,865
2026-04-09T17:50:00+00:00,231.12,231.23,230.84,230.93,851
2026-04-09T17:55:00+00:00,230.93,231.5,230.73,231.38,714
2026-04-09T18:00:00+00:00,231.38,231.46,230.49,230.72,1305
2026-04-09T18:05:00+00:00,230.72,231.33,230.67,231.2,1311
2026-04-09T18:10:00+00:00,231.2,231.75,231.16,231.71,1041
2026-04-09T18:15:00+00:00,231.71,232.13,231.63,231.74,870
2026-04-09T18:20:00+00:00,231.74,231.85,231.05,231.38,958
2026-04-09T18:25:00+00:00,231.38,231.57,231.26,231.52,1032
2026-04-09T18:30:00+00:00,231.52,231.53,231.16,231.25,965
2026-04-09T18:35:00+00:00,231.25,231.38,231.01,231.38,984
2026-04-09T18:40:00+00:00,231.38,231.4,230.85,231.02,926
2026-04-09T18:45:00+00:00,231.02,231.43,231,231.34,971
2026-04-09T18:50:00+00:00,231.34,231.76,231.21,231.73,715
2026-04-09T18:55:00+00:00,231.73,232.1,231.61,231.85,670
2026-04-09T19:00:00+00:00,231.85,231.87,231.49,231.76,1198
2026-04-09T19:05:00+00:00,231.76,232,231.53,231.99,988
2026-04-09T19:10:00+00:00,231.99,232.34,231.96,232.24,995
2026-04-09T19:15:00+00:00,232.24,232.46,232.07,232.24,1073
2026-04-09T19:20:00+00:00,232.24,232.28,231.96,232.25,1127
2026-04-09T19:25:00+00:00,232.25,232.33,232.07,232.22,991
2026-04-09T19:30:00+00:00,232.22,232.59,232.21,232.45,1136
2026-04-09T19:35:00+00:00,232.45,232.82,232.22,232.8,1100
2026-04-09T19:40:00+00:00,232.8,233.05,232.69,232.89,1050
2026-04-09T19:45:00+00:00,232.89,233.09,232.78,232.84,1032
2026-04-09T19:50:00+00:00,232.84,232.99,232.09,232.89,1493
2026-04-09T19:55:00+00:00,232.89,233.41,232.73,233.36,1627
2026-04-10T13:30:00+00:00,233.36,237.52,233.36,237.4,1663
2026-04-10T13:35:00+00:00,237.4,238.43,237.17,238.14,1943
2026-04-10T13:40:00+00:00,238.14,238.7,237.88,238.48,1860
2026-04-10T13:45:00+00:00,238.48,238.57,236.89,236.98,1676
2026-04-10T13:50:00+00:00,236.98,238.14,236.71,238.09,1432
2026-04-10T13:55:00+00:00,238.09,238.28,237.5,238.04,1278
2026-04-10T14:00:00+00:00,238.04,238.04,236.57,237.19,1573
2026-04-10T14:05:00+00:00,237.19,238.3,237.14,238.29,1060
2026-04-10T14:10:00+00:00,238.29,238.58,237.95,238.5,1217
2026-04-10T14:15:00+00:00,238.5,239.57,238.49,239.5,1092
2026-04-10T14:20:00+00:00,239.5,239.61,239.05,239.11,941
2026-04-10T14:25:00+00:00,239.11,239.45,238.68,238.92,1227
2026-04-10T14:30:00+00:00,238.92,239.26,238.81,238.9,1183
2026-04-10T14:35:00+00:00,238.9,239.16,238.58,238.67,1035
2026-04-10T14:40:00+00:00,238.67,239.09,238.43,238.75,1183
2026-04-10T14:45:00+00:00,238.75,239.14,238.73,238.94,1071
2026-04-10T14:50:00+00:00,238.94,239.37,238.73,238.8,1081
2026-04-10T14:55:00+00:00,238.8,239.18,-2534.1805,-2534.1304999999998,1032.261518494484
2026-04-10T15:00:00+00:00,238.97,239.3,238.77,239.13,1055
2026-04-10T15:05:00+00:00,239.13,240.17,239.12,240.17,797
2026-04-10T15:10:00+00:00,240.17,240.32,239.56,239.76,911
2026-04-10T15:15:00+00:00,239.76,239.92,239.62,239.84,877
2026-04-10T15:20:00+00:00,239.84,240.06,239.57,239.66,884
2026-04-10T15:25:00+00:00,239.66,239.71,239.13,239.19,1256
2026-04-10T15:30:00+00:00,239.19,239.43,238.65,238.8,1207
2026-04-10T15:35:00+00:00,238.8,238.84,238.31,238.36,984
2026-04-10T15:40:00+00:00,238.36,238.4,237.97,238.17,1033
2026-04-10T15:45:00+00:00,238.17,238.4,237.86,238.26,998
2026-04-10T15:50:00+00:00,238.26,238.53,238.18,238.2,902
2026-04-10T15:55:00+00:00,238.2,238.27,237.59,237.72,1201
2026-04-10T16:00:00+00:00,237.72,237.84,237.45,237.45,1027
2026-04-10T16:05:00+00:00,237.45,237.76,237.36,237.58,877
2026-04-10T16:10:00+00:00,237.58,238.27,237.56,237.94,900
2026-04-10T16:15:00+00:00,237.94,238.11,237.86,237.87,749
2026-04-10T16:20:00+00:00,237.87,237.94,237.41,237.56,950
2026-04-10T16:25:00+00:00,237.56,237.9,237.5,237.8,717
2026-04-10T16:30:00+00:00,237.8,237.97,237.64,237.93,774
2026-04-10T16:35:00+00:00,237.93,237.93,237.58,237.74,717
2026-04-10T16:40:00+00:00,237.74,237.84,237.14,237.18,912
2026-04-10T16:45:00+00:00,237.18,237.54,237,237.44,825
2026-04-10T16:50:00+00:00,237.44,237.89,237.3,237.85,824
2026-04-10T16:55:00+00:00,237.85,237.96,237.72,237.86,611
2026-04-10T17:00:00+00:00,237.86,237.87,237.51,237.73,718
2026-04-10T17:05:00+00:00,237.73,238.27,237.71,238.21,594
2026-04-10T17:10:00+00:00,238.21,238.62,238.11,238.4,871
2026-04-10T17:15:00+00:00,238.4,238.69,238.23,238.54,641
2026-04-10T17:20:00+00:00,238.54,238.63,238.27,238.35,728
2026-04-10T17:25:00+00:00,238.35,238.53,238.24,238.52,620
2026-04-10T17:30:00+00:00,238.52,238.52,238.16,238.24,722
2026-04-10T17:35:00+00:00,238.24,238.31,237.94,237.94,560
2026-04-10T17:40:00+00:00,237.94,237.97,237.59,237.65,595
2026-04-10T17:45:00+00:00,237.65,237.81,237.58,237.72,634
2026-04-10T17:50:00+00:00,237.72,237.97,237.62,237.92,515
2026-04-10T17:55:00+00:00,237.92,237.93,237.64,237.8,516
2026-04-10T18:00:00+00:00,237.8,237.94,237.59,237.8,578
2026-04-10T18:05:00+00:00,237.8,238.06,237.76,237.88,639
2026-04-10T18:10:00+00:00,237.88,238.4,237.81,238.23,572
2026-04-10T18:15:00+00:00,238.23,238.27,237.84,238.03,690
2026-04-10T18:20:00+00:00,238.03,238.15,237.92,238.01,560
2026-04-10T18:25:00+00:00,238.01,238.08,237.73,237.74,496
2026-04-10T18:30:00+00:00,237.74,237.78,237.39,237.42,592
2026-04-10T18:35:00+00:00,237.42,237.66,237.31,237.56,641
2026-04-10T18:40:00+00:00,237.56,237.62,237.42,237.54,490
2026-04-10T18:45:00+00:00,237.54,237.7,237.38,237.66,429
2026-04-10T18:50:00+00:00,237.66,237.95,237.58,237.85,388
2026-04-10T18:55:00+00:00,237.85,237.87,237.68,237.72,322
2026-04-10T19:00:00+00:00,237.72,238.12,237.59,238.05,573
2026-04-10T19:05:00+00:00,238.05,238.09,237.9,238.06,449
2026-04-10T19:10:00+00:00,238.06,238.26,237.95,238.24,474
2026-04-10T19:15:00+00:00,238.24,238.25,237.93,238.05,588
2026-04-10T19:20:00+00:00,238.05,238.31,237.96,238.28,663
2026-04-10T19:25:00+00:00,238.28,238.32,238.09,238.2,635
2026-04-10T19:30:00+00:00,238.2,238.22,237.58,237.72,810
2026-04-10T19:35:00+00:00,237.72,238.24,237.64,238.13,804
2026-04-10T19:40:00+00:00,238.13,238.32,237.98,238.1,855
2026-04-10T19:45:00+00:00,238.1,238.19,237.8,238,888
2026-04-10T19:50:00+00:00,238,238.06,237.63,237.78,1134
2026-04-10T19:55:00+00:00,237.78,238.38,237.76,238.21,1011
2026-04-13T13:30:00+00:00,238.21,238.21,236.88,237.79,1453
2026-04-13T13:35:00+00:00,237.79,237.79,237.08,237.25,1259
2026-04-13T13:40:00+00:00,237.25,237.3,235.97,236.33,1501
2026-04-13T13:45:00+00:00,236.33,237.07,235.63,236.6,1907
2026-04-13T13:50:00+00:00,236.6,237.13,235.88,237.13,1865
2026-04-13T13:55:00+00:00,237.13,237.62,236.9,237.08,1595
2026-04-13T14:00:00+00:00,237.08,237.57,236.42,237.57,1667
2026-04-13T14:05:00+00:00,237.57,238.04,236.76,236.94,1674
2026-04-13T14:10:00+00:00,236.94,237.04,236.05,236.2,1408
2026-04-13T14:15:00+00:00,236.2,236.6,235.94,236.54,1166
2026-04-13T14:20:00+00:00,236.54,237.1,236.38,236.93,1617
2026-04-13T14:25:00+00:00,236.93,237.07,236.48,237,1155
2026-04-13T14:30:00+00:00,237,237.08,236.69,236.8,1123
2026-04-13T14:35:00+00:00,236.8,236.84,236.31,236.64,980
2026-04-13T14:40:00+00:00,236.64,236.99,236.33,236.55,1025
2026-04-13T14:45:00+00:00,236.55,236.73,236.25,236.33,1067
2026-04-13T14:50:00+00:00,236.33,236.88,236.32,236.84,811
2026-04-13T14:55:00+00:00,236.84,237.48,236.73,237.39,960
2026-04-13T15:00:00+00:00,237.39,237.48,236.91,236.99,1094
2026-04-13T15:05:00+00:00,236.99,237.26,236.88,237.16,818
2026-04-13T15:10:00+00:00,237.16,237.61,237.08,237.54,866
2026-04-13T15:15:00+00:00,237.54,237.75,237.39,237.43,831
2026-04-13T15:20:00+00:00,237.43,238.04,237.38,237.76,697
2026-04-13T15:25:00+00:00,237.76,237.91,237.24,237.72,946
2026-04-13T15:30:00+00:00,237.72,238.42,237.66,238.35,899
2026-04-13T15:35:00+00:00,238.35,239.19,238.35,238.79,1188
2026-04-13T15:40:00+00:00,238.79,238.9,238.2,238.45,824
2026-04-13T15:45:00+00:00,238.45,238.64,238.27,238.54,648
2026-04-13T15:50:00+00:00,238.54,238.63,238,238.08,673
2026-04-13T15:55:00+00:00,238.08,238.24,237.89,238.09,703
2026-04-13T16:00:00+00:00,238.09,238.1,237.29,237.4,658
2026-04-13T16:05:00+00:00,237.4,238.24,237.34,237.56,1059
2026-04-13T16:10:00+00:00,237.56,237.65,237.23,237.42,697
2026-04-13T16:15:00+00:00,237.42,238.52,237.28,238.36,818
2026-04-13T16:20:00+00:00,238.36,238.66,237.98,238.16,923
2026-04-13T16:25:00+00:00,238.16,238.79,238.12,238.75,740
2026-04-13T16:30:00+00:00,238.75,238.78,238.23,238.29,921
2026-04-13T16:35:00+00:00,238.29,238.7,237.99,238.14,777
2026-04-13T16:40:00+00:00,238.14,238.29,237.7,238.15,1069
2026-04-13T16:45:00+00:00,238.15,238.63,237.98,238.43,854
2026-04-13T16:50:00+00:00,238.43,238.97,238.42,238.62,911
2026-04-13T16:55:00+00:00,238.62,238.64,238.36,238.42,718
2026-04-13T17:00:00+00:00,238.42,238.52,238.08,238.22,655
2026-04-13T17:05:00+00:00,238.22,238.33,238.03,238.16,611
2026-04-13T17:10:00+00:00,238.16,238.26,238.04,238.17,417
2026-04-13T17:15:00+00:00,238.17,238.57,238.09,238.48,505
2026-04-13T17:20:00+00:00,238.48,238.52,238.3,238.44,362
2026-04-13T17:25:00+00:00,238.44,238.67,238.39,238.6,407
2026-04-13T17:30:00+00:00,238.6,238.76,238.55,238.61,365
2026-04-13T17:35:00+00:00,238.61,238.67,238.43,238.5,424
2026-04-13T17:40:00+00:00,238.5,238.59,238.38,238.47,397
2026-04-13T17:45:00+00:00,238.47,238.53,238.28,238.35,296
2026-04-13T17:50:00+00:00,238.35,238.6,238.29,238.58,430
2026-04-13T17:55:00+00:00,238.58,238.64,238.44,238.57,422
2026-04-13T18:00:00+00:00,238.57,239.11,238.55,238.97,509
2026-04-13T18:05:00+00:00,238.97,239.05,238.78,238.84,347
2026-04-13T18:10:00+00:00,238.84,238.92,238.68,238.79,276
2026-04-13T18:15:00+00:00,238.79,238.83,238.61,238.62,372
2026-04-13T18:20:00+00:00,238.62,238.79,238.57,238.58,449
2026-04-13T18:25:00+00:00,238.58,238.67,238.52,238.6,359
2026-04-13T18:30:00+00:00,238.6,238.77,238.49,238.67,422
2026-04-13T18:35:00+00:00,238.67,238.97,238.59,238.75,348
2026-04-13T18:40:00+00:00,238.75,238.77,238.48,238.57,332
2026-04-13T18:45:00+00:00,238.57,238.76,238.54,238.65,377
2026-04-13T18:50:00+00:00,238.65,238.73,238.49,238.52,368
2026-04-13T18:55:00+00:00,238.52,238.55,238.13,238.31,530
2026-04-13T19:00:00+00:00,238.31,238.34,238.09,238.25,598
2026-04-13T19:05:00+00:00,238.25,238.45,238.2,238.25,446
2026-04-13T19:10:00+00:00,238.25,238.35,238.1,238.1,552
2026-04-13T19:15:00+00:00,238.1,238.21,238.09,238.15,465
2026-04-13T19:20:00+00:00,238.15,238.53,238.15,238.49,537
2026-04-13T19:25:00+00:00,238.49,238.55,238.38,238.43,535
2026-04-13T19:30:00+00:00,238.43,238.78,238.35,238.69,584
2026-04-13T19:35:00+00:00,238.69,238.97,238.62,238.8,614
2026-04-13T19:40:00+00:00,238.8,239,238.67,238.94,666
2026-04-13T19:45:00+00:00,238.94,238.96,238.63,238.75,565
2026-04-13T19:50:00+00:00,238.75,239.31,238.63,239.16,1334
2026-04-13T19:55:00+00:00,239.16,239.89,239.16,239.75,1454
2026-04-14T13:30:00+00:00,239.75,244.88,239.75,244.84,1752
2026-04-14T13:35:00+00:00,244.84,246.75,244.84,246.2,2356
2026-04-14T13:40:00+00:00,246.2,246.39,245.39,245.93,2095
2026-04-14T13:45:00+00:00,245.93,246.63,245.86,246.12,1703
2026-04-14T13:50:00+00:00,246.12,246.74,245.98,246.39,1524
2026-04-14T13:55:00+00:00,246.39,246.43,245.48,245.59,1528
2026-04-14T14:00:00+00:00,245.59,246.4,245.19,245.75,1723
2026-04-14T14:05:00+00:00,245.75,245.98,245.45,245.74,1262
2026-04-14T14:10:00+00:00,245.74,245.74,244.98,245.18,1392
2026-04-14T14:15:00+00:00,245.18,245.31,244.84,245.13,1289
2026-04-14T14:20:00+00:00,245.13,245.86,245.06,245.28,1043
2026-04-14T14:25:00+00:00,245.28,245.7,245.07,245.67,918
2026-04-14T14:30:00+00:00,245.67,246.3,245.59,245.74,1041
2026-04-14T14:35:00+00:00,245.74,246.45,245.74,246.23,963
2026-04-14T14:40:00+00:00,246.23,246.97,246.18,246.52,955
2026-04-14T14:45:00+00:00,246.52,246.73,246.38,246.44,666
2026-04-14T14:50:00+00:00,246.44,246.84,246.29,246.73,841
2026-04-14T14:55:00+00:00,246.73,246.95,246.64,246.71,724
2026-04-14T15:00:00+00:00,246.71,247.01,246.52,246.69,775
2026-04-14T15:05:00+00:00,246.69,246.72,246.25,246.42,889
2026-04-14T15:10:00+00:00,246.42,246.91,246.26,246.74,866
2026-04-14T15:15:00+00:00,246.74,247.18,246.66,247.15,761
2026-04-14T15:20:00+00:00,247.15,247.55,247.11,247.39,880
2026-04-14T15:25:00+00:00,247.39,247.64,247.04,247.22,754
2026-04-14T15:30:00+00:00,247.22,247.86,247.13,247.65,845
2026-04-14T15:35:00+00:00,247.65,248.08,247.45,247.96,812
2026-04-14T15:40:00+00:00,247.96,248.1,247.78,247.83,792
2026-04-14T15:45:00+00:00,247.83,248.28,247.82,248.15,826
2026-04-14T15:50:00+00:00,248.15,248.51,248.13,248.33,606
2026-04-14T15:55:00+00:00,248.33,248.41,247.94,248.04,741
2026-04-14T16:00:00+00:00,248.04,248.21,247.61,248.18,769
2026-04-14T16:05:00+00:00,248.18,248.43,248.08,248.3,568
2026-04-14T16:10:00+00:00,248.3,248.68,248.3,248.63,697
2026-04-14T16:15:00+00:00,248.63,249.2,248.55,249.19,830
2026-04-14T16:20:00+00:00,249.19,249.4,249.04,249.31,907
2026-04-14T16:25:00+00:00,249.31,249.64,249.26,249.54,736
2026-04-14T16:30:00+00:00,249.54,249.71,249.38,249.44,856
2026-04-14T16:35:00+00:00,249.44,249.88,249.27,249.79,904
2026-04-14T16:40:00+00:00,249.79,250.3,249.68,250.13,947
2026-04-14T16:45:00+00:00,250.13,250.26,249.57,249.75,721
2026-04-14T16:50:00+00:00,249.75,250.21,249.6,249.79,773
2026-04-14T16:55:00+00:00,249.79,249.94,249.63,249.88,545
2026-04-14T17:00:00+00:00,249.88,250.01,249.41,249.44,504
2026-04-14T17:05:00+00:00,249.44,249.68,249.33,249.52,507
2026-04-14T17:10:00+00:00,249.52,249.62,249.41,249.43,431
2026-04-14T17:15:00+00:00,249.43,249.97,249.34,249.88,519
2026-04-14T17:20:00+00:00,249.88,250.15,249.85,250.06,524
2026-04-14T17:25:00+00:00,250.06,250.12,249.73,249.92,634
2026-04-14T17:30:00+00:00,249.92,250.66,249.89,250.63,566
2026-04-14T17:35:00+00:00,250.63,251.49,250.58,251.46,674
2026-04-14T17:40:00+00:00,251.46,252.05,251.45,251.58,1067
2026-04-14T17:45:00+00:00,251.58,251.98,251.45,251.92,739
2026-04-14T17:50:00+00:00,251.92,251.95,250.98,250.98,781
2026-04-14T17:55:00+00:00,250.98,251.63,250.98,251.63,710
2026-04-14T18:00:00+00:00,251.63,251.84,251.52,251.66,541
2026-04-14T18:05:00+00:00,251.66,251.99,251.63,251.84,686
2026-04-14T18:10:00+00:00,251.84,251.9,250.8,250.88,735
2026-04-14T18:15:00+00:00,250.88,250.93,249.99,249.99,747
2026-04-14T18:20:00+00:00,249.99,250.12,249.43,249.53,795
2026-04-14T18:25:00+00:00,249.53,249.87,249.33,249.38,774
2026-04-14T18:30:00+00:00,249.38,249.42,249.11,249.19,706
2026-04-14T18:35:00+00:00,249.19,249.49,249.04,249.33,600
2026-04-14T18:40:00+00:00,249.33,249.36,248.68,248.79,698
2026-04-14T18:45:00+00:00,248.79,248.8,248.48,248.61,658
2026-04-14T18:50:00+00:00,248.61,248.92,248.51,248.68,749
2026-04-14T18:55:00+00:00,248.68,248.84,248.43,248.6,570
2026-04-14T19:00:00+00:00,248.6,248.75,248.27,248.36,813
2026-04-14T19:05:00+00:00,248.36,248.58,248.15,248.29,651
2026-04-14T19:10:00+00:00,248.29,248.55,248.08,248.22,760
2026-04-14T19:15:00+00:00,248.22,248.95,248.22,248.61,806
2026-04-14T19:20:00+00:00,248.61,249.13,248.55,248.95,788
2026-04-14T19:25:00+00:00,248.95,249.42,248.89,249.33,722
2026-04-14T19:30:00+00:00,249.33,249.57,249.28,249.38,800
2026-04-14T19:35:00+00:00,249.38,249.62,249.15,249.49,878
2026-04-14T19:40:00+00:00,249.49,249.51,248.94,249.01,902
2026-04-14T19:45:00+00:00,249.01,249.22,248.94,249.17,851
2026-04-14T19:50:00+00:00,249.17,249.2,248.36,248.42,1267
2026-04-14T19:55:00+00:00,248.42,248.98,248.42,248.9,1267
2026-04-15T13:30:00+00:00,248.9,250.19,247.39,248.1,1556
2026-04-15T13:35:00+00:00,248.1,248.23,247.16,247.75,1567
2026-04-15T13:40:00+00:00,247.75,248.03,247.19,247.35,1579
2026-04-15T13:45:00+00:00,247.35,248.52,247.35,248.5,1586
2026-04-15T13:50:00+00:00,248.5,249.24,248.38,248.46,1513
2026-04-15T13:55:00+00:00,248.46,248.71,248.2,248.45,998
2026-04-15T14:00:00+00:00,248.45,248.73,248.16,248.18,1316
2026-04-15T14:05:00+00:00,248.18,248.33,247.7,247.93,1025
2026-04-15T14:10:00+00:00,247.93,248.01,247.54,247.92,922
2026-04-15T14:15:00+00:00,247.92,248.08,247.66,247.74,869
2026-04-15T14:20:00+00:00,247.74,248.2,247.73,248.09,948
2026-04-15T14:25:00+00:00,248.09,248.16,247.79,247.81,755
2026-04-15T14:30:00+00:00,247.81,248.08,247.51,247.62,862
2026-04-15T14:35:00+00:00,247.62,247.77,247.07,247.14,838
2026-04-15T14:40:00+00:00,247.14,247.77,247.13,247.35,999
2026-04-15T14:45:00+00:00,247.35,247.85,247.29,247.78,738
2026-04-15T14:50:00+00:00,247.78,248.25,247.72,248.09,779
2026-04-15T14:55:00+00:00,248.09,248.31,-2525.3005,-2525.3005,800.3579136690647
2026-04-15T15:00:00+00:00,247.81,248.14,247.6,247.66,788
2026-04-15T15:05:00+00:00,247.66,247.77,247.11,247.46,811
2026-04-15T15:10:00+00:00,247.46,247.56,247.18,247.47,839
2026-04-15T15:15:00+00:00,247.47,248.26,247.47,247.9,871
2026-04-15T15:20:00+00:00,247.9,248.11,247.53,247.73,796
2026-04-15T15:25:00+00:00,247.73,247.82,247.51,247.6,645
2026-04-15T15:30:00+00:00,247.6,247.62,247.18,247.4,782
2026-04-15T15:35:00+00:00,247.4,247.74,247.32,247.63,716
2026-04-15T15:40:00+00:00,247.63,248,247.62,247.86,672
2026-04-15T15:45:00+00:00,247.86,248.04,247.75,247.96,579
2026-04-15T15:50:00+00:00,247.96,248.23,247.79,248.16,550
2026-04-15T15:55:00+00:00,248.16,248.24,247.71,247.77,667
2026-04-15T16:00:00+00:00,247.77,248.23,247.58,248.23,681
2026-04-15T16:05:00+00:00,248.23,248.37,248.1,248.22,490
2026-04-15T16:10:00+00:00,248.22,248.28,248.05,248.2,369
2026-04-15T16:15:00+00:00,248.2,248.65,248.1,248.59,565
2026-04-15T16:20:00+00:00,248.59,248.97,248.58,248.85,510
2026-04-15T16:25:00+00:00,248.85,248.98,248.74,248.85,529
2026-04-15T16:30:00+00:00,248.85,248.86,248.34,248.45,679
2026-04-15T16:35:00+00:00,248.45,248.5,247.98,248,554
2026-04-15T16:40:00+00:00,248,248.16,247.79,248.01,1000
2026-04-15T16:45:00+00:00,248.01,248.19,247.87,247.94,883
2026-04-15T16:50:00+00:00,247.94,248.05,247.79,247.94,718
2026-04-15T16:55:00+00:00,247.94,248,247.59,247.89,697
2026-04-15T17:00:00+00:00,247.89,248.23,247.84,248.17,563
2026-04-15T17:05:00+00:00,248.17,248.32,247.93,248.08,638
2026-04-15T17:10:00+00:00,248.08,248.1,247.74,248.04,540
2026-04-15T17:15:00+00:00,248.04,248.11,247.9,248.02,392
2026-04-15T17:20:00+00:00,248.02,248.15,247.95,247.97,477
2026-04-15T17:25:00+00:00,247.97,248.39,247.97,248.31,435
2026-04-15T17:30:00+00:00,248.31,248.56,248.23,248.5,407
2026-04-15T17:35:00+00:00,248.5,248.69,248.4,248.55,408
2026-04-15T17:40:00+00:00,248.55,248.57,248.27,248.5,545
2026-04-15T17:45:00+00:00,248.5,248.64,248.39,248.56,466
2026-04-15T17:50:00+00:00,248.56,248.63,248.31,248.32,406
2026-04-15T17:55:00+00:00,248.32,248.44,248.11,248.18,460
2026-04-15T18:00:00+00:00,248.18,248.95,248.01,248.65,1033
2026-04-15T18:05:00+00:00,248.65,248.87,248.59,248.78,597
2026-04-15T18:10:00+00:00,248.78,248.84,248.63,248.67,466
2026-04-15T18:15:00+00:00,248.67,248.74,248.53,248.57,425
2026-04-15T18:20:00+00:00,248.57,248.57,248.39,248.41,292
2026-04-15T18:25:00+00:00,248.41,248.54,248.36,248.36,362
2026-04-15T18:30:00+00:00,248.36,248.7,248.36,248.63,437
2026-04-15T18:35:00+00:00,248.63,248.87,248.62,248.75,512
2026-04-15T18:40:00+00:00,248.75,248.81,248.5,248.6,475
2026-04-15T18:45:00+00:00,248.6,248.74,248.58,248.64,368
2026-04-15T18:50:00+00:00,248.64,248.76,248.63,248.74,327
2026-04-15T18:55:00+00:00,248.74,248.77,248.55,248.56,286
2026-04-15T19:00:00+00:00,248.56,248.61,248.43,248.57,343
2026-04-15T19:05:00+00:00,248.57,248.6,248.43,248.5,326
2026-04-15T19:10:00+00:00,248.5,248.55,248.31,248.32,363
2026-04-15T19:15:00+00:00,248.32,248.5,248.31,248.36,335
2026-04-15T19:20:00+00:00,248.36,248.58,248.23,248.45,371
2026-04-15T19:25:00+00:00,248.45,248.7,248.43,248.58,360
2026-04-15T19:30:00+00:00,248.58,248.73,248.48,248.65,345
2026-04-15T19:35:00+00:00,248.65,248.7,248.41,248.47,354
2026-04-15T19:40:00+00:00,248.47,248.84,248.4,248.5,567
2026-04-15T19:45:00+00:00,248.5,248.64,248.38,248.4,498
2026-04-15T19:50:00+00:00,248.4,249.35,248.4,249.06,919
2026-04-15T19:55:00+00:00,249.06,249.06,248.27,248.39,1197
2026-04-16T13:30:00+00:00,248.39,249.82,246.58,247.15,1574
2026-04-16T13:35:00+00:00,247.15,247.92,246.41,246.46,1671
2026-04-16T13:40:00+00:00,246.46,246.79,245.9,246.25,1680
2026-04-16T13:45:00+00:00,246.25,246.55,245.63,245.91,1652
2026-04-16T13:50:00+00:00,245.91,245.93,244.8,244.84,1845
2026-04-16T13:55:00+00:00,244.84,245.37,244.54,244.7,2115
2026-04-16T14:00:00+00:00,244.7,244.91,244.04,244.79,2042
2026-04-16T14:05:00+00:00,244.79,245.49,244.79,245.25,1693
2026-04-16T14:10:00+00:00,245.25,245.79,244.86,245.68,1680
2026-04-16T14:15:00+00:00,245.68,246.15,245.66,245.94,1528
2026-04-16T14:20:00+00:00,245.94,246.04,245.62,245.76,1251
2026-04-16T14:25:00+00:00,245.76,245.98,245.31,245.41,1241
2026-04-16T14:30:00+00:00,245.41,245.57,245.09,245.43,1210
2026-04-16T14:35:00+00:00,245.43,245.7,245.38,245.53,1211
2026-04-16T14:40:00+00:00,245.53,245.88,245.48,245.71,1070
2026-04-16T14:45:00+00:00,245.71,246.33,245.64,246.18,940
2026-04-16T14:50:00+00:00,246.18,246.35,246,246.21,942
2026-04-16T14:55:00+00:00,246.21,246.23,245.84,246.1,978
2026-04-16T15:00:00+00:00,246.1,246.38,246.03,246.26,916
2026-04-16T15:05:00+00:00,246.26,246.81,245.91,246.78,962
2026-04-16T15:10:00+00:00,246.78,247.08,246.68,246.94,951
2026-04-16T15:15:00+00:00,246.94,247.76,246.91,247.64,1403
2026-04-16T15:20:00+00:00,247.64,247.87,247.44,247.84,873
2026-04-16T15:25:00+00:00,247.84,248.08,247.48,247.51,931
2026-04-16T15:30:00+00:00,247.51,247.76,247.38,247.45,1137
2026-04-16T15:35:00+00:00,247.45,248.2,247.44,247.86,1631
2026-04-16T15:40:00+00:00,247.86,247.95,247.59,247.65,1161
2026-04-16T15:45:00+00:00,247.65,247.84,247.6,247.74,889
2026-04-16T15:50:00+00:00,247.74,248.31,247.71,248.29,840
2026-04-16T15:55:00+00:00,248.29,248.5,248.22,248.42,747
2026-04-16T16:00:00+00:00,248.42,248.62,248.4,248.51,642
2026-04-16T16:05:00+00:00,248.51,248.64,248.43,248.54,604
2026-04-16T16:10:00+00:00,248.54,248.78,248.5,248.7,592
2026-04-16T16:15:00+00:00,248.7,248.93,248.66,248.87,692
2026-04-16T16:20:00+00:00,248.87,248.89,248.46,248.51,690
2026-04-16T16:25:00+00:00,248.51,248.61,248.29,248.29,634
2026-04-16T16:30:00+00:00,248.29,248.39,247.58,248.05,1354
2026-04-16T16:35:00+00:00,248.05,248.44,247.88,248.44,1149
2026-04-16T16:40:00+00:00,248.44,248.5,248.07,248.3,745
2026-04-16T16:45:00+00:00,248.3,248.51,248.2,248.42,716
2026-04-16T16:50:00+00:00,248.42,248.56,248.04,248.11,774
2026-04-16T16:55:00+00:00,248.11,248.27,247.99,248.27,713
2026-04-16T17:00:00+00:00,248.27,248.47,248.22,248.38,716
2026-04-16T17:05:00+00:00,248.38,248.51,248.2,248.48,815
2026-04-16T17:10:00+00:00,248.48,248.71,248.37,248.45,710
2026-04-16T17:15:00+00:00,248.45,248.78,248.41,248.72,855
2026-04-16T17:20:00+00:00,248.72,248.9,248.56,248.82,792
2026-04-16T17:25:00+00:00,248.82,249.14,248.78,248.98,849
2026-04-16T17:30:00+00:00,248.98,249.16,248.88,249.06,823
2026-04-16T17:35:00+00:00,249.06,249.17,248.84,249.1,681
2026-04-16T17:40:00+00:00,249.1,249.49,249.07,249.39,538
2026-04-16T17:45:00+00:00,249.39,249.44,249.14,249.26,529
2026-04-16T17:50:00+00:00,249.26,249.28,249.06,249.12,516
2026-04-16T17:55:00+00:00,249.12,249.14,248.83,249.11,1060
2026-04-16T18:00:00+00:00,249.11,249.4,248.98,249.1,1153
2026-04-16T18:05:00+00:00,249.1,249.19,248.75,248.82,923
2026-04-16T18:10:00+00:00,248.82,248.93,248.6,248.81,1005
2026-04-16T18:15:00+00:00,248.81,248.88,248.59,248.72,707
2026-04-16T18:20:00+00:00,248.72,248.84,248.31,248.34,658
2026-04-16T18:25:00+00:00,248.34,248.46,248.18,248.44,997
2026-04-16T18:30:00+00:00,248.44,248.84,248.4,248.75,825
2026-04-16T18:35:00+00:00,248.75,249.1,248.7,248.99,656
2026-04-16T18:40:00+00:00,248.99,249.31,248.98,249.18,632
2026-04-16T18:45:00+00:00,249.18,249.26,248.95,249.02,670
2026-04-16T18:50:00+00:00,249.02,249.07,248.6,248.64,542
2026-04-16T18:55:00+00:00,248.64,248.66,248.48,248.66,580
2026-04-16T19:00:00+00:00,248.66,248.82,248.23,248.31,930
2026-04-16T19:05:00+00:00,248.31,248.55,248.21,248.31,810
2026-04-16T19:10:00+00:00,248.31,248.41,248.11,248.2,818
2026-04-16T19:15:00+00:00,248.2,248.4,248.19,248.31,646
2026-04-16T19:20:00+00:00,248.31,248.36,248.17,248.33,722
2026-04-16T19:25:00+00:00,248.33,248.58,248.26,248.55,659
2026-04-16T19:30:00+00:00,248.55,248.85,248.52,248.78,752
2026-04-16T19:35:00+00:00,248.78,248.94,248.62,248.7,700
2026-04-16T19:40:00+00:00,248.7,249.06,248.56,248.89,935
2026-04-16T19:45:00+00:00,248.89,249.34,248.84,249.3,884
2026-04-16T19:50:00+00:00,249.3,249.47,248.93,249.18,1154
2026-04-16T19:55:00+00:00,249.18,249.62,248.94,249.45,1301
2026-04-17T13:30:00+00:00,249.45,255.65,249.45,253.29,1572
2026-04-17T13:35:00+00:00,253.29,254.56,253.28,253.84,1880
2026-04-17T13:40:00+00:00,253.84,254.22,253.39,253.75,1986
2026-04-17T13:45:00+00:00,253.75,254.26,252.89,253.56,2241
2026-04-17T13:50:00+00:00,253.56,253.71,253.11,253.54,1640
2026-04-17T13:55:00+00:00,253.54,254.11,253.49,253.78,1632
2026-04-17T14:00:00+00:00,253.78,254.27,253.78,254.11,1588
2026-04-17T14:05:00+00:00,254.11,254.16,253.59,253.77,1183
2026-04-17T14:10:00+00:00,253.77,254.37,253.68,254.36,1168
2026-04-17T14:15:00+00:00,254.36,254.57,254.21,254.43,963
2026-04-17T14:20:00+00:00,254.43,254.43,253.88,254.14,1121
2026-04-17T14:25:00+00:00,254.14,254.34,253.98,254.26,1056
2026-04-17T14:30:00+00:00,254.26,255.19,254.21,255.15,1099
2026-04-17T14:35:00+00:00,255.15,255.41,254.82,255.33,867
2026-04-17T14:40:00+00:00,255.33,255.58,255.12,255.54,1037
2026-04-17T14:45:00+00:00,255.54,256.05,255.07,255.07,1117
2026-04-17T14:50:00+00:00,255.07,255.27,254.82,254.9,695
2026-04-17T14:55:00+00:00,254.9,255,-2518.7405,-2518.7305,983.6343223736969
2026-04-17T15:00:00+00:00,254.4,254.5,253.98,254.16,1172
2026-04-17T15:05:00+00:00,254.16,254.41,253.96,253.97,861
2026-04-17T15:10:00+00:00,253.97,254.27,253.89,253.91,1016
2026-04-17T15:15:00+00:00,253.91,254.26,253.61,253.68,904
2026-04-17T15:20:00+00:00,253.68,254.28,253.52,254.13,887
2026-04-17T15:25:00+00:00,254.13,254.16,253.79,253.96,731
2026-04-17T15:30:00+00:00,253.96,254.34,253.88,254.15,824
2026-04-17T15:35:00+00:00,254.15,254.24,253.77,253.92,662
2026-04-17T15:40:00+00:00,253.92,254.01,253.53,253.61,740
2026-04-17T15:45:00+00:00,253.61,253.93,253.58,253.8,832
2026-04-17T15:50:00+00:00,253.8,254.06,253.75,253.89,820
2026-04-17T15:55:00+00:00,253.89,253.94,253.51,253.57,626
2026-04-17T16:00:00+00:00,253.57,253.78,253.45,253.67,835
2026-04-17T16:05:00+00:00,253.67,253.95,253.63,253.74,615
2026-04-17T16:10:00+00:00,253.74,253.88,253.68,253.68,616
2026-04-17T16:15:00+00:00,253.68,253.77,253.2,253.34,782
2026-04-17T16:20:00+00:00,253.34,253.45,253.21,253.31,571
2026-04-17T16:25:00+00:00,253.31,253.43,253.03,253.09,483
2026-04-17T16:30:00+00:00,253.09,253.44,253.01,253.38,621
2026-04-17T16:35:00+00:00,253.38,253.62,253.35,253.53,597
2026-04-17T16:40:00+00:00,253.53,253.65,253.34,253.52,530
2026-04-17T16:45:00+00:00,253.52,253.53,253.35,253.47,513
2026-04-17T16:50:00+00:00,253.47,253.63,253.42,253.42,439
2026-04-17T16:55:00+00:00,253.42,253.71,253.31,253.67,507
2026-04-17T17:00:00+00:00,253.67,253.95,253.66,253.74,570
2026-04-17T17:05:00+00:00,253.74,253.96,253.52,253.81,780
2026-04-17T17:10:00+00:00,253.81,253.81,253.62,253.69,812
2026-04-17T17:15:00+00:00,253.69,253.88,253.63,253.75,714
2026-04-17T17:20:00+00:00,253.75,253.95,253.23,253.4,1268
2026-04-17T17:25:00+00:00,253.4,253.8,253.19,253.56,1753
2026-04-17T17:30:00+00:00,253.56,253.86,253.5,253.59,943
2026-04-17T17:35:00+00:00,253.59,253.72,253.39,253.66,822
2026-04-17T17:40:00+00:00,253.66,253.81,253.58,253.67,571
2026-04-17T17:45:00+00:00,253.67,254.18,253.63,253.96,666
2026-04-17T17:50:00+00:00,253.96,253.99,253.66,253.68,479
2026-04-17T17:55:00+00:00,253.68,253.84,253.54,253.57,393
2026-04-17T18:00:00+00:00,253.57,253.86,253.44,253.51,685
2026-04-17T18:05:00+00:00,253.51,253.58,252.9,252.95,621
2026-04-17T18:10:00+00:00,252.95,253.06,252.25,252.39,834
2026-04-17T18:15:00+00:00,252.39,252.54,251.79,251.88,943
2026-04-17T18:20:00+00:00,251.88,251.96,251.51,251.91,996
2026-04-17T18:25:00+00:00,251.91,252.2,251.82,251.87,807
2026-04-17T18:30:00+00:00,251.87,251.98,251.74,251.81,542
2026-04-17T18:35:00+00:00,251.81,251.91,251.61,251.63,600
2026-04-17T18:40:00+00:00,251.63,251.73,251.56,251.63,496
2026-04-17T18:45:00+00:00,251.63,251.72,251.33,251.45,484
2026-04-17T18:50:00+00:00,251.45,251.51,250.95,251.14,686
2026-04-17T18:55:00+00:00,251.14,251.27,250.99,251.2,525
2026-04-17T19:00:00+00:00,251.2,251.3,250.82,250.84,570
2026-04-17T19:05:00+00:00,250.84,250.9,250.64,250.82,582
2026-04-17T19:10:00+00:00,250.82,250.88,250.49,250.65,728
2026-04-17T19:15:00+00:00,250.65,250.95,250.51,250.63,805
2026-04-17T19:20:00+00:00,250.63,250.87,250.38,250.44,708
2026-04-17T19:25:00+00:00,250.44,250.54,250.3,250.52,620
2026-04-17T19:30:00+00:00,250.52,250.94,250.35,250.86,681
2026-04-17T19:35:00+00:00,250.86,251,250.62,250.91,640
2026-04-17T19:40:00+00:00,250.91,251.13,250.79,250.86,743
2026-04-17T19:45:00+00:00,250.86,250.97,250.45,250.61,885
2026-04-17T19:50:00+00:00,250.61,250.7,250.1,250.17,1134
2026-04-17T19:55:00+00:00,250.17,250.49,249.97,250.47,1284
2026-04-20T13:30:00+00:00,250.47,250.47,247.53,248.75,1259
2026-04-20T13:35:00+00:00,248.75,249.25,247.31,247.48,1770
2026-04-20T13:40:00+00:00,247.48,247.8,246.76,247.1,1609
2026-04-20T13:45:00+00:00,247.1,247.42,246.63,246.97,1403
2026-04-20T13:50:00+00:00,246.97,247.45,246.88,247.17,1152
2026-04-20T13:55:00+00:00,247.17,247.53,246.98,247.47,1010
2026-04-20T14:00:00+00:00,247.47,247.76,246.69,246.79,1131
2026-04-20T14:05:00+00:00,246.79,247.15,246.69,247.09,962
2026-04-20T14:10:00+00:00,247.09,247.97,247.09,247.76,968
2026-04-20T14:15:00+00:00,247.76,247.79,246.74,247.01,1120
2026-04-20T14:20:00+00:00,247.01,247.38,246.94,247.33,926
2026-04-20T14:25:00+00:00,247.33,247.83,246.91,247.05,1019
2026-04-20T14:30:00+00:00,247.05,247.17,246.81,247.01,1090
2026-04-20T14:35:00+00:00,247.01,247.2,246.7,246.98,966
2026-04-20T14:40:00+00:00,246.98,246.98,246.4,246.49,1163
2026-04-20T14:45:00+00:00,246.49,246.83,246.32,246.79,996
2026-04-20T14:50:00+00:00,246.79,246.82,245.62,246.09,1967
2026-04-20T14:55:00+00:00,246.09,246.09,245.45,245.66,1119
2026-04-20T15:00:00+00:00,245.66,245.95,245.47,245.56,1092
2026-04-20T15:05:00+00:00,245.56,245.7,245.22,245.48,1178
2026-04-20T15:10:00+00:00,245.48,246,245.47,245.86,1046
2026-04-20T15:15:00+00:00,245.86,246.05,245.65,245.95,974
2026-04-20T15:20:00+00:00,245.95,246.26,245.72,246,1441
2026-04-20T15:25:00+00:00,246,246.95,245.88,246.85,1061
2026-04-20T15:30:00+00:00,246.85,246.91,246.04,246.11,1070
2026-04-20T15:35:00+00:00,246.11,246.28,245.98,246.19,844
2026-04-20T15:40:00+00:00,246.19,246.5,246.15,246.27,795
2026-04-20T15:45:00+00:00,246.27,246.71,246.2,246.53,684
2026-04-20T15:50:00+00:00,246.53,246.57,246.29,246.46,616
2026-04-20T15:55:00+00:00,246.46,246.72,246.45,246.68,499
2026-04-20T16:00:00+00:00,246.68,246.76,246.41,246.54,616
2026-04-20T16:05:00+00:00,246.54,246.85,246.5,246.67,597
2026-04-20T16:10:00+00:00,246.67,246.82,246.55,246.81,482
2026-04-20T16:15:00+00:00,246.81,246.86,246.44,246.75,554
2026-04-20T16:20:00+00:00,246.75,246.79,246.45,246.57,585
2026-04-20T16:25:00+00:00,246.57,246.76,246.43,246.63,401
2026-04-20T16:30:00+00:00,246.63,247.07,246.58,247.03,565
2026-04-20T16:35:00+00:00,247.03,247.06,246.65,246.76,481
2026-04-20T16:40:00+00:00,246.76,247.02,246.6,246.97,585
2026-04-20T16:45:00+00:00,246.97,247.01,246.79,246.81,379
2026-04-20T16:50:00+00:00,246.81,247.14,246.77,247.11,359
2026-04-20T16:55:00+00:00,247.11,247.28,246.96,247.21,380
2026-04-20T17:00:00+00:00,247.21,247.44,247.04,247.22,617
2026-04-20T17:05:00+00:00,247.22,247.54,247.12,247.36,414
2026-04-20T17:10:00+00:00,247.36,247.42,247.23,247.32,364
2026-04-20T17:15:00+00:00,247.32,247.51,247.26,247.45,319
2026-04-20T17:20:00+00:00,247.45,247.55,247.36,247.45,341
2026-04-20T17:25:00+00:00,247.45,247.58,247.33,247.49,393
2026-04-20T17:30:00+00:00,247.49,247.53,247.18,247.25,427
2026-04-20T17:35:00+00:00,247.25,247.33,247.11,247.2,476
2026-04-20T17:40:00+00:00,247.2,247.34,247.03,247.23,489
2026-04-20T17:45:00+00:00,247.23,247.3,247.09,247.28,361
2026-04-20T17:50:00+00:00,247.28,247.59,247.27,247.58,307
2026-04-20T17:55:00+00:00,247.58,247.58,247.33,247.39,342
2026-04-20T18:00:00+00:00,247.39,247.6,247.28,247.48,460
2026-04-20T18:05:00+00:00,247.48,247.87,247.48,247.81,505
2026-04-20T18:10:00+00:00,247.81,247.82,247.43,247.71,523
2026-04-20T18:15:00+00:00,247.71,247.91,247.69,247.79,403
2026-04-20T18:20:00+00:00,247.79,248,247.76,248,375
2026-04-20T18:25:00+00:00,248,248,247.52,247.68,468
2026-04-20T18:30:00+00:00,247.68,247.76,247.54,247.76,423
2026-04-20T18:35:00+00:00,247.76,247.9,247.65,247.84,361
2026-04-20T18:40:00+00:00,247.84,248.2,247.75,248.05,452
2026-04-20T18:45:00+00:00,248.05,248.2,248.02,248.12,345
2026-04-20T18:50:00+00:00,248.12,248.4,248.1,248.25,345
2026-04-20T18:55:00+00:00,248.25,248.27,247.95,247.95,327
2026-04-20T19:00:00+00:00,247.95,248.17,247.95,248.04,514
2026-04-20T19:05:00+00:00,248.04,248.24,248.02,248.12,377
2026-04-20T19:10:00+00:00,248.12,248.2,248.01,248.11,367
2026-04-20T19:15:00+00:00,248.11,248.18,248,248.02,361
2026-04-20T19:20:00+00:00,248.02,248.11,247.73,247.76,479
2026-04-20T19:25:00+00:00,247.76,248.08,247.61,248.02,451
2026-04-20T19:30:00+00:00,248.02,248.32,248.02,248.28,494
2026-04-20T19:35:00+00:00,248.28,248.43,248.13,248.32,525
2026-04-20T19:40:00+00:00,248.32,248.41,248.1,248.28,667
2026-04-20T19:45:00+00:00,248.28,248.52,248.09,248.18,705
2026-04-20T19:50:00+00:00,248.18,248.39,247.75,247.88,936
2026-04-20T19:55:00+00:00,247.88,248.25,247.35,248.07,1168
2026-04-21T13:30:00+00:00,248.07,254.82,248.07,253.22,1615
2026-04-21T13:35:00+00:00,253.22,253.34,251.45,251.8,1767
2026-04-21T13:40:00+00:00,251.8,252.76,251.78,252.37,1706
2026-04-21T13:45:00+00:00,252.37,253.24,252.18,252.57,1547
2026-04-21T13:50:00+00:00,252.57,252.68,251.63,252.13,1280
2026-04-21T13:55:00+00:00,252.13,253.61,251.96,253.44,1201
2026-04-21T14:00:00+00:00,253.44,253.75,251.67,251.91,1168
2026-04-21T14:05:00+00:00,251.91,252.95,251.7,252.87,880
2026-04-21T14:10:00+00:00,252.87,253.05,252.37,252.62,837
2026-04-21T14:15:00+00:00,252.62,253.37,252.57,252.6,902
2026-04-21T14:20:00+00:00,252.6,252.62,252.05,252.31,911
2026-04-21T14:25:00+00:00,252.31,252.83,252.3,252.55,711
2026-04-21T14:30:00+00:00,252.55,252.84,252.49,252.65,860
2026-04-21T14:35:00+00:00,252.65,252.85,252.43,252.53,741
2026-04-21T14:40:00+00:00,252.53,252.99,252.29,252.63,1031
2026-04-21T14:45:00+00:00,252.63,252.74,252.08,252.15,1098
2026-04-21T14:50:00+00:00,252.15,252.6,252.08,252.3,864
2026-04-21T14:55:00+00:00,252.3,252.31,251.77,251.81,1196
2026-04-21T15:00:00+00:00,251.81,252.05,251.01,251.35,1581
2026-04-21T15:05:00+00:00,251.35,251.94,250.9,251.92,1397
2026-04-21T15:10:00+00:00,251.92,252.61,251.9,252.39,1043
2026-04-21T15:15:00+00:00,252.39,252.76,252.18,252.49,1028
2026-04-21T15:20:00+00:00,252.49,252.65,252.13,252.26,989
2026-04-21T15:25:00+00:00,252.26,252.34,251.63,252.08,1229
2026-04-21T15:30:00+00:00,252.08,252.27,251.94,252.22,1025
2026-04-21T15:35:00+00:00,252.22,252.22,251.63,252.13,976
2026-04-21T15:40:00+00:00,252.13,252.28,251.93,251.98,828
2026-04-21T15:45:00+00:00,251.98,252.55,251.85,252.35,733
2026-04-21T15:50:00+00:00,252.35,252.35,251.8,251.86,670
2026-04-21T15:55:00+00:00,251.86,252.51,251.84,252.34,751
2026-04-21T16:00:00+00:00,252.34,252.86,252.34,252.57,903
2026-04-21T16:05:00+00:00,252.57,253.13,252.48,253.05,680
2026-04-21T16:10:00+00:00,253.05,253.07,252.29,252.72,688
2026-04-21T16:15:00+00:00,252.72,252.84,252.53,252.6,584
2026-04-21T16:20:00+00:00,252.6,252.69,251.9,252.1,641
2026-04-21T16:25:00+00:00,252.1,252.12,251.65,251.86,526
2026-04-21T16:30:00+00:00,251.86,252.28,251.83,252.2,438
2026-04-21T16:35:00+00:00,252.2,252.4,251.99,252.08,581
2026-04-21T16:40:00+00:00,252.08,252.18,251.68,251.83,656
2026-04-21T16:45:00+00:00,251.83,252.17,251.82,252.16,527
2026-04-21T16:50:00+00:00,252.16,252.16,251.81,251.87,480
2026-04-21T16:55:00+00:00,251.87,251.93,251.43,251.51,478
2026-04-21T17:00:00+00:00,251.51,252.09,251.51,251.78,525
2026-04-21T17:05:00+00:00,251.78,251.83,251.13,251.32,941
2026-04-21T17:10:00+00:00,251.32,251.35,250.87,251.15,756
2026-04-21T17:15:00+00:00,251.15,251.4,250.88,251.04,741
2026-04-21T17:20:00+00:00,251.04,251.53,251.01,251.28,634
2026-04-21T17:25:00+00:00,251.28,251.62,251.21,251.44,508
2026-04-21T17:30:00+00:00,251.44,251.99,251.44,251.91,524
2026-04-21T17:35:00+00:00,251.91,252.52,251.71,252.35,649
2026-04-21T17:40:00+00:00,252.35,252.81,252.33,252.5,916
2026-04-21T17:45:00+00:00,252.5,252.62,252.25,252.35,536
2026-04-21T17:50:00+00:00,252.35,252.47,251.99,252.09,442
2026-04-21T17:55:00+00:00,252.09,252.2,251.84,252.13,628
2026-04-21T18:00:00+00:00,252.13,252.36,251.88,251.92,610
2026-04-21T18:05:00+00:00,251.92,252.01,251.68,251.71,527
2026-04-21T18:10:00+00:00,251.71,251.83,251.63,251.83,413
2026-04-21T18:15:00+00:00,251.83,251.88,251.1,251.4,797
2026-04-21T18:20:00+00:00,251.4,251.5,251.12,251.17,395
2026-04-21T18:25:00+00:00,251.17,251.29,250.91,250.99,468
2026-04-21T18:30:00+00:00,250.99,251.34,250.92,251.23,496
2026-04-21T18:35:00+00:00,251.23,251.25,250.66,250.79,433
2026-04-21T18:40:00+00:00,250.79,250.85,250.56,250.58,412
2026-04-21T18:45:00+00:00,250.58,250.75,250.32,250.41,462
2026-04-21T18:50:00+00:00,250.41,251.05,250.22,250.87,614
2026-04-21T18:55:00+00:00,250.87,251.05,250.4,250.88,965
2026-04-21T19:00:00+00:00,250.88,251.5,250.88,251.25,726
2026-04-21T19:05:00+00:00,251.25,251.43,251.22,251.39,372
2026-04-21T19:10:00+00:00,251.39,251.66,251,251.22,546
2026-04-21T19:15:00+00:00,251.22,251.36,250.89,251.18,567
2026-04-21T19:20:00+00:00,251.18,251.5,251.11,251.42,494
2026-04-21T19:25:00+00:00,251.42,251.47,251.22,251.26,405
2026-04-21T19:30:00+00:00,251.26,251.57,251.15,251.2,527
2026-04-21T19:35:00+00:00,251.2,251.2,250.38,250.68,751
2026-04-21T19:40:00+00:00,250.68,250.73,249,249.19,1571
2026-04-21T19:45:00+00:00,249.19,249.6,248.96,249.28,939
2026-04-21T19:50:00+00:00,249.28,249.72,249.12,249.63,1047
2026-04-21T19:55:00+00:00,249.63,249.96,249.24,249.69,1237
2026-04-22T13:30:00+00:00,249.69,252.17,249.69,250.38,1060
2026-04-22T13:35:00+00:00,250.38,251.6,250.27,251.53,1100
2026-04-22T13:40:00+00:00,251.53,251.54,250.74,251.02,1165
2026-04-22T13:45:00+00:00,251.02,251.86,250.88,251.68,1268
2026-04-22T13:50:00+00:00,251.68,252.31,251.66,252.29,1089
2026-04-22T13:55:00+00:00,252.29,252.37,251.88,252.11,1011
2026-04-22T14:00:00+00:00,252.11,253.14,252.08,252.8,1167
2026-04-22T14:05:00+00:00,252.8,253.18,252.57,252.98,1059
2026-04-22T14:10:00+00:00,252.98,253.41,252.94,253.16,1038
2026-04-22T14:15:00+00:00,253.16,253.55,253.12,253.38,921
2026-04-22T14:20:00+00:00,253.38,253.44,252.74,252.96,1089
2026-04-22T14:25:00+00:00,252.96,253.39,252.94,253.07,855
2026-04-22T14:30:00+00:00,253.07,253.24,252.57,252.69,1216
2026-04-22T14:35:00+00:00,252.69,253.04,252.4,252.97,1212
2026-04-22T14:40:00+00:00,252.97,253,252.24,252.35,924
2026-04-22T14:45:00+00:00,252.35,252.85,252.34,252.84,779
2026-04-22T14:50:00+00:00,252.84,252.87,252.29,252.56,727
2026-04-22T14:55:00+00:00,252.56,252.72,-2520.4505,-2520.3505,835.0610279765777
2026-04-22T15:00:00+00:00,252.75,252.79,252.34,252.42,906
2026-04-22T15:05:00+00:00,252.42,252.59,252.15,252.42,817
2026-04-22T15:10:00+00:00,252.42,252.71,252.39,252.63,675
2026-04-22T15:15:00+00:00,252.63,253.08,252.45,253.06,567
2026-04-22T15:20:00+00:00,253.06,253.12,252.83,252.9,698
2026-04-22T15:25:00+00:00,252.9,253.05,252.77,252.87,652
2026-04-22T15:30:00+00:00,252.87,253.01,252.71,252.74,786
2026-04-22T15:35:00+00:00,252.74,252.8,252.51,252.64,481
2026-04-22T15:40:00+00:00,252.64,252.65,252.05,252.11,578
2026-04-22T15:45:00+00:00,252.11,252.5,252.04,252.43,503
2026-04-22T15:50:00+00:00,252.43,252.47,252.02,252.12,503
2026-04-22T15:55:00+00:00,252.12,252.27,252.02,252.02,617
2026-04-22T16:00:00+00:00,252.02,252.37,251.86,252.31,671
2026-04-22T16:05:00+00:00,252.31,252.44,252.18,252.37,524
2026-04-22T16:10:00+00:00,252.37,252.64,252.33,252.61,536
2026-04-22T16:15:00+00:00,252.61,252.66,252.45,252.49,430
2026-04-22T16:20:00+00:00,252.49,252.96,252.45,252.86,529
2026-04-22T16:25:00+00:00,252.86,253.07,252.85,252.86,479
2026-04-22T16:30:00+00:00,252.86,253.12,252.64,252.9,584
2026-04-22T16:35:00+00:00,252.9,253.09,252.54,252.75,574
2026-04-22T16:40:00+00:00,252.75,252.88,252.5,252.7,643
2026-04-22T16:45:00+00:00,252.7,252.86,252.58,252.66,524
2026-04-22T16:50:00+00:00,252.66,252.75,252.46,252.74,551
2026-04-22T16:55:00+00:00,252.74,252.74,252.45,252.54,543
2026-04-22T17:00:00+00:00,252.54,253.48,252.54,253.43,766
2026-04-22T17:05:00+00:00,253.43,253.66,253.24,253.66,510
2026-04-22T17:10:00+00:00,253.66,253.93,253.37,253.47,755
2026-04-22T17:15:00+00:00,253.47,253.56,253.06,253.16,552
2026-04-22T17:20:00+00:00,253.16,253.5,253.15,253.21,556
2026-04-22T17:25:00+00:00,253.21,253.31,253.06,253.1,459
2026-04-22T17:30:00+00:00,253.1,253.36,253.06,253.16,511
2026-04-22T17:35:00+00:00,253.16,253.23,253.03,253.16,371
2026-04-22T17:40:00+00:00,253.16,253.36,253.1,253.29,406
2026-04-22T17:45:00+00:00,253.29,253.48,253.17,253.43,652
2026-04-22T17:50:00+00:00,253.43,253.55,253.39,253.5,455
2026-04-22T17:55:00+00:00,253.5,253.61,253.42,253.49,393
2026-04-22T18:00:00+00:00,253.49,253.74,253.46,253.71,372
2026-04-22T18:05:00+00:00,253.71,253.94,253.7,253.84,420
2026-04-22T18:10:00+00:00,253.84,254.5,253.79,254.31,744
2026-04-22T18:15:00+00:00,254.31,254.34,253.68,253.88,544
2026-04-22T18:20:00+00:00,253.88,254.14,253.78,253.93,695
2026-04-22T18:25:00+00:00,253.93,254.06,253.69,253.76,490
2026-04-22T18:30:00+00:00,253.76,254.67,253.69,254.41,795
2026-04-22T18:35:00+00:00,254.41,254.55,254.14,254.23,507
2026-04-22T18:40:00+00:00,254.23,254.47,254.19,254.45,455
2026-04-22T18:45:00+00:00,254.45,254.46,254.21,254.31,359
2026-04-22T18:50:00+00:00,254.31,254.39,253.97,253.99,338
2026-04-22T18:55:00+00:00,253.99,254.05,253.76,253.88,424
2026-04-22T19:00:00+00:00,253.88,254.09,253.73,253.93,587
2026-04-22T19:05:00+00:00,253.93,254.14,253.88,254.13,349
2026-04-22T19:10:00+00:00,254.13,254.35,254.02,254.21,335
2026-04-22T19:15:00+00:00,254.21,254.37,254.13,254.35,292
2026-04-22T19:20:00+00:00,254.35,254.43,254.23,254.35,369
2026-04-22T19:25:00+00:00,254.35,254.58,254.3,254.36,497
2026-04-22T19:30:00+00:00,254.36,254.67,254.35,254.53,534
2026-04-22T19:35:00+00:00,254.53,254.73,254.33,254.72,498
2026-04-22T19:40:00+00:00,254.72,255.07,254.69,255.06,656
2026-04-22T19:45:00+00:00,255.06,255.36,255.02,255.14,662
2026-04-22T19:50:00+00:00,255.14,255.81,255.13,255.66,1124
2026-04-22T19:55:00+00:00,255.66,255.67,255.02,255.2,852
2026-04-23T13:30:00+00:00,255.2,255.22,253.68,254.85,1003
2026-04-23T13:35:00+00:00,254.85,255.18,254.38,255.13,1292
2026-04-23T13:40:00+00:00,255.13,255.92,254.75,254.81,1373
2026-04-23T13:45:00+00:00,254.81,255.48,254.64,255.08,1589
2026-04-23T13:50:00+00:00,255.08,255.46,254.8,255.09,1148
2026-04-23T13:55:00+00:00,255.09,256.15,255.04,255.15,1302
2026-04-23T14:00:00+00:00,255.15,256.05,254.5,255.18,1429
2026-04-23T14:05:00+00:00,255.18,255.19,254.32,254.77,1142
2026-04-23T14:10:00+00:00,254.77,255.08,254.34,254.4,1245
2026-04-23T14:15:00+00:00,254.4,255.22,254.4,254.89,982
2026-04-23T14:20:00+00:00,254.89,255.41,254.54,255.23,1183
2026-04-23T14:25:00+00:00,255.23,255.61,255.07,255.54,999
2026-04-23T14:30:00+00:00,255.54,256.77,255.53,256.49,1338
2026-04-23T14:35:00+00:00,256.49,257.02,256.3,256.75,1326
2026-04-23T14:40:00+00:00,256.75,256.89,256.19,256.43,1150
2026-04-23T14:45:00+00:00,256.43,256.87,256.43,256.74,875
2026-04-23T14:50:00+00:00,256.74,257.17,256.63,257.11,845
2026-04-23T14:55:00+00:00,257.11,257.67,257.11,257.42,880
2026-04-23T15:00:00+00:00,257.42,258.03,257.42,257.83,963
2026-04-23T15:05:00+00:00,257.83,258.2,257.71,258.12,761
2026-04-23T15:10:00+00:00,258.12,258.66,257.78,258.35,996
2026-04-23T15:15:00+00:00,258.35,258.39,258.02,258.05,681
2026-04-23T15:20:00+00:00,258.05,258.09,257.63,257.63,800
2026-04-23T15:25:00+00:00,257.63,257.65,257.18,257.19,687
2026-04-23T15:30:00+00:00,257.19,257.41,256.92,257.3,763
2026-04-23T15:35:00+00:00,257.3,257.54,257.2,257.52,543
2026-04-23T15:40:00+00:00,257.52,257.89,257.41,257.74,548
2026-04-23T15:45:00+00:00,257.74,257.76,256.76,256.92,1030
2026-04-23T15:50:00+00:00,256.92,256.95,256.39,256.57,813
2026-04-23T15:55:00+00:00,256.57,256.91,256.48,256.59,648
2026-04-23T16:00:00+00:00,256.59,256.84,256.5,256.52,559
2026-04-23T16:05:00+00:00,256.52,256.69,256.38,256.49,645
2026-04-23T16:10:00+00:00,256.49,256.71,256.39,256.51,591
2026-04-23T16:15:00+00:00,256.51,256.64,256.37,256.42,542
2026-04-23T16:20:00+00:00,256.42,256.75,256.38,256.71,441
2026-04-23T16:25:00+00:00,256.71,256.96,256.71,256.84,478
2026-04-23T16:30:00+00:00,256.84,257.03,256.58,257.03,476
2026-04-23T16:35:00+00:00,257.03,257.08,256.73,256.83,401
2026-04-23T16:40:00+00:00,256.83,256.97,256.74,256.89,411
2026-04-23T16:45:00+00:00,256.89,256.91,256.63,256.79,375
2026-04-23T16:50:00+00:00,256.79,256.84,256.42,256.42,343
2026-04-23T16:55:00+00:00,256.42,256.65,256.38,256.46,475
2026-04-23T17:00:00+00:00,256.46,256.58,255.78,256.22,1486
2026-04-23T17:05:00+00:00,256.22,256.22,255.48,255.48,1148
2026-04-23T17:10:00+00:00,255.48,255.97,255.34,255.68,1416
2026-04-23T17:15:00+00:00,255.68,255.68,254.92,255.07,1362
2026-04-23T17:20:00+00:00,255.07,255.25,254.86,254.91,1070
2026-04-23T17:25:00+00:00,254.91,255.2,254.43,254.6,1270
2026-04-23T17:30:00+00:00,254.6,255.09,254.33,255.05,1237
2026-04-23T17:35:00+00:00,255.05,255.27,254.13,254.22,1392
2026-04-23T17:40:00+00:00,254.22,254.22,253.29,253.58,1794
2026-04-23T17:45:00+00:00,253.58,253.76,252.91,253.66,1965
2026-04-23T17:50:00+00:00,253.66,254.89,253.19,254.36,1996
2026-04-23T17:55:00+00:00,254.36,254.92,254.08,254.51,1571
2026-04-23T18:00:00+00:00,254.51,255.12,254.28,255,1471
2026-04-23T18:05:00+00:00,255,255.3,254.79,254.85,1121
2026-04-23T18:10:00+00:00,254.85,255.23,254.6,255,1080
2026-04-23T18:15:00+00:00,255,255.25,254.9,255.07,971
2026-04-23T18:20:00+00:00,255.07,255.28,254.87,255.06,921
2026-04-23T18:25:00+00:00,255.06,255.25,254.9,255.19,530
2026-04-23T18:30:00+00:00,255.19,255.38,255.13,255.33,542
2026-04-23T18:35:00+00:00,255.33,255.63,255.31,255.47,522
2026-04-23T18:40:00+00:00,255.47,255.51,254.99,255.35,674
2026-04-23T18:45:00+00:00,255.35,255.4,255.18,255.2,685
2026-04-23T18:50:00+00:00,255.2,255.45,255,255.3,734
2026-04-23T18:55:00+00:00,255.3,255.37,254.66,254.85,683
2026-04-23T19:00:00+00:00,254.85,255.04,254.74,255.02,1063
2026-04-23T19:05:00+00:00,255.02,255.3,255,255.25,684
2026-04-23T19:10:00+00:00,255.25,255.34,255.09,255.32,842
2026-04-23T19:15:00+00:00,255.32,255.57,255.32,255.41,937
2026-04-23T19:20:00+00:00,255.41,255.61,255.22,255.6,838
2026-04-23T19:25:00+00:00,255.6,255.74,255.45,255.5,785
2026-04-23T19:30:00+00:00,255.5,255.85,255.35,255.38,785
2026-04-23T19:35:00+00:00,255.38,255.48,255.09,255.44,1040
2026-04-23T19:40:00+00:00,255.44,255.7,255.29,255.38,1062
2026-04-23T19:45:00+00:00,255.38,255.53,255.18,255.32,886
2026-04-23T19:50:00+00:00,255.32,255.32,254.49,254.7,1432
2026-04-23T19:55:00+00:00,254.7,255.09,254.34,254.92,1244
2026-04-24T13:30:00+00:00,254.92,260.54,254.92,260.45,2286
2026-04-24T13:35:00+00:00,260.45,260.71,259.13,260.53,1893
2026-04-24T13:40:00+00:00,260.53,260.61,258.48,258.95,1964
2026-04-24T13:45:00+00:00,258.95,259.23,258.22,259.21,2196
2026-04-24T13:50:00+00:00,259.21,259.32,258,258.32,1840
2026-04-24T13:55:00+00:00,258.32,259.22,258.13,258.92,1736
2026-04-24T14:00:00+00:00,258.92,258.92,258.16,258.74,1825
2026-04-24T14:05:00+00:00,258.74,259.51,258.57,259.34,1688
2026-04-24T14:10:00+00:00,259.34,260.17,259.29,260.06,1818
2026-04-24T14:15:00+00:00,260.06,260.54,259.75,260.43,1550
2026-04-24T14:20:00+00:00,260.43,261.41,260.28,261.25,1656
2026-04-24T14:25:00+00:00,261.25,261.32,260.42,260.63,1782
2026-04-24T14:30:00+00:00,260.63,260.78,259.7,260.13,1680
2026-04-24T14:35:00+00:00,260.13,260.13,259.58,259.82,1489
2026-04-24T14:40:00+00:00,259.82,259.96,259.54,259.54,1140
2026-04-24T14:45:00+00:00,259.54,260.39,259.49,259.84,1444
2026-04-24T14:50:00+00:00,259.84,259.92,259.56,259.81,1044
2026-04-24T14:55:00+00:00,259.81,259.95,-2513.8405,-2513.5305,1101.6432587942984
2026-04-24T15:00:00+00:00,259.55,259.96,259.44,259.89,1176
2026-04-24T15:05:00+00:00,259.89,260.42,259.88,260.39,1154
2026-04-24T15:10:00+00:00,260.39,260.62,260.11,260.49,1188
2026-04-24T15:15:00+00:00,260.49,261.02,260.32,261.01,854
2026-04-24T15:20:00+00:00,261.01,261.69,260.92,261.5,1128
2026-04-24T15:25:00+00:00,261.5,261.64,261.2,261.29,1090
2026-04-24T15:30:00+00:00,261.29,261.77,261.13,261.49,1181
2026-04-24T15:35:00+00:00,261.49,261.65,261.36,261.59,956
2026-04-24T15:40:00+00:00,261.59,262.19,261.48,262.1,1213
2026-04-24T15:45:00+00:00,262.1,262.35,261.88,262.18,2039
2026-04-24T15:50:00+00:00,262.18,262.67,262.16,262.55,1349
2026-04-24T15:55:00+00:00,262.55,262.86,262.53,262.81,998
2026-04-24T16:00:00+00:00,262.81,262.83,262.32,262.68,1026
2026-04-24T16:05:00+00:00,262.68,262.79,261.98,262.16,843
2026-04-24T16:10:00+00:00,262.16,262.5,262.05,262.41,782
2026-04-24T16:15:00+00:00,262.41,262.99,262.2,262.64,805
2026-04-24T16:20:00+00:00,262.64,262.86,262.43,262.46,650
2026-04-24T16:25:00+00:00,262.46,262.57,261.91,262.2,776
2026-04-24T16:30:00+00:00,262.2,262.5,262.08,262.22,783
2026-04-24T16:35:00+00:00,262.22,262.3,261.96,262.11,801
2026-04-24T16:40:00+00:00,262.11,262.22,261.59,261.8,748
2026-04-24T16:45:00+00:00,261.8,262,261.58,261.58,836
2026-04-24T16:50:00+00:00,261.58,261.88,261.57,261.79,681
2026-04-24T16:55:00+00:00,261.79,262.05,261.75,262.02,705
2026-04-24T17:00:00+00:00,262.02,262.25,262.01,262.17,593
2026-04-24T17:05:00+00:00,262.17,262.6,262.03,262.57,617
2026-04-24T17:10:00+00:00,262.57,262.68,262.21,262.47,676
2026-04-24T17:15:00+00:00,262.47,262.9,262.43,262.81,625
2026-04-24T17:20:00+00:00,262.81,262.86,262.2,262.45,755
2026-04-24T17:25:00+00:00,262.45,262.7,262.31,262.51,635
2026-04-24T17:30:00+00:00,262.51,262.65,262.38,262.63,731
2026-04-24T17:35:00+00:00,262.63,263.04,262.61,262.8,646
2026-04-24T17:40:00+00:00,262.8,263,262.67,262.96,641
2026-04-24T17:45:00+00:00,262.96,263.26,262.91,263.18,557
2026-04-24T17:50:00+00:00,263.18,263.9,263.13,263.71,732
2026-04-24T17:55:00+00:00,263.71,263.83,263.54,263.69,789
2026-04-24T18:00:00+00:00,263.69,263.7,263.29,263.32,703
2026-04-24T18:05:00+00:00,263.32,263.42,263.03,263.32,733
2026-04-24T18:10:00+00:00,263.32,263.5,263.3,263.38,548
2026-04-24T18:15:00+00:00,263.38,263.45,263.17,263.31,629
2026-04-24T18:20:00+00:00,263.31,263.36,263.18,263.18,665
2026-04-24T18:25:00+00:00,263.18,263.24,262.98,263.05,666
2026-04-24T18:30:00+00:00,263.05,263.1,262.92,263.07,612
2026-04-24T18:35:00+00:00,263.07,263.33,263.01,263.18,543
2026-04-24T18:40:00+00:00,263.18,263.39,263.05,263.3,553
2026-04-24T18:45:00+00:00,263.3,263.58,263.11,263.5,566
2026-04-24T18:50:00+00:00,263.5,263.56,263.23,263.34,479
2026-04-24T18:55:00+00:00,263.34,263.67,263.3,263.58,536
2026-04-24T19:00:00+00:00,263.58,263.88,263.53,263.67,735
2026-04-24T19:05:00+00:00,263.67,263.86,263.63,263.83,714
2026-04-24T19:10:00+00:00,263.83,264.16,263.74,264.11,715
2026-04-24T19:15:00+00:00,264.11,264.26,264.03,264.14,739
2026-04-24T19:20:00+00:00,264.14,264.17,263.92,264.03,774
2026-04-24T19:25:00+00:00,264.03,264.04,263.74,263.82,772
2026-04-24T19:30:00+00:00,263.82,264.25,263.69,264.09,1113
2026-04-24T19:35:00+00:00,264.09,264.1,263.77,263.95,971
2026-04-24T19:40:00+00:00,263.95,264.05,263.8,263.9,939
2026-04-24T19:45:00+00:00,263.9,264.04,263.72,263.86,942
2026-04-24T19:50:00+00:00,263.86,264.21,263.63,264.16,1294
2026-04-24T19:55:00+00:00,264.16,264.16,263.68,263.76,1094
2026-04-27T13:30:00+00:00,263.76,263.76,261.55,262.64,1442
2026-04-27T13:35:00+00:00,262.64,263.17,262.06,263.04,1703
2026-04-27T13:40:00+00:00,263.04,263.11,261.86,261.95,1567
2026-04-27T13:45:00+00:00,261.95,261.97,260.28,261,1794
2026-04-27T13:50:00+00:00,261,261.34,260.23,261.33,1479
2026-04-27T13:55:00+00:00,261.33,261.4,260.87,261.07,1315
2026-04-27T14:00:00+00:00,261.07,261.67,260.97,261.29,1556
2026-04-27T14:05:00+00:00,261.29,261.86,261.08,261.47,1209
2026-04-27T14:10:00+00:00,261.47,261.47,260.88,260.91,1295
2026-04-27T14:15:00+00:00,260.91,261.21,260.77,260.96,1548
2026-04-27T14:20:00+00:00,260.96,261.37,260.72,261.27,1251
2026-04-27T14:25:00+00:00,261.27,262.09,261.26,261.98,1319
2026-04-27T14:30:00+00:00,261.98,262.48,261.68,262.39,1358
2026-04-27T14:35:00+00:00,262.39,262.81,262.18,262.29,1345
2026-04-27T14:40:00+00:00,262.29,262.41,262,262.35,748
2026-04-27T14:45:00+00:00,262.35,262.55,262.25,262.53,725
2026-04-27T14:50:00+00:00,262.53,262.68,262.28,262.45,848
2026-04-27T14:55:00+00:00,262.45,262.89,262.41,262.74,713
2026-04-27T15:00:00+00:00,262.74,262.77,261.73,261.79,877
2026-04-27T15:05:00+00:00,261.79,261.98,261.43,261.69,916
2026-04-27T15:10:00+00:00,261.69,261.79,261.19,261.22,786
2026-04-27T15:15:00+00:00,261.22,261.56,261.13,261.16,739
2026-04-27T15:20:00+00:00,261.16,261.28,260.78,260.79,924
2026-04-27T15:25:00+00:00,260.79,261.23,260.6,261.2,679
2026-04-27T15:30:00+00:00,261.2,261.4,260.91,261.4,681
2026-04-27T15:35:00+00:00,261.4,261.42,261.07,261.31,721
2026-04-27T15:40:00+00:00,261.31,261.5,261.07,261.14,548
2026-04-27T15:45:00+00:00,261.14,261.26,260.96,261,581
2026-04-27T15:50:00+00:00,261,261.09,260.8,260.91,520
2026-04-27T15:55:00+00:00,260.91,261.12,260.91,261.1,494
2026-04-27T16:00:00+00:00,261.1,261.46,260.97,261.42,630
2026-04-27T16:05:00+00:00,261.42,261.98,261.29,261.77,475
2026-04-27T16:10:00+00:00,261.77,262.16,261.7,262.1,572
2026-04-27T16:15:00+00:00,262.1,262.43,262.1,262.33,468
2026-04-27T16:20:00+00:00,262.33,262.75,262.25,262.65,551
2026-04-27T16:25:00+00:00,262.65,263,262.58,262.94,474
2026-04-27T16:30:00+00:00,262.94,263.03,262.53,262.53,680
2026-04-27T16:35:00+00:00,262.53,262.58,262.21,262.44,569
2026-04-27T16:40:00+00:00,262.44,262.73,262.39,262.64,425
2026-04-27T16:45:00+00:00,262.64,263.32,262.54,263.03,825
2026-04-27T16:50:00+00:00,263.03,263.03,262.51,262.51,575
2026-04-27T16:55:00+00:00,262.51,262.61,262.38,262.49,352
2026-04-27T17:00:00+00:00,262.49,262.72,262.43,262.65,541
2026-04-27T17:05:00+00:00,262.65,262.8,262.45,262.45,492
2026-04-27T17:10:00+00:00,262.45,262.61,262.32,262.56,496
2026-04-27T17:15:00+00:00,262.56,262.59,262.24,262.34,480
2026-04-27T17:20:00+00:00,262.34,262.5,262.16,262.26,695
2026-04-27T17:25:00+00:00,262.26,262.67,262.23,262.61,528
2026-04-27T17:30:00+00:00,262.61,262.84,262.58,262.82,543
2026-04-27T17:35:00+00:00,262.82,262.82,261.82,261.87,496
2026-04-27T17:40:00+00:00,261.87,262.1,261.8,261.97,439
2026-04-27T17:45:00+00:00,261.97,262.02,261.81,261.9,434
2026-04-27T17:50:00+00:00,261.9,262.03,261.83,261.93,498
2026-04-27T17:55:00+00:00,261.93,262.01,261.82,261.95,401
2026-04-27T18:00:00+00:00,261.95,261.98,261.59,261.61,470
2026-04-27T18:05:00+00:00,261.61,261.77,261.54,261.71,573
2026-04-27T18:10:00+00:00,261.71,261.77,261.39,261.69,480
2026-04-27T18:15:00+00:00,261.69,261.69,261.48,261.57,393
2026-04-27T18:20:00+00:00,261.57,261.57,261.31,261.36,510
2026-04-27T18:25:00+00:00,261.36,261.63,261.34,261.6,413
2026-04-27T18:30:00+00:00,261.6,261.78,261.56,261.7,350
2026-04-27T18:35:00+00:00,261.7,261.82,261.49,261.81,428
2026-04-27T18:40:00+00:00,261.81,261.85,261.38,261.47,480
2026-04-27T18:45:00+00:00,261.47,261.49,261.28,261.33,399
2026-04-27T18:50:00+00:00,261.33,261.42,261.23,261.33,331
2026-04-27T18:55:00+00:00,261.33,261.49,261.23,261.35,397
2026-04-27T19:00:00+00:00,261.35,261.46,261.06,261.25,555
2026-04-27T19:05:00+00:00,261.25,261.32,261.1,261.18,552
2026-04-27T19:10:00+00:00,261.18,261.24,261.03,261.15,432
2026-04-27T19:15:00+00:00,261.15,261.22,260.95,261.07,455
2026-04-27T19:20:00+00:00,261.07,261.15,260.79,261.08,421
2026-04-27T19:25:00+00:00,261.08,261.13,260.79,260.86,549
2026-04-27T19:30:00+00:00,260.86,261.06,260.84,260.99,487
2026-04-27T19:35:00+00:00,260.99,261,260.69,260.78,454
2026-04-27T19:40:00+00:00,260.78,260.9,260.71,260.81,443
2026-04-27T19:45:00+00:00,260.81,260.95,260.71,260.87,645
2026-04-27T19:50:00+00:00,260.87,261.13,260.69,261.03,834
2026-04-27T19:55:00+00:00,261.03,261.16,260.78,260.86,927
2026-04-28T13:30:00+00:00,260.86,260.86,256.48,257.38,1761
2026-04-28T13:35:00+00:00,257.38,258.36,256.99,257.71,1723
2026-04-28T13:40:00+00:00,257.71,258.69,257.43,258.54,1762
2026-04-28T13:45:00+00:00,258.54,259.92,258.05,259.64,1885
2026-04-28T13:50:00+00:00,259.64,260.02,259.38,259.39,1568
2026-04-28T13:55:00+00:00,259.39,259.49,258.68,259.17,1563
2026-04-28T14:00:00+00:00,259.17,260.05,259.01,259.75,1660
2026-04-28T14:05:00+00:00,259.75,260.49,259.71,259.86,1754
2026-04-28T14:10:00+00:00,259.86,260.87,259.74,260.45,1558
2026-04-28T14:15:00+00:00,260.45,260.89,260.09,260.15,1372
2026-04-28T14:20:00+00:00,260.15,260.65,260.02,260.02,1308
2026-04-28T14:25:00+00:00,260.02,260.37,259.78,259.85,1302
2026-04-28T14:30:00+00:00,259.85,260.18,259.58,259.84,1157
2026-04-28T14:35:00+00:00,259.84,259.88,259.33,259.72,1553
2026-04-28T14:40:00+00:00,259.72,259.96,259.41,259.82,1507
2026-04-28T14:45:00+00:00,259.82,259.89,259.42,259.71,1405
2026-04-28T14:50:00+00:00,259.71,260.21,259.15,259.83,1623
2026-04-28T14:55:00+00:00,259.83,260.37,259.65,259.95,1953
2026-04-28T15:00:00+00:00,259.95,260.41,259.87,260.18,1564
2026-04-28T15:05:00+00:00,260.18,260.4,259.59,259.84,1555
2026-04-28T15:10:00+00:00,259.84,260.55,259.78,260.46,1288
2026-04-28T15:15:00+00:00,260.46,260.54,260,260.08,1297
2026-04-28T15:20:00+00:00,260.08,260.09,258.96,259.25,1107
2026-04-28T15:25:00+00:00,259.25,259.52,259.09,259.41,912
2026-04-28T15:30:00+00:00,259.41,259.48,259.2,259.37,1048
2026-04-28T15:35:00+00:00,259.37,259.89,259.31,259.62,881
2026-04-28T15:40:00+00:00,259.62,259.67,259.36,259.39,679
2026-04-28T15:45:00+00:00,259.39,259.4,259.03,259.23,954
2026-04-28T15:50:00+00:00,259.23,259.59,259.18,259.52,683
2026-04-28T15:55:00+00:00,259.52,259.7,259.22,259.67,800
2026-04-28T16:00:00+00:00,259.67,260.36,259.53,260.31,1024
2026-04-28T16:05:00+00:00,260.31,260.41,259.87,260.03,878
2026-04-28T16:10:00+00:00,260.03,260.39,259.95,260.1,704
2026-04-28T16:15:00+00:00,260.1,260.35,259.8,260.35,726
2026-04-28T16:20:00+00:00,260.35,260.39,259.93,259.93,599
2026-04-28T16:25:00+00:00,259.93,260.15,259.88,260.02,587
2026-04-28T16:30:00+00:00,260.02,260.12,259.93,260.03,571
2026-04-28T16:35:00+00:00,260.03,260.03,259.68,259.81,572
2026-04-28T16:40:00+00:00,259.81,259.83,259.43,259.45,536
2026-04-28T16:45:00+00:00,259.45,259.61,259,259.06,715
2026-04-28T16:50:00+00:00,259.06,259.5,259.04,259.3,801
2026-04-28T16:55:00+00:00,259.3,259.37,258.98,259.28,674
2026-04-28T17:00:00+00:00,259.28,259.59,258.68,258.85,907
2026-04-28T17:05:00+00:00,258.85,259.01,258.69,258.71,625
2026-04-28T17:10:00+00:00,258.71,258.71,258.25,258.4,808
2026-04-28T17:15:00+00:00,258.4,258.44,257.97,258.07,683
2026-04-28T17:20:00+00:00,258.07,258.13,257.84,257.93,593
2026-04-28T17:25:00+00:00,257.93,258.17,257.75,257.89,734
2026-04-28T17:30:00+00:00,257.89,258.23,257.88,258.18,631
2026-04-28T17:35:00+00:00,258.18,258.35,258.04,258.26,598
2026-04-28T17:40:00+00:00,258.26,258.32,258.06,258.18,581
2026-04-28T17:45:00+00:00,258.18,258.37,258.13,258.17,611
2026-04-28T17:50:00+00:00,258.17,258.48,258.1,258.27,599
2026-04-28T17:55:00+00:00,258.27,258.68,258.2,258.61,499
2026-04-28T18:00:00+00:00,258.61,258.98,258.49,258.85,541
2026-04-28T18:05:00+00:00,258.85,259.29,258.75,259.2,498
2026-04-28T18:10:00+00:00,259.2,259.27,258.95,259.2,413
2026-04-28T18:15:00+00:00,259.2,259.38,259.01,259.35,455
2026-04-28T18:20:00+00:00,259.35,259.65,259.28,259.42,613
2026-04-28T18:25:00+00:00,259.42,259.61,259.36,259.57,533
2026-04-28T18:30:00+00:00,259.57,259.67,259.17,259.17,504
2026-04-28T18:35:00+00:00,259.17,259.32,259.11,259.19,432
2026-04-28T18:40:00+00:00,259.19,259.28,258.92,259.03,361
2026-04-28T18:45:00+00:00,259.03,259.13,258.9,258.96,408
2026-04-28T18:50:00+00:00,258.96,259.03,258.83,258.83,400
2026-04-28T18:55:00+00:00,258.83,258.95,258.71,258.9,360
2026-04-28T19:00:00+00:00,258.9,259.31,258.88,259.15,739
2026-04-28T19:05:00+00:00,259.15,259.47,259.11,259.43,603
2026-04-28T19:10:00+00:00,259.43,259.69,259.41,259.44,562
2026-04-28T19:15:00+00:00,259.44,259.51,259.27,259.44,740
2026-04-28T19:20:00+00:00,259.44,259.45,259.26,259.38,589
2026-04-28T19:25:00+00:00,259.38,259.53,259.34,259.4,575
2026-04-28T19:30:00+00:00,259.4,259.62,259.25,259.27,643
2026-04-28T19:35:00+00:00,259.27,259.38,259.13,259.22,758
2026-04-28T19:40:00+00:00,259.22,259.49,259.22,259.43,766
2026-04-28T19:45:00+00:00,259.43,259.56,259.33,259.47,775
2026-04-28T19:50:00+00:00,259.47,259.73,259.13,259.32,1219
2026-04-28T19:55:00+00:00,259.32,259.69,259.16,259.63,1526
2026-04-29T13:30:00+00:00,259.63,259.63,257.58,258.05,1360
2026-04-29T13:35:00+00:00,258.05,259.26,257.79,259.01,1339
2026-04-29T13:40:00+00:00,259.01,260.61,258.58,260.45,1271
2026-04-29T13:45:00+00:00,260.45,260.91,259.88,260.83,1756
2026-04-29T13:50:00+00:00,260.83,261.78,260.65,261.76,1522
2026-04-29T13:55:00+00:00,261.76,262.61,261.18,262.58,1400
2026-04-29T14:00:00+00:00,262.58,262.84,261.74,262.84,1714
2026-04-29T14:05:00+00:00,262.84,263.35,262.52,263.14,1512
2026-04-29T14:10:00+00:00,263.14,263.95,262.98,263.8,1488
2026-04-29T14:15:00+00:00,263.8,264.15,263.41,263.88,1239
2026-04-29T14:20:00+00:00,263.88,264.24,263.28,264.19,1295
2026-04-29T14:25:00+00:00,264.19,265.59,264.18,265.34,1356
2026-04-29T14:30:00+00:00,265.34,265.76,264.66,265.33,1305
2026-04-29T14:35:00+00:00,265.33,265.44,265.02,265.2,1049
2026-04-29T14:40:00+00:00,265.2,265.38,264.37,265.29,924
2026-04-29T14:45:00+00:00,265.29,265.44,264.88,265.25,962
2026-04-29T14:50:00+00:00,265.25,265.47,264.93,264.94,836
2026-04-29T14:55:00+00:00,264.94,265.5,-2508.1205,-2508.0905,805.4725
2026-04-29T15:00:00+00:00,265.01,265.08,264.09,264.12,993
2026-04-29T15:05:00+00:00,264.12,264.47,263.9,264.09,794
2026-04-29T15:10:00+00:00,264.09,264.09,263.19,263.24,1049
2026-04-29T15:15:00+00:00,263.24,263.56,263.08,263.15,871
2026-04-29T15:20:00+00:00,263.15,263.79,263.08,263.79,787
2026-04-29T15:25:00+00:00,263.79,264.15,263.65,263.81,808
2026-04-29T15:30:00+00:00,263.81,264.36,263.81,264.36,935
2026-04-29T15:35:00+00:00,264.36,264.45,264.01,264.42,749
2026-04-29T15:40:00+00:00,264.42,264.46,264.03,264.16,822
2026-04-29T15:45:00+00:00,264.16,264.62,264.11,264.17,630
2026-04-29T15:50:00+00:00,264.17,264.37,263.25,263.34,1465
2026-04-29T15:55:00+00:00,263.34,263.54,262.91,263.3,1084
2026-04-29T16:00:00+00:00,263.3,263.4,262.89,262.93,778
2026-04-29T16:05:00+00:00,262.93,263.06,262.7,262.74,648
2026-04-29T16:10:00+00:00,262.74,262.98,262.45,262.52,697
2026-04-29T16:15:00+00:00,262.52,262.83,262.1,262.1,714
2026-04-29T16:20:00+00:00,262.1,262.22,261.78,261.78,613
2026-04-29T16:25:00+00:00,261.78,261.98,261.14,261.15,819
2026-04-29T16:30:00+00:00,261.15,261.17,260.38,260.55,925
2026-04-29T16:35:00+00:00,260.55,260.85,260.08,260.78,885
2026-04-29T16:40:00+00:00,260.78,261.22,260.73,260.96,695
2026-04-29T16:45:00+00:00,260.96,261.37,260.89,261.19,604
2026-04-29T16:50:00+00:00,261.19,261.49,261.05,261.08,564
2026-04-29T16:55:00+00:00,261.08,261.47,261.02,261.45,717
2026-04-29T17:00:00+00:00,261.45,261.64,261.32,261.61,687
2026-04-29T17:05:00+00:00,261.61,262.03,261.53,261.97,567
2026-04-29T17:10:00+00:00,261.97,262.12,261.78,261.91,559
2026-04-29T17:15:00+00:00,261.91,262.32,261.78,262.26,434
2026-04-29T17:20:00+00:00,262.26,262.56,262.08,262.16,651
2026-04-29T17:25:00+00:00,262.16,262.23,261.78,261.94,462
2026-04-29T17:30:00+00:00,261.94,262.26,261.92,261.97,576
2026-04-29T17:35:00+00:00,261.97,262.4,261.88,262.32,498
2026-04-29T17:40:00+00:00,262.32,262.54,262.24,262.53,441
2026-04-29T17:45:00+00:00,262.53,263.07,262.48,262.93,630
2026-04-29T17:50:00+00:00,262.93,263.01,262.57,262.76,472
2026-04-29T17:55:00+00:00,262.76,263.11,262.68,263.04,416
2026-04-29T18:00:00+00:00,263.04,263.41,262.86,263.25,946
2026-04-29T18:05:00+00:00,263.25,263.56,262.88,263.03,619
2026-04-29T18:10:00+00:00,263.03,263.28,262.69,263.25,766
2026-04-29T18:15:00+00:00,263.25,263.63,263.13,263.48,747
2026-04-29T18:20:00+00:00,263.48,263.64,263.3,263.53,544
2026-04-29T18:25:00+00:00,263.53,263.53,263.15,263.33,464
2026-04-29T18:30:00+00:00,263.33,263.39,262.79,263.34,740
2026-04-29T18:35:00+00:00,263.34,263.82,263.18,263.19,1188
2026-04-29T18:40:00+00:00,263.19,263.27,262.79,262.91,677
2026-04-29T18:45:00+00:00,262.91,263.36,262.75,263.32,751
2026-04-29T18:50:00+00:00,263.32,263.59,263.15,263.22,536
2026-04-29T18:55:00+00:00,263.22,263.81,263.13,263.74,544
2026-04-29T19:00:00+00:00,263.74,263.88,263.15,263.17,944
2026-04-29T19:05:00+00:00,263.17,263.21,262.98,263.01,808
2026-04-29T19:10:00+00:00,263.01,263.35,262.84,263.32,757
2026-04-29T19:15:00+00:00,263.32,263.49,263.01,263.02,816
2026-04-29T19:20:00+00:00,263.02,263.33,262.95,263.29,835
2026-04-29T19:25:00+00:00,263.29,263.33,262.43,262.45,773
2026-04-29T19:30:00+00:00,262.45,262.75,262.25,262.49,989
2026-04-29T19:35:00+00:00,262.49,262.93,262.35,262.46,927
2026-04-29T19:40:00+00:00,262.46,262.52,261.93,262.09,900
2026-04-29T19:45:00+00:00,262.09,262.58,262.08,262.38,870
2026-04-29T19:50:00+00:00,262.38,262.55,261.9,262.38,1258
2026-04-29T19:55:00+00:00,262.38,263.53,262.25,263.31,1005
2026-04-30T13:30:00+00:00,263.31,273.58,263.31,266.43,2123
2026-04-30T13:35:00+00:00,266.43,266.57,259.48,259.91,2839
2026-04-30T13:40:00+00:00,259.91,261.4,257.75,261.01,2288
2026-04-30T13:45:00+00:00,261.01,261.85,257.33,260.36,2204
2026-04-30T13:50:00+00:00,260.36,261.31,259.35,260.45,2418
2026-04-30T13:55:00+00:00,260.45,260.76,259.03,259.03,1895
2026-04-30T14:00:00+00:00,259.03,262.4,258.82,262.07,1943
2026-04-30T14:05:00+00:00,262.07,262.43,260.13,260.77,1655
2026-04-30T14:10:00+00:00,260.77,261.22,259.83,260.42,1750
2026-04-30T14:15:00+00:00,260.42,260.47,257.79,258.37,1751
2026-04-30T14:20:00+00:00,258.37,259.64,258.01,258.9,1581
2026-04-30T14:25:00+00:00,258.9,259.12,257.88,258.84,1366
2026-04-30T14:30:00+00:00,258.84,259.62,258.18,258.41,1560
2026-04-30T14:35:00+00:00,258.41,259.1,258.25,258.54,1523
2026-04-30T14:40:00+00:00,258.54,258.81,258.1,258.12,1586
2026-04-30T14:45:00+00:00,258.12,258.98,257.62,257.63,1672
2026-04-30T14:50:00+00:00,257.63,259.78,257.37,259.66,1417
2026-04-30T14:55:00+00:00,259.66,259.98,259.27,259.37,1446
2026-04-30T15:00:00+00:00,259.37,260.08,259.36,259.63,1474
2026-04-30T15:05:00+00:00,259.63,260.15,258.88,259.97,1348
2026-04-30T15:10:00+00:00,259.97,260.01,259.51,259.9,1188
2026-04-30T15:15:00+00:00,259.9,260.01,258.7,258.89,1349
2026-04-30T15:20:00+00:00,258.89,259.38,258.3,258.77,1210
2026-04-30T15:25:00+00:00,258.77,258.77,257.84,258.06,1163
2026-04-30T15:30:00+00:00,258.06,258.68,257.73,257.74,1221
2026-04-30T15:35:00+00:00,257.74,257.74,256.76,256.93,1295
2026-04-30T15:40:00+00:00,256.93,257.18,256.53,256.53,1195
2026-04-30T15:45:00+00:00,256.53,257.61,256.06,257.53,1232
2026-04-30T15:50:00+00:00,257.53,258.33,257.46,257.89,1137
2026-04-30T15:55:00+00:00,257.89,258.52,257.72,258.16,989
2026-04-30T16:00:00+00:00,258.16,258.53,257.9,258.23,990
2026-04-30T16:05:00+00:00,258.23,258.33,257.73,257.73,851
2026-04-30T16:10:00+00:00,257.73,258.78,257.65,258.69,867
2026-04-30T16:15:00+00:00,258.69,258.82,258.32,258.78,747
2026-04-30T16:20:00+00:00,258.78,259.53,258.76,259.31,1037
2026-04-30T16:25:00+00:00,259.31,259.48,259.01,259.01,901
2026-04-30T16:30:00+00:00,259.01,259.65,258.89,259.41,790
2026-04-30T16:35:00+00:00,259.41,259.53,259.11,259.39,705
2026-04-30T16:40:00+00:00,259.39,259.39,258.88,259.14,768
2026-04-30T16:45:00+00:00,259.14,259.77,258.92,259.53,814
2026-04-30T16:50:00+00:00,259.53,259.58,258.48,258.59,792
2026-04-30T16:55:00+00:00,258.59,258.6,257.67,258.21,827
2026-04-30T17:00:00+00:00,258.21,259.48,258.13,259.43,737
2026-04-30T17:05:00+00:00,259.43,260.46,259.43,260.15,830
2026-04-30T17:10:00+00:00,260.15,260.36,259.6,259.73,793
2026-04-30T17:15:00+00:00,259.73,260.23,259.41,259.42,786
2026-04-30T17:20:00+00:00,259.42,259.81,259.28,259.74,779
2026-04-30T17:25:00+00:00,259.74,259.81,259.51,259.73,616
2026-04-30T17:30:00+00:00,259.73,260.05,259.57,259.91,877
2026-04-30T17:35:00+00:00,259.91,260,259.54,259.94,657
2026-04-30T17:40:00+00:00,259.94,260.1,259.61,259.91,654
2026-04-30T17:45:00+00:00,259.91,260.1,259.43,259.85,742
2026-04-30T17:50:00+00:00,259.85,260.07,259.58,259.93,641
2026-04-30T17:55:00+00:00,259.93,260.24,259.78,260.14,537
2026-04-30T18:00:00+00:00,260.14,261.02,260.04,261,852
2026-04-30T18:05:00+00:00,261,261.76,260.81,261.39,992
2026-04-30T18:10:00+00:00,261.39,261.96,261.05,261.53,816
2026-04-30T18:15:00+00:00,261.53,262.29,261.39,261.75,809
2026-04-30T18:20:00+00:00,261.75,262.21,261.56,261.57,637
2026-04-30T18:25:00+00:00,261.57,262.49,261.48,262.25,799
2026-04-30T18:30:00+00:00,262.25,262.96,262.17,262.91,931
2026-04-30T18:35:00+00:00,262.91,263.55,262.8,263.52,859
2026-04-30T18:40:00+00:00,263.52,263.87,263.43,263.62,961
2026-04-30T18:45:00+00:00,263.62,264,263.3,263.49,838
2026-04-30T18:50:00+00:00,263.49,263.53,262.98,263.45,847
2026-04-30T18:55:00+00:00,263.45,263.68,263.04,263.34,750
2026-04-30T19:00:00+00:00,263.34,264.18,263.34,264.14,986
2026-04-30T19:05:00+00:00,264.14,264.22,263.77,263.91,955
2026-04-30T19:10:00+00:00,263.91,264.61,263.82,264.39,969
2026-04-30T19:15:00+00:00,264.39,265.48,264.33,265.27,1060
2026-04-30T19:20:00+00:00,265.27,265.72,265.08,265.55,978
2026-04-30T19:25:00+00:00,265.55,265.88,265.18,265.45,1032
2026-04-30T19:30:00+00:00,265.45,266.17,265.41,266.09,1212
2026-04-30T19:35:00+00:00,266.09,266.3,265.27,266.15,1115
2026-04-30T19:40:00+00:00,266.15,266.35,265.29,265.85,1050
2026-04-30T19:45:00+00:00,265.85,266.17,265.6,265.67,1038
2026-04-30T19:50:00+00:00,265.67,265.72,264.39,265.17,1719
2026-04-30T19:55:00+00:00,265.17,265.35,264.42,264.91,1793
2026-05-01T13:30:00+00:00,264.91,265.4,262.61,265.23,1410
2026-05-01T13:35:00+00:00,265.23,265.76,263.98,264.43,1480
2026-05-01T13:40:00+00:00,264.43,265.05,263.01,263.88,1279
2026-05-01T13:45:00+00:00,263.88,265.48,263.86,265.45,1286
2026-05-01T13:50:00+00:00,265.45,267.51,265.38,267.35,1626
2026-05-01T13:55:00+00:00,267.35,268.79,267.33,268.69,1643
2026-05-01T14:00:00+00:00,268.69,271.01,268.53,270.58,1929
2026-05-01T14:05:00+00:00,270.58,271.87,270.13,271.52,1845
2026-05-01T14:10:00+00:00,271.52,273.18,271.52,272.58,1741
2026-05-01T14:15:00+00:00,272.58,272.83,270.62,271.66,1483
2026-05-01T14:20:00+00:00,271.66,272.86,271.65,272.21,1317
2026-05-01T14:25:00+00:00,272.21,272.23,271.11,271.15,1199
2026-05-01T14:30:00+00:00,271.15,271.33,270.27,270.36,1368
2026-05-01T14:35:00+00:00,270.36,270.55,269.98,270.45,1534
2026-05-01T14:40:00+00:00,270.45,270.94,269.74,270.46,1261
2026-05-01T14:45:00+00:00,270.46,270.88,270.15,270.21,1041
2026-05-01T14:50:00+00:00,270.21,270.21,269.26,269.79,975
2026-05-01T14:55:00+00:00,269.79,270.02,-2503.6705,-2503.6705,982.6010401188707
2026-05-01T15:00:00+00:00,269.42,269.52,268.43,268.67,1112
2026-05-01T15:05:00+00:00,268.67,268.71,268.22,268.67,1002
2026-05-01T15:10:00+00:00,268.67,268.87,268.29,268.45,901
2026-05-01T15:15:00+00:00,268.45,268.73,268.2,268.38,1016
2026-05-01T15:20:00+00:00,268.38,269.54,268.35,269.44,929
2026-05-01T15:25:00+00:00,269.44,269.57,269.05,269.31,960
2026-05-01T15:30:00+00:00,269.31,269.86,269.28,269.66,985
2026-05-01T15:35:00+00:00,269.66,270.5,269.47,270.28,893
2026-05-01T15:40:00+00:00,270.28,270.31,269.95,270.1,910
2026-05-01T15:45:00+00:00,270.1,270.63,270.07,270.39,776
2026-05-01T15:50:00+00:00,270.39,270.64,269.78,270.02,1430
2026-05-01T15:55:00+00:00,270.02,270.51,269.83,270.02,804
2026-05-01T16:00:00+00:00,270.02,270.08,269.68,269.78,715
2026-05-01T16:05:00+00:00,269.78,269.83,269.1,269.14,716
2026-05-01T16:10:00+00:00,269.14,269.61,269.03,269.27,627
2026-05-01T16:15:00+00:00,269.27,269.55,269.22,269.34,670
2026-05-01T16:20:00+00:00,269.34,269.66,268.94,268.94,1023
2026-05-01T16:25:00+00:00,268.94,269.09,268.61,268.88,1011
2026-05-01T16:30:00+00:00,268.88,268.93,268.19,268.23,992
2026-05-01T16:35:00+00:00,268.23,268.65,268.08,268.65,794
2026-05-01T16:40:00+00:00,268.65,268.73,268.11,268.33,647
2026-05-01T16:45:00+00:00,268.33,268.77,268.18,268.24,671
2026-05-01T16:50:00+00:00,268.24,268.56,268,268.42,647
2026-05-01T16:55:00+00:00,268.42,268.69,268.19,268.2,589
2026-05-01T17:00:00+00:00,268.2,268.5,268.19,268.34,705
2026-05-01T17:05:00+00:00,268.34,268.55,268.13,268.17,581
2026-05-01T17:10:00+00:00,268.17,268.47,268.09,268.4,616
2026-05-01T17:15:00+00:00,268.4,268.73,268.35,268.67,549
2026-05-01T17:20:00+00:00,268.67,269.48,268.67,269.21,796
2026-05-01T17:25:00+00:00,269.21,269.69,269.19,269.25,777
2026-05-01T17:30:00+00:00,269.25,269.5,268.98,268.99,708
2026-05-01T17:35:00+00:00,268.99,269.06,268.8,268.93,717
2026-05-01T17:40:00+00:00,268.93,269.17,268.74,268.78,560
2026-05-01T17:45:00+00:00,268.78,269.09,268.71,268.93,522
2026-05-01T17:50:00+00:00,268.93,269.26,268.73,269.17,693
2026-05-01T17:55:00+00:00,269.17,269.36,269.08,269.09,645
2026-05-01T18:00:00+00:00,269.09,269.29,268.98,269.07,607
2026-05-01T18:05:00+00:00,269.07,269.25,268.94,269.21,609
2026-05-01T18:10:00+00:00,269.21,269.3,268.96,269.17,601
2026-05-01T18:15:00+00:00,269.17,269.24,268.83,269.17,588
2026-05-01T18:20:00+00:00,269.17,269.45,269.16,269.44,530
2026-05-01T18:25:00+00:00,269.44,269.49,269.16,269.45,524
2026-05-01T18:30:00+00:00,269.45,269.55,269.16,269.26,680
2026-05-01T18:35:00+00:00,269.26,269.31,268.73,268.75,637
2026-05-01T18:40:00+00:00,268.75,268.79,268.09,268.35,699
2026-05-01T18:45:00+00:00,268.35,268.78,268.35,268.6,709
2026-05-01T18:50:00+00:00,268.6,268.74,268.48,268.67,498
2026-05-01T18:55:00+00:00,268.67,268.89,268.65,268.8,506
2026-05-01T19:00:00+00:00,268.8,269.17,268.68,268.81,708
2026-05-01T19:05:00+00:00,268.81,269,268.59,268.8,611
2026-05-01T19:10:00+00:00,268.8,268.99,268.69,268.83,607
2026-05-01T19:15:00+00:00,268.83,268.91,268.45,268.47,590
2026-05-01T19:20:00+00:00,268.47,268.61,268.33,268.35,627
2026-05-01T19:25:00+00:00,268.35,268.93,268.35,268.72,640
2026-05-01T19:30:00+00:00,268.72,268.78,268.45,268.72,752
2026-05-01T19:35:00+00:00,268.72,268.75,268.43,268.67,610
2026-05-01T19:40:00+00:00,268.67,268.78,268.39,268.51,597
2026-05-01T19:45:00+00:00,268.51,268.55,268.01,268.01,719
2026-05-01T19:50:00+00:00,268.01,268.24,267.49,268.07,1265
2026-05-01T19:55:00+00:00,268.07,268.35,267.73,268.21,1034
2026-05-04T13:30:00+00:00,268.21,272.77,268.21,272.39,1556
2026-05-04T13:35:00+00:00,272.39,273.21,271.04,271.28,1621
2026-05-04T13:40:00+00:00,271.28,272.07,271.19,271.39,1667
2026-05-04T13:45:00+00:00,271.39,272.5,270.73,271.89,1684
2026-05-04T13:50:00+00:00,271.89,272.07,270.29,271.39,1694
2026-05-04T13:55:00+00:00,271.39,272.07,271.2,271.6,1276
2026-05-04T14:00:00+00:00,271.6,271.62,269.76,269.79,1254
2026-05-04T14:05:00+00:00,269.79,270.19,269.28,269.5,1438
2026-05-04T14:10:00+00:00,269.5,270.38,269.45,270.1,1494
2026-05-04T14:15:00+00:00,270.1,271.49,270.06,271.27,1080
2026-05-04T14:20:00+00:00,271.27,271.64,270.71,271.45,1038
2026-05-04T14:25:00+00:00,271.45,272.26,271.35,271.82,1205
2026-05-04T14:30:00+00:00,271.82,272.78,271.62,272.52,1156
2026-05-04T14:35:00+00:00,272.52,274.65,272.33,274.42,1562
2026-05-04T14:40:00+00:00,274.42,275.73,274.42,275.05,1807
2026-05-04T14:45:00+00:00,275.05,275.94,274.98,275.73,1453
2026-05-04T14:50:00+00:00,275.73,275.9,274.28,274.43,1309
2026-05-04T14:55:00+00:00,274.43,274.93,273.25,273.28,1355
2026-05-04T15:00:00+00:00,273.28,274.57,272.88,274.32,1583
2026-05-04T15:05:00+00:00,274.32,274.85,274.2,274.32,1199
2026-05-04T15:10:00+00:00,274.32,274.56,273.81,273.98,1169
2026-05-04T15:15:00+00:00,273.98,274.28,272.97,273.09,1430
2026-05-04T15:20:00+00:00,273.09,273.22,272.18,272.9,1971
2026-05-04T15:25:00+00:00,272.9,273.65,272.78,273.5,1699
2026-05-04T15:30:00+00:00,273.5,273.58,272.05,272.09,1459
2026-05-04T15:35:00+00:00,272.09,272.13,271.14,271.24,1608
2026-05-04T15:40:00+00:00,271.24,271.51,270.68,271.45,1150
2026-05-04T15:45:00+00:00,271.45,271.54,270.48,270.93,1159
2026-05-04T15:50:00+00:00,270.93,271.49,270.45,271.22,1264
2026-05-04T15:55:00+00:00,271.22,271.54,270.72,271,1197
2026-05-04T16:00:00+00:00,271,271.1,270.48,270.63,1084
2026-05-04T16:05:00+00:00,270.63,270.91,269.89,270.69,1786
2026-05-04T16:10:00+00:00,270.69,270.69,270.04,270.38,1251
2026-05-04T16:15:00+00:00,270.38,271.05,269.77,270.81,1542
2026-05-04T16:20:00+00:00,270.81,271.04,270.2,270.35,1203
2026-05-04T16:25:00+00:00,270.35,270.49,269.92,269.93,980
2026-05-04T16:30:00+00:00,269.93,270.55,269.8,270.35,968
2026-05-04T16:35:00+00:00,270.35,270.54,269.88,270.02,927
2026-05-04T16:40:00+00:00,270.02,270.27,269.83,270.08,875
2026-05-04T16:45:00+00:00,270.08,270.37,269.59,270.32,1073
2026-05-04T16:50:00+00:00,270.32,270.32,269.8,270.11,868
2026-05-04T16:55:00+00:00,270.11,270.38,269.94,270.07,724
2026-05-04T17:00:00+00:00,270.07,270.76,269.92,270.76,1047
2026-05-04T17:05:00+00:00,270.76,271,270.45,270.49,755
2026-05-04T17:10:00+00:00,270.49,270.71,270.28,270.53,661
2026-05-04T17:15:00+00:00,270.53,271.24,270.26,271.2,1168
2026-05-04T17:20:00+00:00,271.2,271.43,271.14,271.31,814
2026-05-04T17:25:00+00:00,271.31,271.53,271.08,271.46,572
2026-05-04T17:30:00+00:00,271.46,271.83,271.26,271.29,685
2026-05-04T17:35:00+00:00,271.29,271.46,271.07,271.39,676
2026-05-04T17:40:00+00:00,271.39,271.61,271.13,271.57,653
2026-05-04T17:45:00+00:00,271.57,271.59,271.23,271.36,471
2026-05-04T17:50:00+00:00,271.36,271.8,271.3,271.67,425
2026-05-04T17:55:00+00:00,271.67,271.81,271.44,271.66,426
2026-05-04T18:00:00+00:00,271.66,271.93,271.58,271.73,504
2026-05-04T18:05:00+00:00,271.73,271.87,271.39,271.46,583
2026-05-04T18:10:00+00:00,271.46,271.48,271.05,271.39,568
2026-05-04T18:15:00+00:00,271.39,271.43,271.07,271.25,434
2026-05-04T18:20:00+00:00,271.25,271.27,270.89,271.09,517
2026-05-04T18:25:00+00:00,271.09,271.14,270.49,271.08,802
2026-05-04T18:30:00+00:00,271.08,271.12,270.63,270.81,728
2026-05-04T18:35:00+00:00,270.81,270.82,270.51,270.66,488
2026-05-04T18:40:00+00:00,270.66,270.77,270.33,270.46,483
2026-05-04T18:45:00+00:00,270.46,270.79,270.26,270.63,578
2026-05-04T18:50:00+00:00,270.63,270.73,270.25,270.35,725
2026-05-04T18:55:00+00:00,270.35,270.88,270.34,270.8,439
2026-05-04T19:00:00+00:00,270.8,270.83,270.59,270.79,677
2026-05-04T19:05:00+00:00,270.79,271.4,270.63,271.16,1239
2026-05-04T19:10:00+00:00,271.16,271.35,271.01,271.31,612
2026-05-04T19:15:00+00:00,271.31,271.39,270.89,270.99,578
2026-05-04T19:20:00+00:00,270.99,271.44,270.93,271.23,665
2026-05-04T19:25:00+00:00,271.23,271.59,271.09,271.59,653
2026-05-04T19:30:00+00:00,271.59,271.8,271.39,271.39,776
2026-05-04T19:35:00+00:00,271.39,271.58,271.31,271.51,689
2026-05-04T19:40:00+00:00,271.51,271.64,271.29,271.33,721
2026-05-04T19:45:00+00:00,271.33,271.33,270.99,271.12,774
2026-05-04T19:50:00+00:00,271.12,271.22,270.47,270.97,1214
2026-05-04T19:55:00+00:00,270.97,272.02,270.97,271.95,1333
2026-05-05T13:30:00+00:00,271.95,278.34,271.95,276.78,1607
2026-05-05T13:35:00+00:00,276.78,276.89,275.89,276.36,1552
2026-05-05T13:40:00+00:00,276.36,277.68,276.25,277.55,1761
2026-05-05T13:45:00+00:00,277.55,278.43,277.16,277.58,1546
2026-05-05T13:50:00+00:00,277.58,278.27,276.51,276.56,1512
2026-05-05T13:55:00+00:00,276.56,276.99,275.68,275.89,1384
2026-05-05T14:00:00+00:00,275.89,276.5,275.56,275.9,1303
2026-05-05T14:05:00+00:00,275.9,276.24,275.34,275.9,1299
2026-05-05T14:10:00+00:00,275.9,276.02,275.1,275.17,1399
2026-05-05T14:15:00+00:00,275.17,275.25,274.39,274.78,1494
2026-05-05T14:20:00+00:00,274.78,275.67,274.68,275.41,1209
2026-05-05T14:25:00+00:00,275.41,275.81,275.11,275.78,1139
2026-05-05T14:30:00+00:00,275.78,276.21,275.67,276.16,1137
2026-05-05T14:35:00+00:00,276.16,276.24,275.88,276.03,1256
2026-05-05T14:40:00+00:00,276.03,277.14,275.91,276.78,1345
2026-05-05T14:45:00+00:00,276.78,277,275.63,275.86,1264
2026-05-05T14:50:00+00:00,275.86,276.06,275.51,276.04,1072
2026-05-05T14:55:00+00:00,276.04,276.12,275.72,275.92,1151
2026-05-05T15:00:00+00:00,275.92,276.16,275.49,276.11,1069
2026-05-05T15:05:00+00:00,276.11,276.21,275.61,275.69,959
2026-05-05T15:10:00+00:00,275.69,275.7,274.9,275.17,812
2026-05-05T15:15:00+00:00,275.17,275.25,274.54,275.07,796
2026-05-05T15:20:00+00:00,275.07,275.55,274.99,275.21,702
2026-05-05T15:25:00+00:00,275.21,275.82,275.21,275.53,812
2026-05-05T15:30:00+00:00,275.53,275.97,275.48,275.81,939
2026-05-05T15:35:00+00:00,275.81,276.13,275.73,275.91,773
2026-05-05T15:40:00+00:00,275.91,275.98,275.69,275.95,680
2026-05-05T15:45:00+00:00,275.95,276.14,275.76,275.94,659
2026-05-05T15:50:00+00:00,275.94,276.11,275.79,275.86,499
2026-05-05T15:55:00+00:00,275.86,275.86,275.61,275.81,503
2026-05-05T16:00:00+00:00,275.81,275.86,275.29,275.38,662
2026-05-05T16:05:00+00:00,275.38,275.54,275.09,275.17,623
2026-05-05T16:10:00+00:00,275.17,275.3,275.02,275.15,602
2026-05-05T16:15:00+00:00,275.15,275.19,274.83,274.88,572
2026-05-05T16:20:00+00:00,274.88,275.26,274.64,274.65,710
2026-05-05T16:25:00+00:00,274.65,274.66,273.78,273.78,917
2026-05-05T16:30:00+00:00,273.78,274.05,273.73,273.8,672
2026-05-05T16:35:00+00:00,273.8,273.94,273.49,273.58,629
2026-05-05T16:40:00+00:00,273.58,273.66,273.33,273.45,648
2026-05-05T16:45:00+00:00,273.45,273.63,273.23,273.31,592
2026-05-05T16:50:00+00:00,273.31,273.44,273.13,273.42,567
2026-05-05T16:55:00+00:00,273.42,273.53,272.99,273.05,456
2026-05-05T17:00:00+00:00,273.05,273.17,272.7,272.7,521
2026-05-05T17:05:00+00:00,272.7,272.78,272.33,272.51,656
2026-05-05T17:10:00+00:00,272.51,272.87,272.23,272.86,640
2026-05-05T17:15:00+00:00,272.86,272.99,272.68,272.75,711
2026-05-05T17:20:00+00:00,272.75,273.2,272.75,273.13,574
2026-05-05T17:25:00+00:00,273.13,273.58,273.07,273.56,583
2026-05-05T17:30:00+00:00,273.56,273.76,273.42,273.59,716
2026-05-05T17:35:00+00:00,273.59,273.72,273.22,273.26,601
2026-05-05T17:40:00+00:00,273.26,273.46,273.19,273.32,518
2026-05-05T17:45:00+00:00,273.32,273.42,273.18,273.28,563
2026-05-05T17:50:00+00:00,273.28,273.64,273.21,273.54,435
2026-05-05T17:55:00+00:00,273.54,274.16,273.38,274.16,533
2026-05-05T18:00:00+00:00,274.16,274.16,273.71,273.74,585
2026-05-05T18:05:00+00:00,273.74,273.92,273.39,273.44,556
2026-05-05T18:10:00+00:00,273.44,273.71,273.38,273.54,627
2026-05-05T18:15:00+00:00,273.54,273.79,273.38,273.77,621
2026-05-05T18:20:00+00:00,273.77,274.12,273.73,273.99,439
2026-05-05T18:25:00+00:00,273.99,274.08,273.92,273.96,310
2026-05-05T18:30:00+00:00,273.96,274.07,273.57,273.61,362
2026-05-05T18:35:00+00:00,273.61,273.97,273.6,273.75,415
2026-05-05T18:40:00+00:00,273.75,273.91,273.71,273.74,390
2026-05-05T18:45:00+00:00,273.74,274,273.71,273.85,326
2026-05-05T18:50:00+00:00,273.85,273.94,273.52,273.56,441
2026-05-05T18:55:00+00:00,273.56,273.85,273.56,273.7,293
2026-05-05T19:00:00+00:00,273.7,274.13,273.69,274.04,621
2026-05-05T19:05:00+00:00,274.04,274.17,273.82,273.94,463
2026-05-05T19:10:00+00:00,273.94,274.15,273.86,273.92,514
2026-05-05T19:15:00+00:00,273.92,274.11,273.81,274.06,518
2026-05-05T19:20:00+00:00,274.06,274.09,273.74,273.81,468
2026-05-05T19:25:00+00:00,273.81,273.96,273.48,273.72,505
2026-05-05T19:30:00+00:00,273.72,273.88,273.65,273.71,462
2026-05-05T19:35:00+00:00,273.71,273.78,273.47,273.64,539
2026-05-05T19:40:00+00:00,273.64,273.83,273.45,273.78,459
2026-05-05T19:45:00+00:00,273.78,274.03,273.61,273.71,516
2026-05-05T19:50:00+00:00,273.71,274.05,273.32,273.86,1239
2026-05-05T19:55:00+00:00,273.86,273.89,273.3,273.41,1269
2026-05-06T13:30:00+00:00,273.41,274.52,272.07,273.34,1285
2026-05-06T13:35:00+00:00,273.34,274.44,272.79,273.57,1317
2026-05-06T13:40:00+00:00,273.57,275.04,273.56,274.25,1303
2026-05-06T13:45:00+00:00,274.25,275.18,274.1,274.96,1232
2026-05-06T13:50:00+00:00,274.96,274.96,273.39,273.85,1300
2026-05-06T13:55:00+00:00,273.85,273.97,272.83,273.31,1157
2026-05-06T14:00:00+00:00,273.31,273.5,272.85,273.19,1151
2026-05-06T14:05:00+00:00,273.19,273.35,272.13,272.44,1263
2026-05-06T14:10:00+00:00,272.44,273.26,272.33,273.01,974
2026-05-06T14:15:00+00:00,273.01,273.28,272.8,272.96,1027
2026-05-06T14:20:00+00:00,272.96,274,272.95,273.65,927
2026-05-06T14:25:00+00:00,273.65,274,273.48,273.88,866
2026-05-06T14:30:00+00:00,273.88,274.1,273.42,273.98,1121
2026-05-06T14:35:00+00:00,273.98,274.84,273.71,274.78,1078
2026-05-06T14:40:00+00:00,274.78,275.28,274.41,275.28,1100
2026-05-06T14:45:00+00:00,275.28,275.34,274.76,275.23,926
2026-05-06T14:50:00+00:00,275.23,275.25,274.79,274.85,844
2026-05-06T14:55:00+00:00,274.85,274.97,-2498.4404999999997,-2498.2205,835.3160352880125
2026-05-06T15:00:00+00:00,274.9,275.06,274.69,274.75,766
2026-05-06T15:05:00+00:00,274.75,274.84,274.19,274.23,789
2026-05-06T15:10:00+00:00,274.23,274.28,273.63,273.85,693
2026-05-06T15:15:00+00:00,273.85,274.05,273.65,273.89,756
2026-05-06T15:20:00+00:00,273.89,274.13,273.63,273.87,743
2026-05-06T15:25:00+00:00,273.87,274.17,273.53,273.57,588
2026-05-06T15:30:00+00:00,273.57,273.63,272.64,272.65,793
2026-05-06T15:35:00+00:00,272.65,273.37,272.42,273.11,908
2026-05-06T15:40:00+00:00,273.11,273.47,272.98,273.36,718
2026-05-06T15:45:00+00:00,273.36,274.25,273.22,274.1,724
2026-05-06T15:50:00+00:00,274.1,274.5,273.88,274.35,593
2026-05-06T15:55:00+00:00,274.35,274.83,274.24,274.68,782
2026-05-06T16:00:00+00:00,274.68,274.94,274.6,274.73,646
2026-05-06T16:05:00+00:00,274.73,274.9,274.71,274.71,481
2026-05-06T16:10:00+00:00,274.71,275.2,274.71,275.15,515
2026-05-06T16:15:00+00:00,275.15,275.85,275.04,275.62,574
2026-05-06T16:20:00+00:00,275.62,275.71,275.18,275.26,528
2026-05-06T16:25:00+00:00,275.26,275.68,275.18,275.42,475
2026-05-06T16:30:00+00:00,275.42,275.87,275.39,275.52,590
2026-05-06T16:35:00+00:00,275.52,275.77,275.39,275.77,458
2026-05-06T16:40:00+00:00,275.77,275.87,275.47,275.47,390
2026-05-06T16:45:00+00:00,275.47,275.63,275.39,275.6,461
2026-05-06T16:50:00+00:00,275.6,275.76,275.21,275.23,544
2026-05-06T16:55:00+00:00,275.23,275.61,275.06,275.35,716
2026-05-06T17:00:00+00:00,275.35,275.89,275.22,275.84,709
2026-05-06T17:05:00+00:00,275.84,275.95,275.62,275.95,516
2026-05-06T17:10:00+00:00,275.95,276.46,275.92,276.19,484
2026-05-06T17:15:00+00:00,276.19,276.31,276.02,276.21,462
2026-05-06T17:20:00+00:00,276.21,276.33,275.95,276.07,398
2026-05-06T17:25:00+00:00,276.07,276.35,276.01,276.28,370
2026-05-06T17:30:00+00:00,276.28,276.39,276.08,276.12,372
2026-05-06T17:35:00+00:00,276.12,276.52,276.11,276.34,429
2026-05-06T17:40:00+00:00,276.34,276.57,276.31,276.52,375
2026-05-06T17:45:00+00:00,276.52,276.86,276.41,276.86,463
2026-05-06T17:50:00+00:00,276.86,276.86,276.52,276.56,438
2026-05-06T17:55:00+00:00,276.56,276.98,276.56,276.9,385
2026-05-06T18:00:00+00:00,276.9,277.24,276.8,276.94,498
2026-05-06T18:05:00+00:00,276.94,277.29,276.89,277.29,494
2026-05-06T18:10:00+00:00,277.29,277.45,276.93,277.29,506
2026-05-06T18:15:00+00:00,277.29,277.68,277.27,277.36,392
2026-05-06T18:20:00+00:00,277.36,277.38,276.4,276.43,536
2026-05-06T18:25:00+00:00,276.43,276.48,276.13,276.14,476
2026-05-06T18:30:00+00:00,276.14,276.79,276.12,276.52,541
2026-05-06T18:35:00+00:00,276.52,276.76,276.23,276.55,570
2026-05-06T18:40:00+00:00,276.55,276.74,276.1,276.1,487
2026-05-06T18:45:00+00:00,276.1,276.21,275.97,276.08,464
2026-05-06T18:50:00+00:00,276.08,276.68,276.03,276.42,461
2026-05-06T18:55:00+00:00,276.42,276.64,276.25,276.46,465
2026-05-06T19:00:00+00:00,276.46,276.77,276.46,276.51,543
2026-05-06T19:05:00+00:00,276.51,276.95,276.48,276.77,511
2026-05-06T19:10:00+00:00,276.77,276.9,276.35,276.41,572
2026-05-06T19:15:00+00:00,276.41,276.9,276.23,276.67,624
2026-05-06T19:20:00+00:00,276.67,276.81,276.02,276.09,719
2026-05-06T19:25:00+00:00,276.09,276.31,275.93,276.15,598
2026-05-06T19:30:00+00:00,276.15,276.53,276.05,276.27,700
2026-05-06T19:35:00+00:00,276.27,276.57,276.17,276.52,517
2026-05-06T19:40:00+00:00,276.52,276.59,275.94,275.95,596
2026-05-06T19:45:00+00:00,275.95,276.08,275.74,275.87,643
2026-05-06T19:50:00+00:00,275.87,276.25,275.63,275.67,1148
2026-05-06T19:55:00+00:00,275.67,275.67,274.76,275.02,1411
2026-05-07T13:30:00+00:00,275.02,276.38,273.32,273.72,1048
2026-05-07T13:35:00+00:00,273.72,274.77,273.24,274.15,1127
2026-05-07T13:40:00+00:00,274.15,275,274.13,274.59,853
2026-05-07T13:45:00+00:00,274.59,274.59,273.18,273.23,1138
2026-05-07T13:50:00+00:00,273.23,273.82,273,273.02,917
2026-05-07T13:55:00+00:00,273.02,273.93,273,273.45,1128
2026-05-07T14:00:00+00:00,273.45,273.85,273.3,273.56,1012
2026-05-07T14:05:00+00:00,273.56,273.79,273.28,273.44,867
2026-05-07T14:10:00+00:00,273.44,273.82,273.2,273.36,810
2026-05-07T14:15:00+00:00,273.36,273.42,272.65,273.18,1173
2026-05-07T14:20:00+00:00,273.18,273.66,272.94,273.38,971
2026-05-07T14:25:00+00:00,273.38,273.63,273.19,273.23,810
2026-05-07T14:30:00+00:00,273.23,273.26,272.73,272.92,771
2026-05-07T14:35:00+00:00,272.92,273.58,272.92,273.35,723
2026-05-07T14:40:00+00:00,273.35,273.8,273.26,273.56,670
2026-05-07T14:45:00+00:00,273.56,273.82,273.13,273.19,644
2026-05-07T14:50:00+00:00,273.19,273.48,272.98,273.21,679
2026-05-07T14:55:00+00:00,273.21,273.54,273.21,273.28,567
2026-05-07T15:00:00+00:00,273.28,273.43,273.09,273.1,698
2026-05-07T15:05:00+00:00,273.1,273.12,272.19,272.57,921
2026-05-07T15:10:00+00:00,272.57,272.7,272.33,272.5,682
2026-05-07T15:15:00+00:00,272.5,272.79,272.04,272.63,628
2026-05-07T15:20:00+00:00,272.63,272.93,272.6,272.81,634
2026-05-07T15:25:00+00:00,272.81,273.21,272.64,273.14,738
2026-05-07T15:30:00+00:00,273.14,273.61,273.1,273.23,660
2026-05-07T15:35:00+00:00,273.23,273.48,272.9,273.34,621
2026-05-07T15:40:00+00:00,273.34,273.41,272.94,273.22,541
2026-05-07T15:45:00+00:00,273.22,273.77,273.11,273.64,784
2026-05-07T15:50:00+00:00,273.64,273.68,273.17,273.23,762
2026-05-07T15:55:00+00:00,273.23,273.46,273.08,273.42,768
2026-05-07T16:00:00+00:00,273.42,273.43,272.94,273,801
2026-05-07T16:05:00+00:00,273,273.12,272.73,272.96,893
2026-05-07T16:10:00+00:00,272.96,272.97,272.42,272.42,852
2026-05-07T16:15:00+00:00,272.42,272.44,271.59,271.67,1260
2026-05-07T16:20:00+00:00,271.67,271.77,271.26,271.36,1140
2026-05-07T16:25:00+00:00,271.36,272.47,271.3,272.47,805
2026-05-07T16:30:00+00:00,272.47,272.91,272.28,272.76,722
2026-05-07T16:35:00+00:00,272.76,272.89,272.46,272.49,678
2026-05-07T16:40:00+00:00,272.49,272.79,272.4,272.73,567
2026-05-07T16:45:00+00:00,272.73,272.86,272.33,272.53,644
2026-05-07T16:50:00+00:00,272.53,272.84,272.33,272.67,739
2026-05-07T16:55:00+00:00,272.67,272.78,272.46,272.77,696
2026-05-07T17:00:00+00:00,272.77,272.89,272.47,272.64,674
2026-05-07T17:05:00+00:00,272.64,272.78,272.19,272.3,734
2026-05-07T17:10:00+00:00,272.3,272.38,271.88,272.21,753
2026-05-07T17:15:00+00:00,272.21,272.32,271.78,271.81,791
2026-05-07T17:20:00+00:00,271.81,272.32,271.58,272.28,944
2026-05-07T17:25:00+00:00,272.28,272.47,271.07,271.34,1771
2026-05-07T17:30:00+00:00,271.34,271.55,271.08,271.28,1197
2026-05-07T17:35:00+00:00,271.28,272.12,271.21,271.92,833
2026-05-07T17:40:00+00:00,271.92,272.15,271.68,271.8,716
2026-05-07T17:45:00+00:00,271.8,271.86,271.56,271.68,516
2026-05-07T17:50:00+00:00,271.68,272.01,271.63,271.93,575
2026-05-07T17:55:00+00:00,271.93,272.8,271.91,272.71,966
2026-05-07T18:00:00+00:00,272.71,272.8,272.43,272.49,585
2026-05-07T18:05:00+00:00,272.49,272.66,272.34,272.41,630
2026-05-07T18:10:00+00:00,272.41,272.73,272.29,272.61,560
2026-05-07T18:15:00+00:00,272.61,272.85,272.57,272.7,440
2026-05-07T18:20:00+00:00,272.7,272.81,272.25,272.26,469
2026-05-07T18:25:00+00:00,272.26,272.66,272.18,272.45,517
2026-05-07T18:30:00+00:00,272.45,272.7,272.43,272.61,377
2026-05-07T18:35:00+00:00,272.61,272.67,272.02,272.18,477
2026-05-07T18:40:00+00:00,272.18,272.29,271.19,271.36,816
2026-05-07T18:45:00+00:00,271.36,271.78,271.22,271.65,942
2026-05-07T18:50:00+00:00,271.65,272,271.5,271.69,868
2026-05-07T18:55:00+00:00,271.69,272.07,271.65,271.96,757
2026-05-07T19:00:00+00:00,271.96,271.97,271.39,271.68,763
2026-05-07T19:05:00+00:00,271.68,271.77,271.44,271.55,696
2026-05-07T19:10:00+00:00,271.55,271.9,271.49,271.8,658
2026-05-07T19:15:00+00:00,271.8,271.89,271.38,271.71,905
2026-05-07T19:20:00+00:00,271.71,271.84,271.52,271.78,808
2026-05-07T19:25:00+00:00,271.78,271.95,271.63,271.81,667
2026-05-07T19:30:00+00:00,271.81,272,271.51,271.51,680
2026-05-07T19:35:00+00:00,271.51,271.73,271.41,271.56,755
2026-05-07T19:40:00+00:00,271.56,271.8,271.47,271.71,593
2026-05-07T19:45:00+00:00,271.71,271.78,271.27,271.39,685
2026-05-07T19:50:00+00:00,271.39,271.67,270.28,270.77,1479
2026-05-07T19:55:00+00:00,270.77,271.27,270.7,271.07,1569
2026-05-08T13:30:00+00:00,271.07,271.59,270.18,270.78,1015
2026-05-08T13:35:00+00:00,270.78,270.94,269.78,270.31,1006
2026-05-08T13:40:00+00:00,270.31,271.3,269.99,271.3,956
2026-05-08T13:45:00+00:00,271.3,272.66,271.2,272.53,1331
2026-05-08T13:50:00+00:00,272.53,272.84,271.79,272.8,1033
2026-05-08T13:55:00+00:00,272.8,273.18,272.17,272.89,1098
2026-05-08T14:00:00+00:00,272.89,273.18,272.46,272.74,1073
2026-05-08T14:05:00+00:00,272.74,273.12,272.01,272.8,1064
2026-05-08T14:10:00+00:00,272.8,273.26,272.66,273.07,950
2026-05-08T14:15:00+00:00,273.07,273.25,272.35,272.39,864
2026-05-08T14:20:00+00:00,272.39,272.81,272.32,272.63,762
2026-05-08T14:25:00+00:00,272.63,272.63,272.17,272.28,653
2026-05-08T14:30:00+00:00,272.28,272.49,271.97,272.3,802
2026-05-08T14:35:00+00:00,272.3,272.43,271.91,272,794
2026-05-08T14:40:00+00:00,272,272.12,271.48,271.57,686
2026-05-08T14:45:00+00:00,271.57,272.2,271.28,272.17,751
2026-05-08T14:50:00+00:00,272.17,272.29,271.84,272.05,657
2026-05-08T14:55:00+00:00,272.05,272.15,-2501.3005,-2501.3005,670.1129056156468
2026-05-08T15:00:00+00:00,271.79,272.74,271.7,272.5,673
2026-05-08T15:05:00+00:00,272.5,272.58,272.03,272.2,727
2026-05-08T15:10:00+00:00,272.2,272.39,271.96,271.96,570
2026-05-08T15:15:00+00:00,271.96,272.4,271.89,272.33,590
2026-05-08T15:20:00+00:00,272.33,272.54,272.2,272.26,476
2026-05-08T15:25:00+00:00,272.26,272.75,272.24,272.75,526
2026-05-08T15:30:00+00:00,272.75,272.8,272.2,272.33,636
2026-05-08T15:35:00+00:00,272.33,272.82,272.27,272.64,642
2026-05-08T15:40:00+00:00,272.64,272.96,272.38,272.87,709
2026-05-08T15:45:00+00:00,272.87,273.19,272.73,272.99,513
2026-05-08T15:50:00+00:00,272.99,273.37,272.94,273.17,603
2026-05-08T15:55:00+00:00,273.17,273.24,272.46,272.49,564
2026-05-08T16:00:00+00:00,272.49,272.86,272.46,272.82,513
2026-05-08T16:05:00+00:00,272.82,272.89,272.63,272.71,440
2026-05-08T16:10:00+00:00,272.71,273.15,272.67,273.13,347
2026-05-08T16:15:00+00:00,273.13,273.23,272.97,273.08,416
2026-05-08T16:20:00+00:00,273.08,273.17,272.92,272.97,382
2026-05-08T16:25:00+00:00,272.97,273.15,272.81,272.81,580
2026-05-08T16:30:00+00:00,272.81,273.04,272.52,272.73,570
2026-05-08T16:35:00+00:00,272.73,272.86,272.61,272.77,411
2026-05-08T16:40:00+00:00,272.77,272.77,272.16,272.3,459
2026-05-08T16:45:00+00:00,272.3,272.82,272.28,272.8,464
2026-05-08T16:50:00+00:00,272.8,272.82,272.38,272.53,478
2026-05-08T16:55:00+00:00,272.53,272.58,272.26,272.37,337
2026-05-08T17:00:00+00:00,272.37,272.99,272.35,272.9,491
2026-05-08T17:05:00+00:00,272.9,273.16,272.88,273.08,485
2026-05-08T17:10:00+00:00,273.08,273.1,272.88,272.91,316
2026-05-08T17:15:00+00:00,272.91,273.06,272.76,272.93,359
2026-05-08T17:20:00+00:00,272.93,272.99,272.49,272.55,420
2026-05-08T17:25:00+00:00,272.55,272.62,272.03,272.19,550
2026-05-08T17:30:00+00:00,272.19,272.5,272.16,272.32,462
2026-05-08T17:35:00+00:00,272.32,272.52,272.23,272.26,305
2026-05-08T17:40:00+00:00,272.26,272.44,272.2,272.2,279
2026-05-08T17:45:00+00:00,272.2,272.49,272.19,272.29,289
2026-05-08T17:50:00+00:00,272.29,272.74,272.29,272.68,249
2026-05-08T17:55:00+00:00,272.68,272.73,272.4,272.41,203
2026-05-08T18:00:00+00:00,272.41,272.87,272.32,272.61,564
2026-05-08T18:05:00+00:00,272.61,272.71,272.14,272.19,383
2026-05-08T18:10:00+00:00,272.19,272.41,272.03,272.3,311
2026-05-08T18:15:00+00:00,272.3,272.39,272.21,272.34,288
2026-05-08T18:20:00+00:00,272.34,272.41,272.22,272.33,208
2026-05-08T18:25:00+00:00,272.33,272.49,272.33,272.38,295
2026-05-08T18:30:00+00:00,272.38,272.5,272.31,272.46,395
2026-05-08T18:35:00+00:00,272.46,272.51,272.18,272.21,253
2026-05-08T18:40:00+00:00,272.21,272.24,271.81,271.9,342
2026-05-08T18:45:00+00:00,271.9,271.99,271.79,271.95,372
2026-05-08T18:50:00+00:00,271.95,272.21,271.86,272.08,356
2026-05-08T18:55:00+00:00,272.08,272.37,271.99,272.26,495
2026-05-08T19:00:00+00:00,272.26,272.45,272.09,272.41,512
2026-05-08T19:05:00+00:00,272.41,272.69,272.4,272.46,517
2026-05-08T19:10:00+00:00,272.46,272.65,272.34,272.65,548
2026-05-08T19:15:00+00:00,272.65,272.86,272.62,272.82,528
2026-05-08T19:20:00+00:00,272.82,272.99,272.63,272.86,665
2026-05-08T19:25:00+00:00,272.86,273.04,272.76,272.96,467
2026-05-08T19:30:00+00:00,272.96,273.2,272.9,273.08,579
2026-05-08T19:35:00+00:00,273.08,273.13,272.72,272.85,516
2026-05-08T19:40:00+00:00,272.85,273.1,272.8,272.91,559
2026-05-08T19:45:00+00:00,272.91,273.5,272.9,273.39,751
2026-05-08T19:50:00+00:00,273.39,273.74,273.18,273.71,1052
2026-05-08T19:55:00+00:00,273.71,273.71,272.13,272.49,1309
2026-05-11T13:30:00+00:00,272.49,272.49,268.98,271.58,1123
2026-05-11T13:35:00+00:00,271.58,272.14,270.39,271.9,1224
2026-05-11T13:40:00+00:00,271.9,272.75,271.88,272.21,997
2026-05-11T13:45:00+00:00,272.21,273.3,272.02,272.73,1187
2026-05-11T13:50:00+00:00,272.73,273.51,272.61,272.84,1244
2026-05-11T13:55:00+00:00,272.84,273.16,272.18,272.9,1114
2026-05-11T14:00:00+00:00,272.9,273.29,272.59,272.61,1121
2026-05-11T14:05:00+00:00,272.61,272.91,272.16,272.24,1040
2026-05-11T14:10:00+00:00,272.24,272.27,271.24,271.62,1123
2026-05-11T14:15:00+00:00,271.62,272.01,271.38,271.56,1048
2026-05-11T14:20:00+00:00,271.56,271.88,271.48,271.56,722
2026-05-11T14:25:00+00:00,271.56,272.09,271.56,271.84,933
2026-05-11T14:30:00+00:00,271.84,272.06,271.46,271.84,1028
2026-05-11T14:35:00+00:00,271.84,271.94,271.45,271.58,910
2026-05-11T14:40:00+00:00,271.58,271.59,271.28,271.28,759
2026-05-11T14:45:00+00:00,271.28,271.41,271.09,271.13,749
2026-05-11T14:50:00+00:00,271.13,271.17,270.89,271.1,662
2026-05-11T14:55:00+00:00,271.1,271.72,271.02,271.63,672
2026-05-11T15:00:00+00:00,271.63,271.86,271.48,271.73,701
2026-05-11T15:05:00+00:00,271.73,272.15,271.65,271.94,462
2026-05-11T15:10:00+00:00,271.94,272.02,271.55,271.57,476
2026-05-11T15:15:00+00:00,271.57,271.88,271.54,271.78,553
2026-05-11T15:20:00+00:00,271.78,271.97,271.69,271.91,477
2026-05-11T15:25:00+00:00,271.91,272.53,271.82,272.44,576
2026-05-11T15:30:00+00:00,272.44,272.64,272.21,272.36,608
2026-05-11T15:35:00+00:00,272.36,272.47,272.08,272.28,530
2026-05-11T15:40:00+00:00,272.28,272.6,272.15,272.26,609
2026-05-11T15:45:00+00:00,272.26,272.45,271.96,272.05,629
2026-05-11T15:50:00+00:00,272.05,272.35,271.95,272.12,406
2026-05-11T15:55:00+00:00,272.12,272.34,271.95,272.1,372
2026-05-11T16:00:00+00:00,272.1,272.95,271.99,272.62,904
2026-05-11T16:05:00+00:00,272.62,272.76,272.06,272.09,533
2026-05-11T16:10:00+00:00,272.09,272.35,272.06,272.17,476
2026-05-11T16:15:00+00:00,272.17,272.19,271.81,272.11,483
2026-05-11T16:20:00+00:00,272.11,272.42,272.08,272.35,479
2026-05-11T16:25:00+00:00,272.35,272.43,272.12,272.14,485
2026-05-11T16:30:00+00:00,272.14,272.29,272.06,272.21,371
2026-05-11T16:35:00+00:00,272.21,272.21,271.79,271.88,440
2026-05-11T16:40:00+00:00,271.88,271.96,271.25,271.95,825
2026-05-11T16:45:00+00:00,271.95,272.1,271.79,271.79,403
2026-05-11T16:50:00+00:00,271.79,272.03,271.66,271.91,406
2026-05-11T16:55:00+00:00,271.91,271.95,271.39,271.46,525
2026-05-11T17:00:00+00:00,271.46,271.64,271.34,271.43,418
2026-05-11T17:05:00+00:00,271.43,271.54,271.38,271.47,328
2026-05-11T17:10:00+00:00,271.47,271.48,271.03,271.25,471
2026-05-11T17:15:00+00:00,271.25,271.32,271.08,271.1,469
2026-05-11T17:20:00+00:00,271.1,271.31,271,271.02,378
2026-05-11T17:25:00+00:00,271.02,271.15,270.73,270.73,559
2026-05-11T17:30:00+00:00,270.73,270.79,270.46,270.71,532
2026-05-11T17:35:00+00:00,270.71,271.09,270.63,270.63,447
2026-05-11T17:40:00+00:00,270.63,271.02,270.63,270.97,333
2026-05-11T17:45:00+00:00,270.97,271.06,270.83,270.89,318
2026-05-11T17:50:00+00:00,270.89,271,270.78,270.85,263
2026-05-11T17:55:00+00:00,270.85,270.9,270.63,270.64,326
2026-05-11T18:00:00+00:00,270.64,270.96,270.6,270.84,372
2026-05-11T18:05:00+00:00,270.84,270.99,270.56,270.73,415
2026-05-11T18:10:00+00:00,270.73,270.91,270.63,270.66,375
2026-05-11T18:15:00+00:00,270.66,270.68,270.23,270.25,382
2026-05-11T18:20:00+00:00,270.25,270.36,270.1,270.23,333
2026-05-11T18:25:00+00:00,270.23,270.26,269.93,269.94,367
2026-05-11T18:30:00+00:00,269.94,269.99,269.68,269.73,390
2026-05-11T18:35:00+00:00,269.73,269.9,269.61,269.62,359
2026-05-11T18:40:00+00:00,269.62,269.88,269.58,269.82,363
2026-05-11T18:45:00+00:00,269.82,270.04,269.71,269.83,378
2026-05-11T18:50:00+00:00,269.83,270.01,269.72,269.83,345
2026-05-11T18:55:00+00:00,269.83,269.88,269.48,269.5,465
2026-05-11T19:00:00+00:00,269.5,269.61,269.15,269.15,787
2026-05-11T19:05:00+00:00,269.15,269.66,269.13,269.4,697
2026-05-11T19:10:00+00:00,269.4,269.58,269.35,269.52,578
2026-05-11T19:15:00+00:00,269.52,269.62,269.29,269.34,588
2026-05-11T19:20:00+00:00,269.34,269.41,269.16,269.3,629
2026-05-11T19:25:00+00:00,269.3,269.84,269.24,269.78,697
2026-05-11T19:30:00+00:00,269.78,269.78,269.57,269.69,692
2026-05-11T19:35:00+00:00,269.69,269.73,269.47,269.62,672
2026-05-11T19:40:00+00:00,269.62,269.83,269.38,269.43,774
2026-05-11T19:45:00+00:00,269.43,269.64,269.31,269.54,706
2026-05-11T19:50:00+00:00,269.54,269.67,269.03,269.03,940
2026-05-11T19:55:00+00:00,269.03,269.03,268.37,268.91,1326
2026-05-12T13:30:00+00:00,268.91,268.91,265.08,266.17,1246
2026-05-12T13:35:00+00:00,266.17,266.27,264.4,264.78,2145
2026-05-12T13:40:00+00:00,264.78,265.87,264.78,265.15,1742
2026-05-12T13:45:00+00:00,265.15,265.35,264.44,264.92,1970
2026-05-12T13:50:00+00:00,264.92,265.77,264.39,265.37,1598
2026-05-12T13:55:00+00:00,265.37,265.63,264.78,265.32,1497
2026-05-12T14:00:00+00:00,265.32,265.39,263.9,264.24,2075
2026-05-12T14:05:00+00:00,264.24,265.3,264.2,264.95,1812
2026-05-12T14:10:00+00:00,264.95,265.26,264.53,265.15,1338
2026-05-12T14:15:00+00:00,265.15,265.72,264.88,265.51,1211
2026-05-12T14:20:00+00:00,265.51,265.69,264.9,265.03,1162
2026-05-12T14:25:00+00:00,265.03,265.22,264.68,264.69,1274
2026-05-12T14:30:00+00:00,264.69,264.87,264.53,264.75,2155
2026-05-12T14:35:00+00:00,264.75,265.19,264.41,265.09,1870
2026-05-12T14:40:00+00:00,265.09,265.18,264.45,264.6,1662
2026-05-12T14:45:00+00:00,264.6,264.66,264.25,264.52,1252
2026-05-12T14:50:00+00:00,264.52,264.52,263.7,263.83,1616
2026-05-12T14:55:00+00:00,263.83,263.93,263.57,263.77,1448
2026-05-12T15:00:00+00:00,263.77,264.24,263.6,264.1,1522
2026-05-12T15:05:00+00:00,264.1,265.02,263.79,264.94,1370
2026-05-12T15:10:00+00:00,264.94,265.06,264.64,264.78,1103
2026-05-12T15:15:00+00:00,264.78,264.89,264.35,264.4,1413
2026-05-12T15:20:00+00:00,264.4,264.46,263.82,264.2,1697
2026-05-12T15:25:00+00:00,264.2,264.43,263.88,264.36,1807
2026-05-12T15:30:00+00:00,264.36,264.59,264.16,264.49,1165
2026-05-12T15:35:00+00:00,264.49,264.58,264.31,264.51,867
2026-05-12T15:40:00+00:00,264.51,264.77,264.17,264.64,996
2026-05-12T15:45:00+00:00,264.64,264.84,264.52,264.57,911
2026-05-12T15:50:00+00:00,264.57,264.62,264.16,264.22,876
2026-05-12T15:55:00+00:00,264.22,264.29,264.01,264.27,947
2026-05-12T16:00:00+00:00,264.27,264.78,263.99,264.72,1016
2026-05-12T16:05:00+00:00,264.72,264.73,264.37,264.43,706
2026-05-12T16:10:00+00:00,264.43,264.51,264.08,264.08,790
2026-05-12T16:15:00+00:00,264.08,264.14,263.58,263.72,898
2026-05-12T16:20:00+00:00,263.72,263.74,263.25,263.33,1018
2026-05-12T16:25:00+00:00,263.33,263.5,263.14,263.18,763
2026-05-12T16:30:00+00:00,263.18,263.19,262.5,262.72,1106
2026-05-12T16:35:00+00:00,262.72,263.09,262.58,262.97,890
2026-05-12T16:40:00+00:00,262.97,263.31,262.74,263.24,1063
2026-05-12T16:45:00+00:00,263.24,263.36,262.88,263.08,1049
2026-05-12T16:50:00+00:00,263.08,263.1,262.79,262.92,1007
2026-05-12T16:55:00+00:00,262.92,262.99,262.73,262.86,845
2026-05-12T17:00:00+00:00,262.86,263.26,262.8,263.2,898
2026-05-12T17:05:00+00:00,263.2,263.34,263.1,263.27,956
2026-05-12T17:10:00+00:00,263.27,263.48,263.13,263.17,813
2026-05-12T17:15:00+00:00,263.17,263.56,263.1,263.53,848
2026-05-12T17:20:00+00:00,263.53,264.39,263.53,264.31,989
2026-05-12T17:25:00+00:00,264.31,264.32,263.96,264.04,920
2026-05-12T17:30:00+00:00,264.04,264.05,263.72,263.87,841
2026-05-12T17:35:00+00:00,263.87,263.89,263.47,263.64,726
2026-05-12T17:40:00+00:00,263.64,264.13,263.47,264.05,715
2026-05-12T17:45:00+00:00,264.05,264.25,263.88,264.17,572
2026-05-12T17:50:00+00:00,264.17,264.27,263.9,264.19,639
2026-05-12T17:55:00+00:00,264.19,264.23,263.88,264.01,717
2026-05-12T18:00:00+00:00,264.01,264.19,263.83,264,745
2026-05-12T18:05:00+00:00,264,264.08,263.79,263.91,732
2026-05-12T18:10:00+00:00,263.91,264.08,263.64,263.96,739
2026-05-12T18:15:00+00:00,263.96,264.07,263.77,263.89,691
2026-05-12T18:20:00+00:00,263.89,264.17,263.83,264.09,635
2026-05-12T18:25:00+00:00,264.09,264.63,264.08,264.3,920
2026-05-12T18:30:00+00:00,264.3,264.38,263.98,264.04,921
2026-05-12T18:35:00+00:00,264.04,264.09,263.85,263.91,629
2026-05-12T18:40:00+00:00,263.91,264.21,263.89,264.1,649
2026-05-12T18:45:00+00:00,264.1,264.22,263.98,264.06,677
2026-05-12T18:50:00+00:00,264.06,264.31,264,264.23,587
2026-05-12T18:55:00+00:00,264.23,264.36,264.09,264.19,749
2026-05-12T19:00:00+00:00,264.19,264.32,263.88,264.09,870
2026-05-12T19:05:00+00:00,264.09,264.32,264,264.12,853
2026-05-12T19:10:00+00:00,264.12,264.48,264.04,264.41,920
2026-05-12T19:15:00+00:00,264.41,264.64,264.39,264.56,1038
2026-05-12T19:20:00+00:00,264.56,265.07,264.43,265.02,1061
2026-05-12T19:25:00+00:00,265.02,265.15,264.96,265.05,761
2026-05-12T19:30:00+00:00,265.05,265.36,265.02,265.33,855
2026-05-12T19:35:00+00:00,265.33,265.36,265.01,265.15,812
2026-05-12T19:40:00+00:00,265.15,265.39,265.07,265.34,860
2026-05-12T19:45:00+00:00,265.34,265.8,265.3,265.69,1198
2026-05-12T19:50:00+00:00,265.69,266.38,264.89,265.43,1473
2026-05-12T19:55:00+00:00,265.43,265.78,264.88,265.7,1921
2026-05-13T13:30:00+00:00,265.7,265.7,263.15,263.55,1280
2026-05-13T13:35:00+00:00,263.55,264.26,263.08,263.8,1602
2026-05-13T13:40:00+00:00,263.8,265.25,263.66,265.16,1594
2026-05-13T13:45:00+00:00,265.16,265.18,264.2,264.94,1887
2026-05-13T13:50:00+00:00,264.94,265.76,264.54,265.71,1513
2026-05-13T13:55:00+00:00,265.71,265.85,264.9,264.91,1616
2026-05-13T14:00:00+00:00,264.91,265.37,264.68,265.36,1529
2026-05-13T14:05:00+00:00,265.36,266.06,265.22,265.91,1580
2026-05-13T14:10:00+00:00,265.91,266.13,265.61,265.69,1239
2026-05-13T14:15:00+00:00,265.69,265.87,264.98,265.3,1301
2026-05-13T14:20:00+00:00,265.3,265.58,265.24,265.49,1173
2026-05-13T14:25:00+00:00,265.49,266.04,265.2,265.35,1182
2026-05-13T14:30:00+00:00,265.35,265.62,265.1,265.41,1009
2026-05-13T14:35:00+00:00,265.41,265.42,264.74,264.81,1042
2026-05-13T14:40:00+00:00,264.81,265.19,264.64,264.96,980
2026-05-13T14:45:00+00:00,264.96,265.68,264.78,265.54,888
2026-05-13T14:50:00+00:00,265.54,265.6,265.12,265.33,863
2026-05-13T14:55:00+00:00,265.33,265.48,-2508.1205,-2508.0505,883.9162832121121
2026-05-13T15:00:00+00:00,265.05,265.46,265.02,265.33,706
2026-05-13T15:05:00+00:00,265.33,265.34,264.96,265.24,649
2026-05-13T15:10:00+00:00,265.24,265.51,265.03,265.48,682
2026-05-13T15:15:00+00:00,265.48,266.02,265.38,265.92,632
2026-05-13T15:20:00+00:00,265.92,266.96,265.88,266.91,875
2026-05-13T15:25:00+00:00,266.91,267.08,266.63,266.92,886
2026-05-13T15:30:00+00:00,266.92,267.21,266.65,267.1,688
2026-05-13T15:35:00+00:00,267.1,267.73,267.07,267.56,805
2026-05-13T15:40:00+00:00,267.56,268.44,267.56,268.44,823
2026-05-13T15:45:00+00:00,268.44,269.22,268.32,268.75,1106
2026-05-13T15:50:00+00:00,268.75,268.99,268.49,268.6,883
2026-05-13T15:55:00+00:00,268.6,268.64,268.08,268.26,863
2026-05-13T16:00:00+00:00,268.26,268.56,268.18,268.35,820
2026-05-13T16:05:00+00:00,268.35,268.83,268.22,268.64,677
2026-05-13T16:10:00+00:00,268.64,268.73,268.38,268.63,634
2026-05-13T16:15:00+00:00,268.63,268.93,268.5,268.84,634
2026-05-13T16:20:00+00:00,268.84,269.2,268.47,269.2,868
2026-05-13T16:25:00+00:00,269.2,269.54,269.1,269.36,804
2026-05-13T16:30:00+00:00,269.36,269.4,268.66,268.76,787
2026-05-13T16:35:00+00:00,268.76,269.34,268.75,268.93,715
2026-05-13T16:40:00+00:00,268.93,269.26,268.73,268.95,681
2026-05-13T16:45:00+00:00,268.95,269.18,268.93,269.05,730
2026-05-13T16:50:00+00:00,269.05,269.65,268.88,269.65,516
2026-05-13T16:55:00+00:00,269.65,270.25,269.59,269.88,659
2026-05-13T17:00:00+00:00,269.88,270.16,269.83,269.97,662
2026-05-13T17:05:00+00:00,269.97,270.23,269.74,269.96,667
2026-05-13T17:10:00+00:00,269.96,270.17,269.88,270,632
2026-05-13T17:15:00+00:00,270,270.15,269.29,269.29,582
2026-05-13T17:20:00+00:00,269.29,269.52,269.29,269.38,600
2026-05-13T17:25:00+00:00,269.38,269.53,269.29,269.37,533
2026-05-13T17:30:00+00:00,269.37,269.43,269.02,269.25,699
2026-05-13T17:35:00+00:00,269.25,269.43,269.08,269.36,673
2026-05-13T17:40:00+00:00,269.36,269.4,269.07,269.18,510
2026-05-13T17:45:00+00:00,269.18,269.32,269.06,269.27,513
2026-05-13T17:50:00+00:00,269.27,269.62,269.25,269.53,441
2026-05-13T17:55:00+00:00,269.53,269.56,268.91,268.94,590
2026-05-13T18:00:00+00:00,268.94,269.51,268.89,269.51,707
2026-05-13T18:05:00+00:00,269.51,269.95,269.43,269.43,577
2026-05-13T18:10:00+00:00,269.43,269.75,269.39,269.65,607
2026-05-13T18:15:00+00:00,269.65,269.94,269.46,269.51,715
2026-05-13T18:20:00+00:00,269.51,270.18,269.49,269.99,710
2026-05-13T18:25:00+00:00,269.99,270.24,269.88,270.16,566
2026-05-13T18:30:00+00:00,270.16,270.17,269.83,269.99,584
2026-05-13T18:35:00+00:00,269.99,270,269.56,269.61,448
2026-05-13T18:40:00+00:00,269.61,269.7,269.39,269.67,672
2026-05-13T18:45:00+00:00,269.67,269.85,269.59,269.62,580
2026-05-13T18:50:00+00:00,269.62,269.65,269.44,269.57,540
2026-05-13T18:55:00+00:00,269.57,269.59,269.18,269.24,609
2026-05-13T19:00:00+00:00,269.24,269.45,269.13,269.16,831
2026-05-13T19:05:00+00:00,269.16,270.03,269.15,269.71,900
2026-05-13T19:10:00+00:00,269.71,269.75,269.37,269.48,664
2026-05-13T19:15:00+00:00,269.48,269.65,269.36,269.58,649
2026-05-13T19:20:00+00:00,269.58,269.62,269.27,269.39,610
2026-05-13T19:25:00+00:00,269.39,270.02,269.31,270,716
2026-05-13T19:30:00+00:00,270,270.36,269.95,270.2,823
2026-05-13T19:35:00+00:00,270.2,270.23,269.99,270.14,638
2026-05-13T19:40:00+00:00,270.14,270.41,270.1,270.38,638
2026-05-13T19:45:00+00:00,270.38,270.61,269.99,270.14,853
2026-05-13T19:50:00+00:00,270.14,270.48,269.67,269.72,1613
2026-05-13T19:55:00+00:00,269.72,270.15,269.49,270.03,1492
2026-05-14T13:30:00+00:00,270.03,270.03,267.88,269.8,1487
2026-05-14T13:35:00+00:00,269.8,270.03,269.07,269.55,1710
2026-05-14T13:40:00+00:00,269.55,270.3,269.39,270.21,1488
2026-05-14T13:45:00+00:00,270.21,270.63,269.5,270.12,1743
2026-05-14T13:50:00+00:00,270.12,270.26,269,269.19,1599
2026-05-14T13:55:00+00:00,269.19,269.52,268.33,268.52,1625
2026-05-14T14:00:00+00:00,268.52,269.22,268.33,269.21,1444
2026-05-14T14:05:00+00:00,269.21,269.4,268.04,268.39,1406
2026-05-14T14:10:00+00:00,268.39,268.63,268.12,268.12,1390
2026-05-14T14:15:00+00:00,268.12,268.63,267.89,268.57,1050
2026-05-14T14:20:00+00:00,268.57,268.86,268.34,268.46,1246
2026-05-14T14:25:00+00:00,268.46,268.5,267.44,267.57,1291
2026-05-14T14:30:00+00:00,267.57,267.73,267.09,267.12,1163
2026-05-14T14:35:00+00:00,267.12,267.72,267.01,267.58,1104
2026-05-14T14:40:00+00:00,267.58,267.63,267.21,267.25,1033
2026-05-14T14:45:00+00:00,267.25,267.52,267.08,267.24,1105
2026-05-14T14:50:00+00:00,267.24,267.65,267.14,267.42,1200
2026-05-14T14:55:00+00:00,267.42,267.49,267.12,267.2,1066
2026-05-14T15:00:00+00:00,267.2,267.59,266.91,267.53,1010
2026-05-14T15:05:00+00:00,267.53,267.79,267.45,267.56,999
2026-05-14T15:10:00+00:00,267.56,267.71,267.27,267.59,842
2026-05-14T15:15:00+00:00,267.59,267.76,267.48,267.54,903
2026-05-14T15:20:00+00:00,267.54,267.91,267.47,267.54,770
2026-05-14T15:25:00+00:00,267.54,267.84,267.38,267.57,826
2026-05-14T15:30:00+00:00,267.57,267.98,267.51,267.54,767
2026-05-14T15:35:00+00:00,267.54,267.6,266.98,267.22,709
2026-05-14T15:40:00+00:00,267.22,267.66,267.13,267.61,751
2026-05-14T15:45:00+00:00,267.61,267.81,267.28,267.34,750
2026-05-14T15:50:00+00:00,267.34,267.81,267.28,267.67,726
2026-05-14T15:55:00+00:00,267.67,268.21,267.65,268.17,668
2026-05-14T16:00:00+00:00,268.17,268.6,268.09,268.2,714
2026-05-14T16:05:00+00:00,268.2,268.58,268.2,268.32,687
2026-05-14T16:10:00+00:00,268.32,268.34,267.96,268.01,712
2026-05-14T16:15:00+00:00,268.01,268.3,267.92,267.95,428
2026-05-14T16:20:00+00:00,267.95,268.21,267.89,267.91,770
2026-05-14T16:25:00+00:00,267.91,268.01,267.78,267.85,1072
2026-05-14T16:30:00+00:00,267.85,268.08,267.77,267.95,1104
2026-05-14T16:35:00+00:00,267.95,268.51,267.95,268.51,807
2026-05-14T16:40:00+00:00,268.51,268.77,268.38,268.4,787
2026-05-14T16:45:00+00:00,268.4,268.76,268.13,268.45,1207
2026-05-14T16:50:00+00:00,268.45,268.55,268.13,268.25,856
2026-05-14T16:55:00+00:00,268.25,268.28,267.96,268.02,966
2026-05-14T17:00:00+00:00,268.02,268.11,267.88,267.97,792
2026-05-14T17:05:00+00:00,267.97,268.14,267.9,267.92,979
2026-05-14T17:10:00+00:00,267.92,268.28,267.77,268.05,1224
2026-05-14T17:15:00+00:00,268.05,268.21,267.79,268.14,1483
2026-05-14T17:20:00+00:00,268.14,268.37,267.93,268.3,1299
2026-05-14T17:25:00+00:00,268.3,268.64,268.06,268.63,1105
2026-05-14T17:30:00+00:00,268.63,268.69,268.41,268.61,985
2026-05-14T17:35:00+00:00,268.61,268.65,268.02,268.59,962
2026-05-14T17:40:00+00:00,268.59,268.87,268.44,268.8,776
2026-05-14T17:45:00+00:00,268.8,269.01,268.6,268.79,836
2026-05-14T17:50:00+00:00,268.79,269.04,268.79,268.99,631
2026-05-14T17:55:00+00:00,268.99,269.06,268.57,268.57,624
2026-05-14T18:00:00+00:00,268.57,268.58,267.92,268.17,1379
2026-05-14T18:05:00+00:00,268.17,268.43,268.15,268.31,901
2026-05-14T18:10:00+00:00,268.31,268.46,268.22,268.43,794
2026-05-14T18:15:00+00:00,268.43,268.53,268.26,268.43,754
2026-05-14T18:20:00+00:00,268.43,268.44,268.24,268.37,605
2026-05-14T18:25:00+00:00,268.37,268.41,267.66,267.66,581
2026-05-14T18:30:00+00:00,267.66,267.87,267.65,267.78,675
2026-05-14T18:35:00+00:00,267.78,267.84,267.48,267.55,489
2026-05-14T18:40:00+00:00,267.55,267.74,267.39,267.59,569
2026-05-14T18:45:00+00:00,267.59,267.65,267.43,267.58,607
2026-05-14T18:50:00+00:00,267.58,267.61,267.28,267.31,604
2026-05-14T18:55:00+00:00,267.31,267.5,267.29,267.33,668
2026-05-14T19:00:00+00:00,267.33,267.53,267.19,267.48,1002
2026-05-14T19:05:00+00:00,267.48,267.74,267.33,267.63,776
2026-05-14T19:10:00+00:00,267.63,267.67,267.41,267.65,661
2026-05-14T19:15:00+00:00,267.65,267.98,267.52,267.95,840
2026-05-14T19:20:00+00:00,267.95,268.03,267.81,268.02,928
2026-05-14T19:25:00+00:00,268.02,268.11,267.91,267.98,631
2026-05-14T19:30:00+00:00,267.98,268.06,267.75,267.76,626
2026-05-14T19:35:00+00:00,267.76,267.83,267.64,267.79,672
2026-05-14T19:40:00+00:00,267.79,268.04,267.73,267.96,736
2026-05-14T19:45:00+00:00,267.96,268.06,267.68,267.87,734
2026-05-14T19:50:00+00:00,267.87,267.87,266.93,267.23,1167
2026-05-14T19:55:00+00:00,267.23,267.46,266.48,267.16,1451
2026-05-15T13:30:00+00:00,267.16,267.16,260.77,261.29,1229
2026-05-15T13:35:00+00:00,261.29,261.79,260.9,261.03,1179
2026-05-15T13:40:00+00:00,261.03,262.72,260.93,261.9,1406
2026-05-15T13:45:00+00:00,261.9,262.83,261.18,262.43,1591
2026-05-15T13:50:00+00:00,262.43,262.69,262.12,262.23,1254
2026-05-15T13:55:00+00:00,262.23,263.33,262.17,262.36,1369
2026-05-15T14:00:00+00:00,262.36,262.93,261.99,262.62,1454
2026-05-15T14:05:00+00:00,262.62,263.61,262.54,263.26,1293
2026-05-15T14:10:00+00:00,263.26,263.77,262.92,263.73,1207
2026-05-15T14:15:00+00:00,263.73,263.9,263.23,263.39,1125
2026-05-15T14:20:00+00:00,263.39,263.85,263.14,263.2,1205
2026-05-15T14:25:00+00:00,263.2,263.24,262.58,262.81,1291
2026-05-15T14:30:00+00:00,262.81,263.31,262.64,263.21,1136
2026-05-15T14:35:00+00:00,263.21,263.48,262.91,263.12,966
2026-05-15T14:40:00+00:00,263.12,263.15,262.69,262.71,912
2026-05-15T14:45:00+00:00,262.71,262.97,262.26,262.45,973
2026-05-15T14:50:00+00:00,262.45,262.79,262.18,262.78,1012
2026-05-15T14:55:00+00:00,262.78,263.09,-2510.4805,-2510.4205,900.357627118644
2026-05-15T15:00:00+00:00,262.67,263.18,262.6,263.08,951
2026-05-15T15:05:00+00:00,263.08,263.35,262.63,263.33,974
2026-05-15T15:10:00+00:00,263.33,263.34,262.91,263.04,902
2026-05-15T15:15:00+00:00,263.04,263.28,262.85,263.12,771
2026-05-15T15:20:00+00:00,263.12,263.67,263.08,263.31,900
2026-05-15T15:25:00+00:00,263.31,263.61,262.74,263.47,852
2026-05-15T15:30:00+00:00,263.47,263.81,262.94,262.98,773
2026-05-15T15:35:00+00:00,262.98,263.06,262.48,262.49,719
2026-05-15T15:40:00+00:00,262.49,262.56,261.79,261.92,719
2026-05-15T15:45:00+00:00,261.92,262.08,261.77,261.91,748
2026-05-15T15:50:00+00:00,261.91,261.96,261.57,261.68,847
2026-05-15T15:55:00+00:00,261.68,262.3,261.58,262.21,837
2026-05-15T16:00:00+00:00,262.21,262.31,261.79,261.9,743
2026-05-15T16:05:00+00:00,261.9,262.04,261.7,261.94,526
2026-05-15T16:10:00+00:00,261.94,262.06,261.66,261.98,594
2026-05-15T16:15:00+00:00,261.98,262.08,261.78,261.81,468
2026-05-15T16:20:00+00:00,261.81,262.37,261.71,262.29,530
2026-05-15T16:25:00+00:00,262.29,262.63,262.14,262.6,529
2026-05-15T16:30:00+00:00,262.6,262.93,262.49,262.9,587
2026-05-15T16:35:00+00:00,262.9,263.09,262.73,263.04,544
2026-05-15T16:40:00+00:00,263.04,263.09,262.49,262.57,547
2026-05-15T16:45:00+00:00,262.57,262.63,262.13,262.2,576
2026-05-15T16:50:00+00:00,262.2,262.38,261.9,261.92,476
2026-05-15T16:55:00+00:00,261.92,262.17,261.63,261.75,472
2026-05-15T17:00:00+00:00,261.75,261.95,261.57,261.87,539
2026-05-15T17:05:00+00:00,261.87,262.27,261.81,262.16,463
2026-05-15T17:10:00+00:00,262.16,262.37,262.15,262.23,423
2026-05-15T17:15:00+00:00,262.23,262.9,262.08,262.79,514
2026-05-15T17:20:00+00:00,262.79,262.96,262.64,262.86,471
2026-05-15T17:25:00+00:00,262.86,263.3,262.84,263.18,602
2026-05-15T17:30:00+00:00,263.18,263.86,263.13,263.74,522
2026-05-15T17:35:00+00:00,263.74,263.78,263.48,263.73,629
2026-05-15T17:40:00+00:00,263.73,263.81,263.39,263.48,495
2026-05-15T17:45:00+00:00,263.48,263.66,263.23,263.23,476
2026-05-15T17:50:00+00:00,263.23,263.29,263.04,263.08,492
2026-05-15T17:55:00+00:00,263.08,263.19,262.96,263.06,377
2026-05-15T18:00:00+00:00,263.06,263.24,262.96,262.99,545
2026-05-15T18:05:00+00:00,262.99,263.38,262.97,263.2,548
2026-05-15T18:10:00+00:00,263.2,263.25,262.98,263.04,435
2026-05-15T18:15:00+00:00,263.04,263.1,262.64,263,737
2026-05-15T18:20:00+00:00,263,263.59,262.92,263.56,691
2026-05-15T18:25:00+00:00,263.56,263.7,263.29,263.6,573
2026-05-15T18:30:00+00:00,263.6,263.62,262.85,263.07,915
2026-05-15T18:35:00+00:00,263.07,263.83,263.07,263.83,629
2026-05-15T18:40:00+00:00,263.83,263.83,263.41,263.49,540
2026-05-15T18:45:00+00:00,263.49,263.67,263.43,263.52,457
2026-05-15T18:50:00+00:00,263.52,263.64,263.13,263.37,429
2026-05-15T18:55:00+00:00,263.37,263.59,263.31,263.33,587
2026-05-15T19:00:00+00:00,263.33,263.37,262.69,262.75,709
2026-05-15T19:05:00+00:00,262.75,263.05,262.68,262.98,753
2026-05-15T19:10:00+00:00,262.98,263.06,262.78,262.96,553
2026-05-15T19:15:00+00:00,262.96,263.4,262.88,263.31,666
2026-05-15T19:20:00+00:00,263.31,263.53,263.05,263.14,684
2026-05-15T19:25:00+00:00,263.14,263.25,263.09,263.2,528
2026-05-15T19:30:00+00:00,263.2,263.67,263.14,263.56,703
2026-05-15T19:35:00+00:00,263.56,263.84,263.49,263.69,604
2026-05-15T19:40:00+00:00,263.69,263.85,263.44,263.45,843
2026-05-15T19:45:00+00:00,263.45,263.59,263.24,263.53,890
2026-05-15T19:50:00+00:00,263.53,263.54,263.07,263.47,1210
2026-05-15T19:55:00+00:00,263.47,264.24,263.43,264.2,1597
2026-05-18T13:30:00+00:00,264.2,264.68,262.4,263.55,1001
2026-05-18T13:35:00+00:00,263.55,266.46,263.5,266.28,1367
2026-05-18T13:40:00+00:00,266.28,266.8,265.89,266.29,1625
2026-05-18T13:45:00+00:00,266.29,267.24,266.15,266.87,1645
2026-05-18T13:50:00+00:00,266.87,268.67,266.87,268.3,1504
2026-05-18T13:55:00+00:00,268.3,268.48,267.42,267.72,1422
2026-05-18T14:00:00+00:00,267.72,267.8,265.88,266.12,1342
2026-05-18T14:05:00+00:00,266.12,267.81,266.06,267.71,1310
2026-05-18T14:10:00+00:00,267.71,268.13,267.43,267.96,1249
2026-05-18T14:15:00+00:00,267.96,268.49,267.88,268.03,1249
2026-05-18T14:20:00+00:00,268.03,268.22,267.53,267.59,1005
2026-05-18T14:25:00+00:00,267.59,268,267.32,267.8,1206
2026-05-18T14:30:00+00:00,267.8,268.14,266.88,267.08,1516
2026-05-18T14:35:00+00:00,267.08,267.49,266.24,267.27,1737
2026-05-18T14:40:00+00:00,267.27,268.45,267.12,267.98,1359
2026-05-18T14:45:00+00:00,267.98,268.15,267.39,267.58,1609
2026-05-18T14:50:00+00:00,267.58,268.53,267.49,267.66,1508
2026-05-18T14:55:00+00:00,267.66,267.98,267.44,267.77,1441
2026-05-18T15:00:00+00:00,267.77,267.9,266.27,266.34,1821
2026-05-18T15:05:00+00:00,266.34,267.13,266.19,266.88,1158
2026-05-18T15:10:00+00:00,266.88,267.35,266.63,266.75,1137
2026-05-18T15:15:00+00:00,266.75,266.81,266,266.19,1139
2026-05-18T15:20:00+00:00,266.19,266.32,265.63,266.18,1171
2026-05-18T15:25:00+00:00,266.18,266.33,265.73,265.75,1251
2026-05-18T15:30:00+00:00,265.75,266.24,265.58,266.17,1193
2026-05-18T15:35:00+00:00,266.17,266.33,265.72,265.88,1072
2026-05-18T15:40:00+00:00,265.88,266.29,265.44,265.45,1004
2026-05-18T15:45:00+00:00,265.45,265.91,265.28,265.71,943
2026-05-18T15:50:00+00:00,265.71,265.99,265.38,265.82,851
2026-05-18T15:55:00+00:00,265.82,265.96,265.34,265.41,902
2026-05-18T16:00:00+00:00,265.41,265.5,265.11,265.33,890
2026-05-18T16:05:00+00:00,265.33,265.44,265.1,265.25,1044
2026-05-18T16:10:00+00:00,265.25,265.61,265.2,265.58,833
2026-05-18T16:15:00+00:00,265.58,265.77,265.48,265.48,790
2026-05-18T16:20:00+00:00,265.48,265.77,265,265.06,943
2026-05-18T16:25:00+00:00,265.06,265.18,264.02,264.28,1659
2026-05-18T16:30:00+00:00,264.28,265.07,264.03,264.87,1477
2026-05-18T16:35:00+00:00,264.87,265.18,264.81,264.86,967
2026-05-18T16:40:00+00:00,264.86,264.9,264.35,264.4,851
2026-05-18T16:45:00+00:00,264.4,264.45,264.2,264.39,841
2026-05-18T16:50:00+00:00,264.39,264.75,264.27,264.73,828
2026-05-18T16:55:00+00:00,264.73,264.89,264.44,264.48,881
2026-05-18T17:00:00+00:00,264.48,264.48,264.07,264.39,1247
2026-05-18T17:05:00+00:00,264.39,265.06,264.19,265,1090
2026-05-18T17:10:00+00:00,265,265.08,264.74,264.77,710
2026-05-18T17:15:00+00:00,264.77,265.14,264.69,265.04,844
2026-05-18T17:20:00+00:00,265.04,265.11,264.69,264.82,853
2026-05-18T17:25:00+00:00,264.82,265.13,264.76,265,739
2026-05-18T17:30:00+00:00,265,265.16,264.78,264.93,749
2026-05-18T17:35:00+00:00,264.93,264.99,264.59,264.71,792
2026-05-18T17:40:00+00:00,264.71,264.92,264.58,264.76,797
2026-05-18T17:45:00+00:00,264.76,264.83,264.54,264.73,814
2026-05-18T17:50:00+00:00,264.73,264.89,264.56,264.62,727
2026-05-18T17:55:00+00:00,264.62,264.79,264.52,264.58,677
2026-05-18T18:00:00+00:00,264.58,264.7,264.08,264.12,1137
2026-05-18T18:05:00+00:00,264.12,264.22,263.79,263.97,1075
2026-05-18T18:10:00+00:00,263.97,264.05,263.7,263.72,745
2026-05-18T18:15:00+00:00,263.72,263.74,263.22,263.3,996
2026-05-18T18:20:00+00:00,263.3,263.34,263.05,263.25,1095
2026-05-18T18:25:00+00:00,263.25,263.58,262.96,263.53,1231
2026-05-18T18:30:00+00:00,263.53,263.67,263.42,263.5,948
2026-05-18T18:35:00+00:00,263.5,263.62,263.38,263.4,780
2026-05-18T18:40:00+00:00,263.4,263.47,263.24,263.37,725
2026-05-18T18:45:00+00:00,263.37,263.56,263.19,263.31,934
2026-05-18T18:50:00+00:00,263.31,263.37,262.92,262.99,982
2026-05-18T18:55:00+00:00,262.99,263.11,262.54,262.6,930
2026-05-18T19:00:00+00:00,262.6,264.74,262.58,264.46,1662
2026-05-18T19:05:00+00:00,264.46,264.9,263.89,264.2,1182
2026-05-18T19:10:00+00:00,264.2,264.33,263.99,264.12,961
2026-05-18T19:15:00+00:00,264.12,264.16,263.71,263.8,1625
2026-05-18T19:20:00+00:00,263.8,264.04,263.39,263.44,1596
2026-05-18T19:25:00+00:00,263.44,264.02,263.15,263.91,1449
2026-05-18T19:30:00+00:00,263.91,264.17,263.78,264.07,1269
2026-05-18T19:35:00+00:00,264.07,264.42,264.04,264.36,905
2026-05-18T19:40:00+00:00,264.36,264.79,264.35,264.7,1364
2026-05-18T19:45:00+00:00,264.7,264.74,264.39,264.52,1404
2026-05-18T19:50:00+00:00,264.52,264.82,264.39,264.63,1233
2026-05-18T19:55:00+00:00,264.63,264.81,264.09,264.72,1502
2026-05-19T13:30:00+00:00,264.72,264.72,259.47,260.56,1235
2026-05-19T13:35:00+00:00,260.56,261.11,259.69,260.1,1279
2026-05-19T13:40:00+00:00,260.1,260.53,259.34,259.34,1329
2026-05-19T13:45:00+00:00,259.34,259.87,258.67,259.43,1545
2026-05-19T13:50:00+00:00,259.43,260.18,258.99,260,1133
2026-05-19T13:55:00+00:00,260,260.5,259.81,260.32,1207
2026-05-19T14:00:00+00:00,260.32,260.45,259.49,260.34,1136
2026-05-19T14:05:00+00:00,260.34,260.36,259.2,259.57,1224
2026-05-19T14:10:00+00:00,259.57,259.85,257.65,257.74,1387
2026-05-19T14:15:00+00:00,257.74,257.88,257.01,257.04,1482
2026-05-19T14:20:00+00:00,257.04,257.44,256.35,257.35,1452
2026-05-19T14:25:00+00:00,257.35,257.74,256.71,256.98,1465
2026-05-19T14:30:00+00:00,256.98,257.45,256.65,256.81,1591
2026-05-19T14:35:00+00:00,256.81,257.2,256.46,256.99,1398
2026-05-19T14:40:00+00:00,256.99,257.59,256.77,257.11,1310
2026-05-19T14:45:00+00:00,257.11,257.32,256.17,256.63,1506
2026-05-19T14:50:00+00:00,256.63,257.16,256.29,256.61,1109
2026-05-19T14:55:00+00:00,256.61,257.04,256.54,256.76,1162
2026-05-19T15:00:00+00:00,256.76,257.28,256.65,257.16,1111
2026-05-19T15:05:00+00:00,257.16,257.33,256.73,257.2,1149
2026-05-19T15:10:00+00:00,257.2,257.42,256.83,256.9,1032
2026-05-19T15:15:00+00:00,256.9,256.94,256.23,256.28,1059
2026-05-19T15:20:00+00:00,256.28,256.37,255.61,255.68,977
2026-05-19T15:25:00+00:00,255.68,256.07,255.44,255.7,1103
2026-05-19T15:30:00+00:00,255.7,256.08,255.63,255.88,1233
2026-05-19T15:35:00+00:00,255.88,256.33,255.71,256.15,1196
2026-05-19T15:40:00+00:00,256.15,256.29,255.85,255.95,921
2026-05-19T15:45:00+00:00,255.95,255.97,255.65,255.95,712
2026-05-19T15:50:00+00:00,255.95,255.96,255.4,255.43,848
2026-05-19T15:55:00+00:00,255.43,255.58,255.06,255.44,850
2026-05-19T16:00:00+00:00,255.44,256,255.38,256,968
2026-05-19T16:05:00+00:00,256,256.3,255.77,255.81,1033
2026-05-19T16:10:00+00:00,255.81,255.93,255.59,255.8,770
2026-05-19T16:15:00+00:00,255.8,256.12,255.65,256.03,745
2026-05-19T16:20:00+00:00,256.03,256.11,255.82,256.01,769
2026-05-19T16:25:00+00:00,256.01,256.36,256.01,256.14,813
2026-05-19T16:30:00+00:00,256.14,256.43,256.05,256.24,720
2026-05-19T16:35:00+00:00,256.24,256.36,255.93,256.15,662
2026-05-19T16:40:00+00:00,256.15,256.55,256.02,256.53,679
2026-05-19T16:45:00+00:00,256.53,256.91,256.43,256.82,680
2026-05-19T16:50:00+00:00,256.82,257.33,256.72,257.24,645
2026-05-19T16:55:00+00:00,257.24,257.92,257.18,257.81,747
2026-05-19T17:00:00+00:00,257.81,258.36,257.63,258.3,816
2026-05-19T17:05:00+00:00,258.3,258.47,258.01,258.35,843
2026-05-19T17:10:00+00:00,258.35,258.42,257.97,258.04,615
2026-05-19T17:15:00+00:00,258.04,258.27,258.03,258.23,661
2026-05-19T17:20:00+00:00,258.23,258.85,258.21,258.7,646
2026-05-19T17:25:00+00:00,258.7,258.91,258.18,258.22,680
2026-05-19T17:30:00+00:00,258.22,258.7,258.22,258.37,793
2026-05-19T17:35:00+00:00,258.37,258.74,258.31,258.73,742
2026-05-19T17:40:00+00:00,258.73,258.86,258.41,258.72,887
2026-05-19T17:45:00+00:00,258.72,258.78,258.29,258.58,919
2026-05-19T17:50:00+00:00,258.58,259.06,258.39,259.01,681
2026-05-19T17:55:00+00:00,259.01,259.26,258.91,259.03,761
2026-05-19T18:00:00+00:00,259.03,259.39,258.88,259.33,743
2026-05-19T18:05:00+00:00,259.33,259.63,259.24,259.45,583
2026-05-19T18:10:00+00:00,259.45,259.58,259.08,259.08,584
2026-05-19T18:15:00+00:00,259.08,259.17,258.7,259.08,679
2026-05-19T18:20:00+00:00,259.08,259.3,258.91,259.08,834
2026-05-19T18:25:00+00:00,259.08,259.33,258.92,259.12,772
2026-05-19T18:30:00+00:00,259.12,259.34,258.93,259.18,765
2026-05-19T18:35:00+00:00,259.18,259.36,259.03,259.07,577
2026-05-19T18:40:00+00:00,259.07,259.13,258.94,259.05,596
2026-05-19T18:45:00+00:00,259.05,259.36,258.97,259.3,608
2026-05-19T18:50:00+00:00,259.3,259.31,258.79,258.84,710
2026-05-19T18:55:00+00:00,258.84,259.24,258.61,259.08,902
2026-05-19T19:00:00+00:00,259.08,259.28,258.68,258.79,786
2026-05-19T19:05:00+00:00,258.79,259.25,258.71,259.04,706
2026-05-19T19:10:00+00:00,259.04,259.31,258.96,259.28,753
2026-05-19T19:15:00+00:00,259.28,259.38,259.04,259.25,595
2026-05-19T19:20:00+00:00,259.25,259.32,258.86,258.87,694
2026-05-19T19:25:00+00:00,258.87,259.12,258.68,259.04,756
2026-05-19T19:30:00+00:00,259.04,259.17,258.83,258.96,586
2026-05-19T19:35:00+00:00,258.96,259.03,258.88,258.91,585
2026-05-19T19:40:00+00:00,258.91,258.96,258.75,258.88,594
2026-05-19T19:45:00+00:00,258.88,259.24,258.79,259.03,774
2026-05-19T19:50:00+00:00,259.03,259.29,258.7,259.02,971
2026-05-19T19:55:00+00:00,259.02,259.42,258.48,259.28,1766
2026-05-20T13:30:00+00:00,259.28,261.43,258.9,260.5,986
2026-05-20T13:35:00+00:00,260.5,260.52,259.39,260.2,924
2026-05-20T13:40:00+00:00,260.2,261.72,260.06,261.42,1013
2026-05-20T13:45:00+00:00,261.42,262.98,261.28,261.29,1304
2026-05-20T13:50:00+00:00,261.29,261.74,260.75,261,952
2026-05-20T13:55:00+00:00,261,261.46,260.54,261.3,967
2026-05-20T14:00:00+00:00,261.3,261.61,260.8,261.6,1107
2026-05-20T14:05:00+00:00,261.6,261.62,260.44,260.67,1019
2026-05-20T14:10:00+00:00,260.67,261.58,260.24,261.13,1524
2026-05-20T14:15:00+00:00,261.13,262.46,260.97,262.05,2037
2026-05-20T14:20:00+00:00,262.05,262.49,261.47,261.71,1777
2026-05-20T14:25:00+00:00,261.71,262.09,261.26,261.96,1265
2026-05-20T14:30:00+00:00,261.96,262.73,261.94,262.35,1337
2026-05-20T14:35:00+00:00,262.35,262.6,262.16,262.31,1234
2026-05-20T14:40:00+00:00,262.31,262.46,262.05,262.42,980
2026-05-20T14:45:00+00:00,262.42,262.79,262.31,262.68,1179
2026-05-20T14:50:00+00:00,262.68,263.47,262.65,263.4,768
2026-05-20T14:55:00+00:00,263.4,264.36,-2509.1605,-2509.0005,1008.7596034696406
2026-05-20T15:00:00+00:00,264.08,264.44,263.98,264.01,1088
2026-05-20T15:05:00+00:00,264.01,264.12,263.69,263.79,1046
2026-05-20T15:10:00+00:00,263.79,263.8,263.48,263.62,723
2026-05-20T15:15:00+00:00,263.62,265.18,263.51,264.15,2101
2026-05-20T15:20:00+00:00,264.15,264.64,264.13,264.5,1271
2026-05-20T15:25:00+00:00,264.5,264.53,263.89,263.94,1339
2026-05-20T15:30:00+00:00,263.94,264.75,263.93,264.61,1061
2026-05-20T15:35:00+00:00,264.61,264.71,264.26,264.64,1108
2026-05-20T15:40:00+00:00,264.64,265.06,264.46,265.04,1034
2026-05-20T15:45:00+00:00,265.04,265.42,264.98,265.14,807
2026-05-20T15:50:00+00:00,265.14,265.37,264.77,264.77,736
2026-05-20T15:55:00+00:00,264.77,265.21,264.56,264.75,807
2026-05-20T16:00:00+00:00,264.75,264.86,264.31,264.51,744
2026-05-20T16:05:00+00:00,264.51,264.69,264.17,264.22,606
2026-05-20T16:10:00+00:00,264.22,264.41,264.13,264.38,621
2026-05-20T16:15:00+00:00,264.38,264.38,263.65,263.79,676
2026-05-20T16:20:00+00:00,263.79,263.86,263.45,263.52,952
2026-05-20T16:25:00+00:00,263.52,263.52,263.09,263.22,968
2026-05-20T16:30:00+00:00,263.22,263.26,262.68,262.78,969
2026-05-20T16:35:00+00:00,262.78,262.93,262.54,262.86,832
2026-05-20T16:40:00+00:00,262.86,263.11,262.66,262.99,776
2026-05-20T16:45:00+00:00,262.99,263.05,262.43,262.61,963
2026-05-20T16:50:00+00:00,262.61,262.79,262.43,262.68,773
2026-05-20T16:55:00+00:00,262.68,263.01,262.59,262.88,654
2026-05-20T17:00:00+00:00,262.88,263.12,262.48,262.6,907
2026-05-20T17:05:00+00:00,262.6,262.64,262.25,262.49,785
2026-05-20T17:10:00+00:00,262.49,263.02,262.29,262.9,890
2026-05-20T17:15:00+00:00,262.9,263.01,262.7,262.77,833
2026-05-20T17:20:00+00:00,262.77,262.96,262.76,262.86,603
2026-05-20T17:25:00+00:00,262.86,263.33,262.83,263.2,642
2026-05-20T17:30:00+00:00,263.2,263.41,263.04,263.17,683
2026-05-20T17:35:00+00:00,263.17,263.61,263.08,263.52,581
2026-05-20T17:40:00+00:00,263.52,263.52,263.23,263.32,453
2026-05-20T17:45:00+00:00,263.32,263.46,263.23,263.32,540
2026-05-20T17:50:00+00:00,263.32,263.51,263.14,263.26,762
2026-05-20T17:55:00+00:00,263.26,263.56,263.14,263.34,625
2026-05-20T18:00:00+00:00,263.34,263.38,262.99,263.29,785
2026-05-20T18:05:00+00:00,263.29,263.59,263.19,263.53,513
2026-05-20T18:10:00+00:00,263.53,263.61,263.33,263.54,438
2026-05-20T18:15:00+00:00,263.54,263.8,263.49,263.71,467
2026-05-20T18:20:00+00:00,263.71,263.81,263.53,263.59,542
2026-05-20T18:25:00+00:00,263.59,263.81,263.53,263.67,511
2026-05-20T18:30:00+00:00,263.67,263.84,263.67,263.83,274
2026-05-20T18:35:00+00:00,263.83,264.11,263.76,263.98,356
2026-05-20T18:40:00+00:00,263.98,264.13,263.75,263.76,515
2026-05-20T18:45:00+00:00,263.76,264.11,263.7,263.92,505
2026-05-20T18:50:00+00:00,263.92,264.21,263.68,264.14,356
2026-05-20T18:55:00+00:00,264.14,264.44,264.11,264.21,385
2026-05-20T19:00:00+00:00,264.21,264.48,264.18,264.24,524
2026-05-20T19:05:00+00:00,264.24,264.36,264.08,264.35,408
2026-05-20T19:10:00+00:00,264.35,264.63,264.15,264.63,398
2026-05-20T19:15:00+00:00,264.63,264.68,264.15,264.21,591
2026-05-20T19:20:00+00:00,264.21,264.24,264.03,264.11,415
2026-05-20T19:25:00+00:00,264.11,264.17,263.97,264.08,330
2026-05-20T19:30:00+00:00,264.08,264.14,263.81,264.06,476
2026-05-20T19:35:00+00:00,264.06,264.43,263.98,264.36,549
2026-05-20T19:40:00+00:00,264.36,264.66,264.33,264.63,360
2026-05-20T19:45:00+00:00,264.63,264.82,264.51,264.6,541
2026-05-20T19:50:00+00:00,264.6,265.05,264.39,265,766
2026-05-20T19:55:00+00:00,265,265.22,264.69,264.91,891
2026-05-21T13:30:00+00:00,264.91,264.91,261.16,261.69,1069
2026-05-21T13:35:00+00:00,261.69,262.44,261.39,261.5,1245
2026-05-21T13:40:00+00:00,261.5,262.02,261.3,261.66,960
2026-05-21T13:45:00+00:00,261.66,261.99,261.33,261.9,961
2026-05-21T13:50:00+00:00,261.9,263.52,261.88,263.29,1527
2026-05-21T13:55:00+00:00,263.29,263.55,262.76,263.18,1156
2026-05-21T14:00:00+00:00,263.18,263.34,262.47,262.49,1180
2026-05-21T14:05:00+00:00,262.49,263.14,261.98,263,1007
2026-05-21T14:10:00+00:00,263,263.27,262.54,262.58,1176
2026-05-21T14:15:00+00:00,262.58,263.45,262.39,263.09,1193
2026-05-21T14:20:00+00:00,263.09,263.16,262.61,263.01,1268
2026-05-21T14:25:00+00:00,263.01,263.64,263.01,263.45,1251
2026-05-21T14:30:00+00:00,263.45,263.77,263.19,263.46,1237
2026-05-21T14:35:00+00:00,263.46,264.06,263.38,263.89,1274
2026-05-21T14:40:00+00:00,263.89,263.9,263.31,263.7,1282
2026-05-21T14:45:00+00:00,263.7,263.93,263.19,263.51,1479
2026-05-21T14:50:00+00:00,263.51,264.22,263.4,264.17,1366
2026-05-21T14:55:00+00:00,264.17,264.49,264.09,264.26,1175
2026-05-21T15:00:00+00:00,264.26,264.57,264.08,264.33,1182
2026-05-21T15:05:00+00:00,264.33,264.34,263.68,263.86,1081
2026-05-21T15:10:00+00:00,263.86,264.78,263.53,264.64,1272
2026-05-21T15:15:00+00:00,264.64,264.84,264.32,264.34,1162
2026-05-21T15:20:00+00:00,264.34,264.79,264.16,264.42,1317
2026-05-21T15:25:00+00:00,264.42,264.72,264.32,264.6,910
2026-05-21T15:30:00+00:00,264.6,264.7,264.31,264.52,1254
2026-05-21T15:35:00+00:00,264.52,265.11,264.32,265.05,895
2026-05-21T15:40:00+00:00,265.05,265.22,264.69,264.97,809
2026-05-21T15:45:00+00:00,264.97,265.44,264.97,265.42,741
2026-05-21T15:50:00+00:00,265.42,265.57,265.29,265.51,710
2026-05-21T15:55:00+00:00,265.51,265.66,265.28,265.5,684
2026-05-21T16:00:00+00:00,265.5,265.78,265.29,265.67,822
2026-05-21T16:05:00+00:00,265.67,265.73,265.26,265.59,802
2026-05-21T16:10:00+00:00,265.59,265.61,265.03,265.3,979
2026-05-21T16:15:00+00:00,265.3,265.31,264.8,264.92,866
2026-05-21T16:20:00+00:00,264.92,265.21,264.8,264.95,811
2026-05-21T16:25:00+00:00,264.95,265.13,264.76,264.93,739
2026-05-21T16:30:00+00:00,264.93,265.08,264.74,264.95,588
2026-05-21T16:35:00+00:00,264.95,265.22,264.74,264.96,641
2026-05-21T16:40:00+00:00,264.96,265.29,264.81,265.15,522
2026-05-21T16:45:00+00:00,265.15,265.65,265.14,265.56,789
2026-05-21T16:50:00+00:00,265.56,266.21,265.41,266.06,881
2026-05-21T16:55:00+00:00,266.06,266.3,265.95,266.22,708
2026-05-21T17:00:00+00:00,266.22,266.79,266.22,266.65,1098
2026-05-21T17:05:00+00:00,266.65,266.74,266.5,266.58,867
2026-05-21T17:10:00+00:00,266.58,267.45,266.12,266.15,2335
2026-05-21T17:15:00+00:00,266.15,267.21,266.13,266.18,1900
2026-05-21T17:20:00+00:00,266.18,267.3,266.18,267,1606
2026-05-21T17:25:00+00:00,267,267.42,266.95,267.19,1093
2026-05-21T17:30:00+00:00,267.19,267.56,267.02,267.47,1362
2026-05-21T17:35:00+00:00,267.47,268.24,267.45,268.22,975
2026-05-21T17:40:00+00:00,268.22,269.06,268.2,269.03,1212
2026-05-21T17:45:00+00:00,269.03,269.1,268.57,268.92,1083
2026-05-21T17:50:00+00:00,268.92,269.26,268.78,269,1037
2026-05-21T17:55:00+00:00,269,269.13,268.6,268.62,1098
2026-05-21T18:00:00+00:00,268.62,268.97,268.32,268.36,1218
2026-05-21T18:05:00+00:00,268.36,268.83,268.15,268.7,1083
2026-05-21T18:10:00+00:00,268.7,268.73,268.33,268.4,1161
2026-05-21T18:15:00+00:00,268.4,269.06,268.37,268.98,1254
2026-05-21T18:20:00+00:00,268.98,269.34,268.65,268.74,952
2026-05-21T18:25:00+00:00,268.74,268.85,268.48,268.62,824
2026-05-21T18:30:00+00:00,268.62,268.78,268.47,268.57,803
2026-05-21T18:35:00+00:00,268.57,268.82,268.48,268.63,644
2026-05-21T18:40:00+00:00,268.63,268.94,268.59,268.64,740
2026-05-21T18:45:00+00:00,268.64,268.74,267.88,268.12,1143
2026-05-21T18:50:00+00:00,268.12,268.32,266.99,266.99,1764
2026-05-21T18:55:00+00:00,266.99,267.25,266.81,267.25,1717
2026-05-21T19:00:00+00:00,267.25,267.6,267.1,267.56,1317
2026-05-21T19:05:00+00:00,267.56,267.95,267.09,267.92,1199
2026-05-21T19:10:00+00:00,267.92,267.95,267.71,267.91,829
2026-05-21T19:15:00+00:00,267.91,268.03,267.75,267.9,666
2026-05-21T19:20:00+00:00,267.9,268.05,267.8,267.91,732
2026-05-21T19:25:00+00:00,267.91,268.22,267.88,268.1,770
2026-05-21T19:30:00+00:00,268.1,268.3,267.95,268.1,716
2026-05-21T19:35:00+00:00,268.1,268.65,268.08,268.63,798
2026-05-21T19:40:00+00:00,268.63,268.84,268.45,268.68,838
2026-05-21T19:45:00+00:00,268.68,268.76,268.38,268.46,793
2026-05-21T19:50:00+00:00,268.46,268.83,268.15,268.27,933
2026-05-21T19:55:00+00:00,268.27,268.69,268.1,268.41,1613
2026-05-22T13:30:00+00:00,268.41,269.55,267.89,269.35,966
2026-05-22T13:35:00+00:00,269.35,269.52,268.6,268.73,1044
2026-05-22T13:40:00+00:00,268.73,269.65,268.71,268.86,1206
2026-05-22T13:45:00+00:00,268.86,269.47,268.1,268.59,1131
2026-05-22T13:50:00+00:00,268.59,268.71,267.93,268.15,1099
2026-05-22T13:55:00+00:00,268.15,268.37,267.96,268.21,1485
2026-05-22T14:00:00+00:00,268.21,268.43,267.58,268.11,1375
2026-05-22T14:05:00+00:00,268.11,268.29,267.38,267.65,1456
2026-05-22T14:10:00+00:00,267.65,268.08,267.44,267.96,1409
2026-05-22T14:15:00+00:00,267.96,268.26,267.82,268.03,1476
2026-05-22T14:20:00+00:00,268.03,268.27,267.7,268.01,1897
2026-05-22T14:25:00+00:00,268.01,268.42,267.92,268.31,1599
2026-05-22T14:30:00+00:00,268.31,268.61,268.12,268.36,1879
2026-05-22T14:35:00+00:00,268.36,268.64,268.24,268.33,1833
2026-05-22T14:40:00+00:00,268.33,268.52,268.21,268.36,1297
2026-05-22T14:45:00+00:00,268.36,268.4,268.04,268.06,1427
2026-05-22T14:50:00+00:00,268.06,268.3,267.79,267.92,1439
2026-05-22T14:55:00+00:00,267.92,268.34,-2505.1304999999998,-2505.1304999999998,1333.7439947780679
2026-05-22T15:00:00+00:00,267.97,268.22,267.78,268.07,1070
2026-05-22T15:05:00+00:00,268.07,268.95,268.04,268.95,1104
2026-05-22T15:10:00+00:00,268.95,268.98,268.69,268.79,1130
2026-05-22T15:15:00+00:00,268.79,269.15,268.7,268.99,999
2026-05-22T15:20:00+00:00,268.99,269,268.66,268.69,940
2026-05-22T15:25:00+00:00,268.69,268.94,268.46,268.89,961
2026-05-22T15:30:00+00:00,268.89,269.16,268.79,269.02,1257
2026-05-22T15:35:00+00:00,269.02,269.12,268.78,268.87,966
2026-05-22T15:40:00+00:00,268.87,268.96,268.77,268.92,682
2026-05-22T15:45:00+00:00,268.92,268.97,268.76,268.79,733
2026-05-22T15:50:00+00:00,268.79,269.16,268.7,268.86,817
2026-05-22T15:55:00+00:00,268.86,269.18,268.83,269.14,674
2026-05-22T16:00:00+00:00,269.14,269.19,268.82,268.99,966
2026-05-22T16:05:00+00:00,268.99,268.99,268.69,268.8,879
2026-05-22T16:10:00+00:00,268.8,268.81,268.22,268.24,859
2026-05-22T16:15:00+00:00,268.24,268.25,267.95,268.04,1047
2026-05-22T16:20:00+00:00,268.04,268.19,267.98,268,860
2026-05-22T16:25:00+00:00,268,268.43,267.98,268.1,963
2026-05-22T16:30:00+00:00,268.1,268.13,267.53,267.63,1075
2026-05-22T16:35:00+00:00,267.63,267.66,267.39,267.54,937
2026-05-22T16:40:00+00:00,267.54,267.68,267.41,267.45,704
2026-05-22T16:45:00+00:00,267.45,267.66,267.44,267.51,619
2026-05-22T16:50:00+00:00,267.51,267.63,267.48,267.56,588
2026-05-22T16:55:00+00:00,267.56,267.6,267.4,267.53,660
2026-05-22T17:00:00+00:00,267.53,267.57,267.34,267.52,632
2026-05-22T17:05:00+00:00,267.52,267.58,267.36,267.47,539
2026-05-22T17:10:00+00:00,267.47,267.62,267.45,267.53,553
2026-05-22T17:15:00+00:00,267.53,267.76,267.31,267.33,745
2026-05-22T17:20:00+00:00,267.33,267.76,267.25,267.69,1034
2026-05-22T17:25:00+00:00,267.69,269.22,267.67,269.18,1543
2026-05-22T17:30:00+00:00,269.18,269.43,268.83,268.84,1428
2026-05-22T17:35:00+00:00,268.84,268.91,268.51,268.61,1183
2026-05-22T17:40:00+00:00,268.61,268.89,268.38,268.43,998
2026-05-22T17:45:00+00:00,268.43,268.49,268.19,268.27,970
2026-05-22T17:50:00+00:00,268.27,268.5,268.08,268.46,955
2026-05-22T17:55:00+00:00,268.46,268.49,267.76,267.8,1126
2026-05-22T18:00:00+00:00,267.8,267.95,267.48,267.56,1333
2026-05-22T18:05:00+00:00,267.56,267.87,267.54,267.7,1087
2026-05-22T18:10:00+00:00,267.7,267.8,267.59,267.69,738
2026-05-22T18:15:00+00:00,267.69,267.81,267.58,267.78,911
2026-05-22T18:20:00+00:00,267.78,267.99,267.73,267.97,673
2026-05-22T18:25:00+00:00,267.97,267.99,267.78,267.89,796
2026-05-22T18:30:00+00:00,267.89,268.03,267.78,267.95,599
2026-05-22T18:35:00+00:00,267.95,268.17,267.61,268,940
2026-05-22T18:40:00+00:00,268,268.16,267.88,268.03,766
2026-05-22T18:45:00+00:00,268.03,268.18,267.73,267.75,734
2026-05-22T18:50:00+00:00,267.75,267.79,267.57,267.68,697
2026-05-22T18:55:00+00:00,267.68,267.68,267.4,267.46,610
2026-05-22T19:00:00+00:00,267.46,267.47,267.03,267.34,1395
2026-05-22T19:05:00+00:00,267.34,267.39,267.12,267.31,931
2026-05-22T19:10:00+00:00,267.31,267.42,266.98,267.09,864
2026-05-22T19:15:00+00:00,267.09,267.11,266.71,266.73,1004
2026-05-22T19:20:00+00:00,266.73,266.75,266.43,266.59,1027
2026-05-22T19:25:00+00:00,266.59,266.86,266.54,266.67,1063
2026-05-22T19:30:00+00:00,266.67,267.04,266.54,266.96,1321
2026-05-22T19:35:00+00:00,266.96,267.05,266.6,266.94,976
2026-05-22T19:40:00+00:00,266.94,267.13,266.69,266.78,1021
2026-05-22T19:45:00+00:00,266.78,266.86,266.46,266.69,1120
2026-05-22T19:50:00+00:00,266.69,266.69,266.14,266.68,1384
2026-05-22T19:55:00+00:00,266.68,266.97,265.89,266.33,1049
2026-05-26T13:30:00+00:00,266.33,269.08,266.33,268.13,1483
2026-05-26T13:35:00+00:00,268.13,268.33,266.89,267.08,1362
2026-05-26T13:40:00+00:00,267.08,267.35,266.7,266.82,1180
2026-05-26T13:45:00+00:00,266.82,267.42,266.5,267,1350
2026-05-26T13:50:00+00:00,267,267.03,265.53,266,1368
2026-05-26T13:55:00+00:00,266,266.57,265.84,266.57,1132
2026-05-26T14:00:00+00:00,266.57,267.15,266.54,267.09,1258
2026-05-26T14:05:00+00:00,267.09,268.07,266.88,267.89,1160
2026-05-26T14:10:00+00:00,267.89,267.93,267.61,267.85,1065
2026-05-26T14:15:00+00:00,267.85,267.9,266.82,267.13,1059
2026-05-26T14:20:00+00:00,267.13,267.22,265.89,265.9,986
2026-05-26T14:25:00+00:00,265.9,266.04,265.28,265.31,1083
2026-05-26T14:30:00+00:00,265.31,265.31,264.37,264.5,1261
2026-05-26T14:35:00+00:00,264.5,265.17,264.41,264.86,1242
2026-05-26T14:40:00+00:00,264.86,264.89,264.08,264.41,952
2026-05-26T14:45:00+00:00,264.41,264.7,264.08,264.32,1056
2026-05-26T14:50:00+00:00,264.32,264.56,264.01,264.39,919
2026-05-26T14:55:00+00:00,264.39,264.6,264.07,264.16,916
2026-05-26T15:00:00+00:00,264.16,264.2,263.68,263.8,968
2026-05-26T15:05:00+00:00,263.8,264.43,263.8,264.33,1016
2026-05-26T15:10:00+00:00,264.33,264.64,264.1,264.21,844
2026-05-26T15:15:00+00:00,264.21,264.63,264,264.49,1140
2026-05-26T15:20:00+00:00,264.49,264.64,264.08,264.08,831
2026-05-26T15:25:00+00:00,264.08,264.29,263.41,263.68,981
2026-05-26T15:30:00+00:00,263.68,263.79,263.29,263.4,974
2026-05-26T15:35:00+00:00,263.4,263.77,263.16,263.73,890
2026-05-26T15:40:00+00:00,263.73,263.75,263.31,263.45,793
2026-05-26T15:45:00+00:00,263.45,263.73,263.25,263.38,1068
2026-05-26T15:50:00+00:00,263.38,263.5,263.26,263.36,1062
2026-05-26T15:55:00+00:00,263.36,263.58,263.24,263.41,879
2026-05-26T16:00:00+00:00,263.41,263.7,263.38,263.44,658
2026-05-26T16:05:00+00:00,263.44,263.6,263.22,263.25,600
2026-05-26T16:10:00+00:00,263.25,263.38,263.08,263.18,737
2026-05-26T16:15:00+00:00,263.18,263.75,263.13,263.65,549
2026-05-26T16:20:00+00:00,263.65,263.67,263.4,263.53,539
2026-05-26T16:25:00+00:00,263.53,263.96,263.48,263.88,408
2026-05-26T16:30:00+00:00,263.88,264.1,263.82,263.99,494
2026-05-26T16:35:00+00:00,263.99,264.1,263.78,263.79,546
2026-05-26T16:40:00+00:00,263.79,263.84,263.45,263.53,609
2026-05-26T16:45:00+00:00,263.53,263.62,263.39,263.47,430
2026-05-26T16:50:00+00:00,263.47,263.63,263.22,263.43,610
2026-05-26T16:55:00+00:00,263.43,263.46,262.89,262.89,566
2026-05-26T17:00:00+00:00,262.89,262.99,262.53,262.67,800
2026-05-26T17:05:00+00:00,262.67,262.83,262.34,262.61,759
2026-05-26T17:10:00+00:00,262.61,262.66,262.26,262.35,590
2026-05-26T17:15:00+00:00,262.35,262.35,262.03,262.13,568
2026-05-26T17:20:00+00:00,262.13,262.31,261.94,262.1,392
2026-05-26T17:25:00+00:00,262.1,262.31,261.97,262.1,512
2026-05-26T17:30:00+00:00,262.1,262.52,262.01,262.51,457
2026-05-26T17:35:00+00:00,262.51,262.56,262.2,262.2,381
2026-05-26T17:40:00+00:00,262.2,262.41,262.18,262.25,326
2026-05-26T17:45:00+00:00,262.25,262.3,262.08,262.17,327
2026-05-26T17:50:00+00:00,262.17,262.51,262.13,262.34,399
2026-05-26T17:55:00+00:00,262.34,262.61,262.28,262.49,409
2026-05-26T18:00:00+00:00,262.49,262.57,262.39,262.52,404
2026-05-26T18:05:00+00:00,262.52,262.76,262.39,262.74,442
2026-05-26T18:10:00+00:00,262.74,263.2,262.74,263.16,432
2026-05-26T18:15:00+00:00,263.16,263.27,262.76,262.93,572
2026-05-26T18:20:00+00:00,262.93,263.19,262.9,263.1,269
2026-05-26T18:25:00+00:00,263.1,263.24,263,263.12,329
2026-05-26T18:30:00+00:00,263.12,263.25,263.01,263.07,356
2026-05-26T18:35:00+00:00,263.07,263.22,263,263.11,355
2026-05-26T18:40:00+00:00,263.11,263.15,262.4,262.42,451
2026-05-26T18:45:00+00:00,262.42,262.9,262.4,262.8,424
2026-05-26T18:50:00+00:00,262.8,263.12,262.73,263.07,357
2026-05-26T18:55:00+00:00,263.07,263.17,262.79,262.81,459
2026-05-26T19:00:00+00:00,262.81,262.89,262.68,262.81,393
2026-05-26T19:05:00+00:00,262.81,262.94,262.74,262.9,470
2026-05-26T19:10:00+00:00,262.9,263.06,262.78,262.78,425
2026-05-26T19:15:00+00:00,262.78,263.25,262.78,263.25,484
2026-05-26T19:20:00+00:00,263.25,263.72,263.13,263.72,421
2026-05-26T19:25:00+00:00,263.72,264.17,263.53,264.11,470
2026-05-26T19:30:00+00:00,264.11,264.58,264.09,264.56,372
2026-05-26T19:35:00+00:00,264.56,264.75,264.4,264.61,388
2026-05-26T19:40:00+00:00,264.61,264.83,264.49,264.68,471
2026-05-26T19:45:00+00:00,264.68,264.95,264.64,264.9,407
2026-05-26T19:50:00+00:00,264.9,265.55,264.9,265.26,628
2026-05-26T19:55:00+00:00,265.26,265.53,265.02,265.16,752
2026-05-27T13:30:00+00:00,265.16,268.41,263.9,266,1493
2026-05-27T13:35:00+00:00,266,266.99,265.58,266.58,1823
2026-05-27T13:40:00+00:00,266.58,267.12,265.88,266.57,1776
2026-05-27T13:45:00+00:00,266.57,268.36,266.42,268.23,1845
2026-05-27T13:50:00+00:00,268.23,268.66,266.98,267.5,1460
2026-05-27T13:55:00+00:00,267.5,268.13,267.37,267.92,1434
2026-05-27T14:00:00+00:00,267.92,269.96,267.87,269.89,1481
2026-05-27T14:05:00+00:00,269.89,270.11,268.98,268.99,1720
2026-05-27T14:10:00+00:00,268.99,269.6,268.77,269.38,1402
2026-05-27T14:15:00+00:00,269.38,270.36,269.1,270.28,1445
2026-05-27T14:20:00+00:00,270.28,270.52,269.05,269.16,1574
2026-05-27T14:25:00+00:00,269.16,269.87,268.99,269.7,1828
2026-05-27T14:30:00+00:00,269.7,270.26,269.18,269.8,1325
2026-05-27T14:35:00+00:00,269.8,269.95,269.19,269.87,1006
2026-05-27T14:40:00+00:00,269.87,270.46,269.72,270.25,1209
2026-05-27T14:45:00+00:00,270.25,270.57,270.08,270.12,1170
2026-05-27T14:50:00+00:00,270.12,270.19,269.58,269.99,835
2026-05-27T14:55:00+00:00,269.99,270.02,-2503.1904999999997,-2503.0705,864.2611002513264
2026-05-27T15:00:00+00:00,270.05,271.04,269.98,270.95,1242
2026-05-27T15:05:00+00:00,270.95,271.05,270.47,270.65,1153
2026-05-27T15:10:00+00:00,270.65,271.03,270.43,270.71,1000
2026-05-27T15:15:00+00:00,270.71,271.3,270.54,270.86,1116
2026-05-27T15:20:00+00:00,270.86,271.22,270.68,271.14,1037
2026-05-27T15:25:00+00:00,271.14,271.32,270.7,270.89,1005
2026-05-27T15:30:00+00:00,270.89,270.98,270.46,270.63,1099
2026-05-27T15:35:00+00:00,270.63,270.95,270.57,270.69,996
2026-05-27T15:40:00+00:00,270.69,270.95,270.18,270.2,1007
2026-05-27T15:45:00+00:00,270.2,270.68,270.05,270.54,1030
2026-05-27T15:50:00+00:00,270.54,270.86,270.46,270.67,959
2026-05-27T15:55:00+00:00,270.67,270.76,269.75,269.77,969
2026-05-27T16:00:00+00:00,269.77,269.86,269.25,269.42,811
2026-05-27T16:05:00+00:00,269.42,269.77,269.25,269.63,583
2026-05-27T16:10:00+00:00,269.63,269.86,269.21,269.23,784
2026-05-27T16:15:00+00:00,269.23,269.43,268.98,269,668
2026-05-27T16:20:00+00:00,269,269.68,268.98,269.48,710
2026-05-27T16:25:00+00:00,269.48,271.01,269.16,270.83,1376
2026-05-27T16:30:00+00:00,270.83,271.65,270.75,271.48,1150
2026-05-27T16:35:00+00:00,271.48,272.28,271.24,271.96,1225
2026-05-27T16:40:00+00:00,271.96,272.07,271.63,271.92,953
2026-05-27T16:45:00+00:00,271.92,272,271.5,271.83,983
2026-05-27T16:50:00+00:00,271.83,272.02,271.22,271.23,999
2026-05-27T16:55:00+00:00,271.23,271.37,270.94,271.16,714
2026-05-27T17:00:00+00:00,271.16,271.26,271.06,271.2,857
2026-05-27T17:05:00+00:00,271.2,271.34,270.38,270.4,1042
2026-05-27T17:10:00+00:00,270.4,270.62,270.21,270.35,755
2026-05-27T17:15:00+00:00,270.35,270.73,270.33,270.69,708
2026-05-27T17:20:00+00:00,270.69,270.96,270.48,270.49,492
2026-05-27T17:25:00+00:00,270.49,270.62,270.26,270.3,426
2026-05-27T17:30:00+00:00,270.3,270.63,270.24,270.4,587
2026-05-27T17:35:00+00:00,270.4,270.73,270.27,270.44,718
2026-05-27T17:40:00+00:00,270.44,270.52,269.71,269.86,970
2026-05-27T17:45:00+00:00,269.86,269.88,269.49,269.67,666
2026-05-27T17:50:00+00:00,269.67,269.79,269.53,269.71,419
2026-05-27T17:55:00+00:00,269.71,269.84,269.63,269.67,445
2026-05-27T18:00:00+00:00,269.67,269.85,269.53,269.6,472
2026-05-27T18:05:00+00:00,269.6,269.88,269.53,269.75,511
2026-05-27T18:10:00+00:00,269.75,270.1,269.71,269.83,698
2026-05-27T18:15:00+00:00,269.83,269.93,269.72,269.86,350
2026-05-27T18:20:00+00:00,269.86,270.31,269.81,270.01,728
2026-05-27T18:25:00+00:00,270.01,270.08,269.76,269.79,538
2026-05-27T18:30:00+00:00,269.79,270.02,269.42,269.63,683
2026-05-27T18:35:00+00:00,269.63,269.65,269.05,269.47,692
2026-05-27T18:40:00+00:00,269.47,270.05,269.38,270.03,434
2026-05-27T18:45:00+00:00,270.03,270.35,269.97,270.1,456
2026-05-27T18:50:00+00:00,270.1,270.65,270.08,270.57,454
2026-05-27T18:55:00+00:00,270.57,270.93,270.44,270.9,408
2026-05-27T19:00:00+00:00,270.9,271.56,270.8,271.44,593
2026-05-27T19:05:00+00:00,271.44,271.56,271.01,271.1,609
2026-05-27T19:10:00+00:00,271.1,271.25,270.83,271.02,503
2026-05-27T19:15:00+00:00,271.02,271.41,270.83,271.12,741
2026-05-27T19:20:00+00:00,271.12,271.17,270.71,270.76,506
2026-05-27T19:25:00+00:00,270.76,271.19,270.6,271.19,627
2026-05-27T19:30:00+00:00,271.19,271.21,270.92,271.02,533
2026-05-27T19:35:00+00:00,271.02,271.22,270.88,271.08,548
2026-05-27T19:40:00+00:00,271.08,271.18,270.94,271.17,474
2026-05-27T19:45:00+00:00,271.17,271.38,271.04,271.18,517
2026-05-27T19:50:00+00:00,271.18,271.21,270.48,271.08,839
2026-05-27T19:55:00+00:00,271.08,271.8,270.49,271.75,1596
2026-05-28T13:30:00+00:00,271.75,272.03,269.4,270.12,828
2026-05-28T13:35:00+00:00,270.12,270.15,269.22,269.44,1129
2026-05-28T13:40:00+00:00,269.44,269.52,268.55,268.58,1017
2026-05-28T13:45:00+00:00,268.58,268.87,267.68,267.75,1209
2026-05-28T13:50:00+00:00,267.75,268.72,267.49,268.51,1269
2026-05-28T13:55:00+00:00,268.51,269.03,268.39,268.68,923
2026-05-28T14:00:00+00:00,268.68,268.72,267.68,267.71,1144
2026-05-28T14:05:00+00:00,267.71,267.94,267.46,267.68,950
2026-05-28T14:10:00+00:00,267.68,269.34,267.3,268.77,1636
2026-05-28T14:15:00+00:00,268.77,269.25,268.5,269.14,949
2026-05-28T14:20:00+00:00,269.14,269.51,268.87,269.43,972
2026-05-28T14:25:00+00:00,269.43,270.09,269.3,269.54,970
2026-05-28T14:30:00+00:00,269.54,269.67,268.94,268.95,1094
2026-05-28T14:35:00+00:00,268.95,269.22,268.88,269.02,943
2026-05-28T14:40:00+00:00,269.02,270.04,269.01,269.88,704
2026-05-28T14:45:00+00:00,269.88,270.05,269.38,269.89,877
2026-05-28T14:50:00+00:00,269.89,270.42,269.84,270.27,611
2026-05-28T14:55:00+00:00,270.27,270.36,269.84,269.99,603
2026-05-28T15:00:00+00:00,269.99,270.27,269.81,270.06,799
2026-05-28T15:05:00+00:00,270.06,270.27,269.81,269.81,629
2026-05-28T15:10:00+00:00,269.81,269.85,269.41,269.43,570
2026-05-28T15:15:00+00:00,269.43,269.57,268.98,269.16,592
2026-05-28T15:20:00+00:00,269.16,269.52,268.98,269.5,486
2026-05-28T15:25:00+00:00,269.5,269.89,269.4,269.6,479
2026-05-28T15:30:00+00:00,269.6,269.78,269.39,269.39,641
2026-05-28T15:35:00+00:00,269.39,269.86,269.27,269.77,620
2026-05-28T15:40:00+00:00,269.77,269.92,269.58,269.66,448
2026-05-28T15:45:00+00:00,269.66,269.87,269.63,269.78,318
2026-05-28T15:50:00+00:00,269.78,270.15,269.78,269.9,284
2026-05-28T15:55:00+00:00,269.9,270.68,269.88,270.16,632
2026-05-28T16:00:00+00:00,270.16,270.19,269.61,269.63,519
2026-05-28T16:05:00+00:00,269.63,269.94,269.61,269.74,321
2026-05-28T16:10:00+00:00,269.74,270.25,269.7,270.12,403
2026-05-28T16:15:00+00:00,270.12,270.19,269.95,270.05,540
2026-05-28T16:20:00+00:00,270.05,270.24,269.9,270.17,349
2026-05-28T16:25:00+00:00,270.17,270.17,269.28,269.29,417
2026-05-28T16:30:00+00:00,269.29,269.49,269.14,269.4,269
2026-05-28T16:35:00+00:00,269.4,269.45,269.03,269.09,316
2026-05-28T16:40:00+00:00,269.09,269.99,269.09,269.95,363
2026-05-28T16:45:00+00:00,269.95,270.03,269.68,269.72,311
2026-05-28T16:50:00+00:00,269.72,269.91,269.63,269.77,379
2026-05-28T16:55:00+00:00,269.77,270.03,269.77,269.97,373
2026-05-28T17:00:00+00:00,269.97,270.38,269.94,270.14,554
2026-05-28T17:05:00+00:00,270.14,270.23,269.99,270.16,553
2026-05-28T17:10:00+00:00,270.16,270.42,270.1,270.4,335
2026-05-28T17:15:00+00:00,270.4,270.74,270.32,270.57,369
2026-05-28T17:20:00+00:00,270.57,271.14,270.53,271.13,430
2026-05-28T17:25:00+00:00,271.13,271.46,270.6,270.89,547
2026-05-28T17:30:00+00:00,270.89,271.56,270.88,271.38,454
2026-05-28T17:35:00+00:00,271.38,271.8,271.34,271.75,380
2026-05-28T17:40:00+00:00,271.75,271.93,271.68,271.86,272
2026-05-28T17:45:00+00:00,271.86,272.33,271.85,272.17,378
2026-05-28T17:50:00+00:00,272.17,272.29,271.95,272.05,351
2026-05-28T17:55:00+00:00,272.05,272.33,272,272.18,324
2026-05-28T18:00:00+00:00,272.18,272.34,272.07,272.23,303
2026-05-28T18:05:00+00:00,272.23,272.4,272.16,272.22,239
2026-05-28T18:10:00+00:00,272.22,272.28,271.76,271.99,573
2026-05-28T18:15:00+00:00,271.99,272.25,271.93,272.06,388
2026-05-28T18:20:00+00:00,272.06,272.12,271.93,271.97,211
2026-05-28T18:25:00+00:00,271.97,272.58,271.97,272.48,374
2026-05-28T18:30:00+00:00,272.48,272.85,272.27,272.75,482
2026-05-28T18:35:00+00:00,272.75,273.11,272.7,272.89,428
2026-05-28T18:40:00+00:00,272.89,273.16,272.59,272.91,413
2026-05-28T18:45:00+00:00,272.91,273.16,272.82,273.05,331
2026-05-28T18:50:00+00:00,273.05,273.67,272.98,273.55,359
2026-05-28T18:55:00+00:00,273.55,274.06,273.5,273.86,408
2026-05-28T19:00:00+00:00,273.86,273.89,273.49,273.54,427
2026-05-28T19:05:00+00:00,273.54,273.63,273.08,273.16,542
2026-05-28T19:10:00+00:00,273.16,273.52,273.13,273.33,436
2026-05-28T19:15:00+00:00,273.33,273.69,273.26,273.63,404
2026-05-28T19:20:00+00:00,273.63,273.72,273.44,273.68,372
2026-05-28T19:25:00+00:00,273.68,273.97,273.59,273.88,354
2026-05-28T19:30:00+00:00,273.88,274.11,273.82,274.02,444
2026-05-28T19:35:00+00:00,274.02,274.08,273.68,273.78,347
2026-05-28T19:40:00+00:00,273.78,273.81,273.47,273.65,335
2026-05-28T19:45:00+00:00,273.65,273.87,273.56,273.8,411
2026-05-28T19:50:00+00:00,273.8,274.07,273.19,273.92,778
2026-05-28T19:55:00+00:00,273.92,274.24,273.62,273.81,970
2026-05-29T13:30:00+00:00,273.81,273.86,270.42,272.73,1178
2026-05-29T13:35:00+00:00,272.73,273.75,272.53,273.09,1113
2026-05-29T13:40:00+00:00,273.09,274.58,272.88,274.17,1172
2026-05-29T13:45:00+00:00,274.17,274.32,273.1,273.96,1016
2026-05-29T13:50:00+00:00,273.96,273.96,272.99,273.77,994
2026-05-29T13:55:00+00:00,273.77,274.34,272.78,273.01,1107
2026-05-29T14:00:00+00:00,273.01,273.5,272.25,273.21,1322
2026-05-29T14:05:00+00:00,273.21,273.23,271.88,272.07,1031
2026-05-29T14:10:00+00:00,272.07,272.21,271.43,271.49,1026
2026-05-29T14:15:00+00:00,271.49,271.73,271.29,271.6,1167
2026-05-29T14:20:00+00:00,271.6,271.77,271.45,271.56,1355
2026-05-29T14:25:00+00:00,271.56,271.96,271.53,271.88,1299
2026-05-29T14:30:00+00:00,271.88,272.03,270.94,270.94,843
2026-05-29T14:35:00+00:00,270.94,271.17,270.83,270.93,1052
2026-05-29T14:40:00+00:00,270.93,271.26,270.79,270.99,1027
2026-05-29T14:45:00+00:00,270.99,271,270.48,270.53,1008
2026-05-29T14:50:00+00:00,270.53,271.19,270.51,270.85,1243
2026-05-29T14:55:00+00:00,270.85,271.51,-2502.1605,-2502.0705,975.9223431211805
2026-05-29T15:00:00+00:00,271,271.66,270.88,271.52,1183
2026-05-29T15:05:00+00:00,271.52,271.85,271.28,271.66,816
2026-05-29T15:10:00+00:00,271.66,272.09,271.64,272.03,531
2026-05-29T15:15:00+00:00,272.03,272.45,272.01,272.2,685
2026-05-29T15:20:00+00:00,272.2,272.52,272.04,272.32,658
2026-05-29T15:25:00+00:00,272.32,272.49,271.98,272.01,642
2026-05-29T15:30:00+00:00,272.01,272.65,272.01,272.4,777
2026-05-29T15:35:00+00:00,272.4,272.75,272.21,272.57,786
2026-05-29T15:40:00+00:00,272.57,272.61,272.39,272.54,630
2026-05-29T15:45:00+00:00,272.54,272.55,272.18,272.44,637
2026-05-29T15:50:00+00:00,272.44,272.53,272.29,272.29,403
2026-05-29T15:55:00+00:00,272.29,272.85,272.29,272.75,518
2026-05-29T16:00:00+00:00,272.75,272.88,272.55,272.71,519
2026-05-29T16:05:00+00:00,272.71,272.74,272.39,272.39,308
2026-05-29T16:10:00+00:00,272.39,272.64,272.35,272.54,299
2026-05-29T16:15:00+00:00,272.54,272.68,272.11,272.12,557
2026-05-29T16:20:00+00:00,272.12,272.59,271.98,272.41,505
2026-05-29T16:25:00+00:00,272.41,272.44,271.65,271.66,474
2026-05-29T16:30:00+00:00,271.66,272.06,271.49,271.98,585
2026-05-29T16:35:00+00:00,271.98,272.06,271.78,271.83,423
2026-05-29T16:40:00+00:00,271.83,272.17,271.78,272.05,361
2026-05-29T16:45:00+00:00,272.05,272.13,271.65,271.7,452
2026-05-29T16:50:00+00:00,271.7,271.7,271.13,271.13,356
2026-05-29T16:55:00+00:00,271.13,271.19,270.71,270.82,374
2026-05-29T17:00:00+00:00,270.82,271.39,270.78,270.82,574
2026-05-29T17:05:00+00:00,270.82,271.22,270.82,271.14,451
2026-05-29T17:10:00+00:00,271.14,271.25,270.89,271.02,433
2026-05-29T17:15:00+00:00,271.02,271.23,270.93,271.1,402
2026-05-29T17:20:00+00:00,271.1,271.2,270.71,271.09,633
2026-05-29T17:25:00+00:00,271.09,271.31,270.9,271.09,476
2026-05-29T17:30:00+00:00,271.09,271.11,270.81,271.06,340
2026-05-29T17:35:00+00:00,271.06,271.1,270.89,270.96,364
2026-05-29T17:40:00+00:00,270.96,271.11,270.85,270.9,418
2026-05-29T17:45:00+00:00,270.9,271.24,270.86,271.11,473
2026-05-29T17:50:00+00:00,271.11,271.4,271.02,271.11,442
2026-05-29T17:55:00+00:00,271.11,271.12,270.71,270.76,562
2026-05-29T18:00:00+00:00,270.76,270.88,270.66,270.86,434
2026-05-29T18:05:00+00:00,270.86,270.92,270.58,270.65,388
2026-05-29T18:10:00+00:00,270.65,270.71,270.42,270.47,505
2026-05-29T18:15:00+00:00,270.47,270.57,270.1,270.34,488
2026-05-29T18:20:00+00:00,270.34,270.73,270.29,270.62,448
2026-05-29T18:25:00+00:00,270.62,270.68,270.47,270.49,298
2026-05-29T18:30:00+00:00,270.49,270.73,270.48,270.51,301
2026-05-29T18:35:00+00:00,270.51,270.65,270.45,270.46,367
2026-05-29T18:40:00+00:00,270.46,270.47,270,270.23,411
2026-05-29T18:45:00+00:00,270.23,270.27,269.51,270.02,650
2026-05-29T18:50:00+00:00,270.02,270.14,269.69,269.75,356
2026-05-29T18:55:00+00:00,269.75,269.94,269.63,269.7,416
2026-05-29T19:00:00+00:00,269.7,270.12,269.54,270.12,446
2026-05-29T19:05:00+00:00,270.12,270.52,270.08,270.2,337
2026-05-29T19:10:00+00:00,270.2,270.24,270.06,270.18,289
2026-05-29T19:15:00+00:00,270.18,270.41,270.05,270.4,495
2026-05-29T19:20:00+00:00,270.4,270.57,270.26,270.45,313
2026-05-29T19:25:00+00:00,270.45,270.83,270.3,270.74,339
2026-05-29T19:30:00+00:00,270.74,271.07,270.74,271.04,339
2026-05-29T19:35:00+00:00,271.04,271.23,270.95,271,298
2026-05-29T19:40:00+00:00,271,271.07,270.78,270.9,433
2026-05-29T19:45:00+00:00,270.9,270.94,270.61,270.84,372
2026-05-29T19:50:00+00:00,270.84,271.99,270.81,271.4,1185
2026-05-29T19:55:00+00:00,271.4,271.41,270.29,270.62,838
2026-06-01T13:30:00+00:00,270.62,270.62,262.93,265.44,1338
2026-06-01T13:35:00+00:00,265.44,266.14,263.13,263.13,1241
2026-06-01T13:40:00+00:00,263.13,264.03,262.19,262.65,1601
2026-06-01T13:45:00+00:00,262.65,264.77,262.63,263.94,1289
2026-06-01T13:50:00+00:00,263.94,265.08,263.88,264.3,1172
2026-06-01T13:55:00+00:00,264.3,264.67,263.78,264.34,1119
2026-06-01T14:00:00+00:00,264.34,265.32,264.11,264.66,1342
2026-06-01T14:05:00+00:00,264.66,264.66,263.71,264.48,987
2026-06-01T14:10:00+00:00,264.48,264.6,263.88,264.26,1110
2026-06-01T14:15:00+00:00,264.26,264.73,264.04,264.11,1125
2026-06-01T14:20:00+00:00,264.11,264.4,263.89,264.29,873
2026-06-01T14:25:00+00:00,264.29,264.54,264.06,264.12,1278
2026-06-01T14:30:00+00:00,264.12,264.42,263.58,263.77,1124
2026-06-01T14:35:00+00:00,263.77,263.93,262.63,262.99,1124
2026-06-01T14:40:00+00:00,262.99,263.84,262.79,263.42,917
2026-06-01T14:45:00+00:00,263.42,264.02,263.38,263.74,789
2026-06-01T14:50:00+00:00,263.74,264.2,263.65,263.81,820
2026-06-01T14:55:00+00:00,263.81,264.54,263.79,264.51,892
2026-06-01T15:00:00+00:00,264.51,264.63,263.99,264.13,918
2026-06-01T15:05:00+00:00,264.13,264.25,263.97,263.99,855
2026-06-01T15:10:00+00:00,263.99,264.25,263.72,263.94,648
2026-06-01T15:15:00+00:00,263.94,264.02,263.28,263.41,775
2026-06-01T15:20:00+00:00,263.41,264.04,263.29,263.96,802
2026-06-01T15:25:00+00:00,263.96,264.16,263.85,263.9,538
2026-06-01T15:30:00+00:00,263.9,264.52,263.89,263.96,1143
2026-06-01T15:35:00+00:00,263.96,264.32,263.95,264.25,752
2026-06-01T15:40:00+00:00,264.25,264.4,263.97,264.08,805
2026-06-01T15:45:00+00:00,264.08,264.82,264.03,264.19,876
2026-06-01T15:50:00+00:00,264.19,264.27,263.41,263.43,774
2026-06-01T15:55:00+00:00,263.43,263.72,263.15,263.5,751
2026-06-01T16:00:00+00:00,263.5,264.47,263.29,263.36,1012
2026-06-01T16:05:00+00:00,263.36,263.45,262.97,263.03,865
2026-06-01T16:10:00+00:00,263.03,263.03,262.28,262.52,1025
2026-06-01T16:15:00+00:00,262.52,262.52,261.38,261.83,998
2026-06-01T16:20:00+00:00,261.83,262.86,261.83,262.63,856
2026-06-01T16:25:00+00:00,262.63,262.71,262.28,262.51,663
2026-06-01T16:30:00+00:00,262.51,262.94,262.51,262.65,685
2026-06-01T16:35:00+00:00,262.65,263.02,262.32,262.32,526
2026-06-01T16:40:00+00:00,262.32,262.38,262.04,262.06,608
2026-06-01T16:45:00+00:00,262.06,262.16,261.7,261.87,728
2026-06-01T16:50:00+00:00,261.87,262.27,261.76,262.12,725
2026-06-01T16:55:00+00:00,262.12,262.57,261.89,261.99,821
2026-06-01T17:00:00+00:00,261.99,261.99,261.66,261.68,690
2026-06-01T17:05:00+00:00,261.68,261.76,261.27,261.3,592
2026-06-01T17:10:00+00:00,261.3,261.37,261.08,261.19,559
2026-06-01T17:15:00+00:00,261.19,261.28,260.58,260.87,694
2026-06-01T17:20:00+00:00,260.87,261.23,260.69,261.07,787
2026-06-01T17:25:00+00:00,261.07,261.79,261.05,261.58,600
2026-06-01T17:30:00+00:00,261.58,261.92,261.43,261.7,876
2026-06-01T17:35:00+00:00,261.7,261.87,261.19,261.19,846
2026-06-01T17:40:00+00:00,261.19,262.1,261.19,261.69,985
2026-06-01T17:45:00+00:00,261.69,262.19,261.66,262.05,777
2026-06-01T17:50:00+00:00,262.05,262.46,261.92,262.26,554
2026-06-01T17:55:00+00:00,262.26,262.44,261.99,262.19,685
2026-06-01T18:00:00+00:00,262.19,262.24,261.78,262.1,602
2026-06-01T18:05:00+00:00,262.1,262.38,261.99,262.35,606
2026-06-01T18:10:00+00:00,262.35,262.5,261.95,262.05,504
2026-06-01T18:15:00+00:00,262.05,262.67,262.03,262.56,565
2026-06-01T18:20:00+00:00,262.56,262.75,262.48,262.56,437
2026-06-01T18:25:00+00:00,262.56,262.57,262.17,262.24,564
2026-06-01T18:30:00+00:00,262.24,262.6,262.17,262.5,586
2026-06-01T18:35:00+00:00,262.5,262.98,262.5,262.89,417
2026-06-01T18:40:00+00:00,262.89,263,262.35,262.61,405
2026-06-01T18:45:00+00:00,262.61,262.63,262.25,262.44,383
2026-06-01T18:50:00+00:00,262.44,263.04,262.41,262.7,683
2026-06-01T18:55:00+00:00,262.7,263.2,262.7,263,494
2026-06-01T19:00:00+00:00,263,263.64,262.99,263.46,624
2026-06-01T19:05:00+00:00,263.46,263.59,263.18,263.52,533
2026-06-01T19:10:00+00:00,263.52,263.81,263.37,263.81,496
2026-06-01T19:15:00+00:00,263.81,264.05,263.61,263.67,554
2026-06-01T19:20:00+00:00,263.67,263.78,263.57,263.73,377
2026-06-01T19:25:00+00:00,263.73,263.8,263.48,263.48,487
2026-06-01T19:30:00+00:00,263.48,263.61,262.49,262.61,688
2026-06-01T19:35:00+00:00,262.61,262.71,262.14,262.24,630
2026-06-01T19:40:00+00:00,262.24,262.47,262.08,262.42,533
2026-06-01T19:45:00+00:00,262.42,262.42,261.58,261.65,603
2026-06-01T19:50:00+00:00,261.65,261.81,261.09,261.22,782
2026-06-01T19:55:00+00:00,261.22,261.72,260.89,261.03,1234
2026-06-02T13:30:00+00:00,261.03,261.03,254.28,255.04,1466
2026-06-02T13:35:00+00:00,255.04,256.1,254.64,254.64,1078
2026-06-02T13:40:00+00:00,254.64,255.01,254.24,254.5,928
2026-06-02T13:45:00+00:00,254.5,255.43,254.33,255.18,1148
2026-06-02T13:50:00+00:00,255.18,256.23,254.89,256.01,1235
2026-06-02T13:55:00+00:00,256.01,256.45,255.38,255.54,1183
2026-06-02T14:00:00+00:00,255.54,255.54,254.97,255.35,1034
2026-06-02T14:05:00+00:00,255.35,256.51,255.12,256.39,1290
2026-06-02T14:10:00+00:00,256.39,257.17,256.34,256.72,1323
2026-06-02T14:15:00+00:00,256.72,257.26,256.35,257.16,1066
2026-06-02T14:20:00+00:00,257.16,257.41,257.08,257.15,1175
2026-06-02T14:25:00+00:00,257.15,257.84,257.02,257.6,1110
2026-06-02T14:30:00+00:00,257.6,258.31,257.58,258.21,932
2026-06-02T14:35:00+00:00,258.21,259.46,258.2,258.91,1216
2026-06-02T14:40:00+00:00,258.91,259.7,258.56,259.34,1159
2026-06-02T14:45:00+00:00,259.34,259.48,258.79,259,985
2026-06-02T14:50:00+00:00,259,260.28,258.98,259.84,906
2026-06-02T14:55:00+00:00,259.84,260.4,259.63,260.27,1005
2026-06-02T15:00:00+00:00,260.27,260.52,259.97,260.05,863
2026-06-02T15:05:00+00:00,260.05,260.73,260.01,260.36,919
2026-06-02T15:10:00+00:00,260.36,260.75,260.3,260.41,801
2026-06-02T15:15:00+00:00,260.41,260.79,260.3,260.68,571
2026-06-02T15:20:00+00:00,260.68,260.96,260.58,260.93,584
2026-06-02T15:25:00+00:00,260.93,261.09,260.55,260.55,806
2026-06-02T15:30:00+00:00,260.55,260.61,259.99,260.08,782
2026-06-02T15:35:00+00:00,260.08,260.55,259.9,260.17,780
2026-06-02T15:40:00+00:00,260.17,260.38,260.16,260.17,745
2026-06-02T15:45:00+00:00,260.17,260.25,259.79,259.88,767
2026-06-02T15:50:00+00:00,259.88,260.06,259.79,259.83,562
2026-06-02T15:55:00+00:00,259.83,259.84,259.21,259.23,527
2026-06-02T16:00:00+00:00,259.23,259.27,258.59,258.65,526
2026-06-02T16:05:00+00:00,258.65,258.78,258.27,258.44,721
2026-06-02T16:10:00+00:00,258.44,259.02,258.39,258.91,442
2026-06-02T16:15:00+00:00,258.91,259.12,258.79,258.94,454
2026-06-02T16:20:00+00:00,258.94,259.35,258.83,259.19,497
2026-06-02T16:25:00+00:00,259.19,259.22,258.98,259.03,518
2026-06-02T16:30:00+00:00,259.03,259.11,258.49,258.55,538
2026-06-02T16:35:00+00:00,258.55,258.86,258.43,258.75,539
2026-06-02T16:40:00+00:00,258.75,258.85,258.43,258.49,360
2026-06-02T16:45:00+00:00,258.49,258.63,258.38,258.55,464
2026-06-02T16:50:00+00:00,258.55,258.82,258.53,258.69,426
2026-06-02T16:55:00+00:00,258.69,258.84,258.53,258.66,261
2026-06-02T17:00:00+00:00,258.66,258.71,258.49,258.56,362
2026-06-02T17:05:00+00:00,258.56,258.75,258.48,258.51,428
2026-06-02T17:10:00+00:00,258.51,258.66,258.5,258.58,329
2026-06-02T17:15:00+00:00,258.58,258.72,258.12,258.12,394
2026-06-02T17:20:00+00:00,258.12,258.26,258.01,258.08,531
2026-06-02T17:25:00+00:00,258.08,258.15,257.47,257.5,600
2026-06-02T17:30:00+00:00,257.5,257.96,257.47,257.76,515
2026-06-02T17:35:00+00:00,257.76,257.85,257.53,257.71,508
2026-06-02T17:40:00+00:00,257.71,258.05,257.62,257.83,449
2026-06-02T17:45:00+00:00,257.83,257.96,257.79,257.92,192
2026-06-02T17:50:00+00:00,257.92,258.19,257.59,257.68,449
2026-06-02T17:55:00+00:00,257.68,257.71,257.36,257.36,427
2026-06-02T18:00:00+00:00,257.36,257.83,257.16,257.76,703
2026-06-02T18:05:00+00:00,257.76,258.17,257.74,258.13,432
2026-06-02T18:10:00+00:00,258.13,258.15,257.73,257.88,405
2026-06-02T18:15:00+00:00,257.88,257.96,257.73,257.9,347
2026-06-02T18:20:00+00:00,257.9,258.05,257.78,257.99,367
2026-06-02T18:25:00+00:00,257.99,258.44,257.92,258.02,671
2026-06-02T18:30:00+00:00,258.02,258.12,257.8,257.82,414
2026-06-02T18:35:00+00:00,257.82,258,257.69,257.98,502
2026-06-02T18:40:00+00:00,257.98,258.11,257.88,258.03,422
2026-06-02T18:45:00+00:00,258.03,258.4,257.94,258.35,358
2026-06-02T18:50:00+00:00,258.35,258.43,257.89,257.96,345
2026-06-02T18:55:00+00:00,257.96,258.4,257.86,258.15,467
2026-06-02T19:00:00+00:00,258.15,258.41,258.14,258.21,412
2026-06-02T19:05:00+00:00,258.21,258.36,258.08,258.14,354
2026-06-02T19:10:00+00:00,258.14,258.21,257.89,257.89,340
2026-06-02T19:15:00+00:00,257.89,257.97,257.7,257.72,436
2026-06-02T19:20:00+00:00,257.72,257.87,257.6,257.81,360
2026-06-02T19:25:00+00:00,257.81,257.97,257.7,257.8,359
2026-06-02T19:30:00+00:00,257.8,258.06,257.68,257.92,367
2026-06-02T19:35:00+00:00,257.92,257.99,257.78,257.9,340
2026-06-02T19:40:00+00:00,257.9,257.92,257.23,257.35,402
2026-06-02T19:45:00+00:00,257.35,257.54,257.21,257.37,515
2026-06-02T19:50:00+00:00,257.37,257.72,257.08,257.1,748
2026-06-02T19:55:00+00:00,257.1,257.12,256.21,256.36,1098
2026-06-03T13:30:00+00:00,256.36,256.79,253.35,255.25,1217
2026-06-03T13:35:00+00:00,255.25,256.94,255.18,255.89,1056
2026-06-03T13:40:00+00:00,255.89,256.21,255.19,255.9,872
2026-06-03T13:45:00+00:00,255.9,256.01,254.75,254.89,1225
2026-06-03T13:50:00+00:00,254.89,255.24,254.39,254.67,1051
2026-06-03T13:55:00+00:00,254.67,255.73,254.54,255.11,1088
2026-06-03T14:00:00+00:00,255.11,255.59,254.63,254.74,1208
2026-06-03T14:05:00+00:00,254.74,255.35,254.42,254.73,1279
2026-06-03T14:10:00+00:00,254.73,254.75,253.63,253.92,908
2026-06-03T14:15:00+00:00,253.92,254.01,253.13,253.13,1044
2026-06-03T14:20:00+00:00,253.13,253.43,252.47,252.71,1148
2026-06-03T14:25:00+00:00,252.71,253.28,252.57,252.58,1079
2026-06-03T14:30:00+00:00,252.58,252.88,252.56,252.69,809
2026-06-03T14:35:00+00:00,252.69,253.15,252.41,252.56,927
2026-06-03T14:40:00+00:00,252.56,253.04,252.43,252.44,788
2026-06-03T14:45:00+00:00,252.44,252.61,251.83,252.07,941
2026-06-03T14:50:00+00:00,252.07,252.19,251.68,251.76,1064
2026-06-03T14:55:00+00:00,251.76,251.76,-2521.6205,-2521.4404999999997,688.5857271095152
2026-06-03T15:00:00+00:00,251.65,251.7,250.91,251,957
2026-06-03T15:05:00+00:00,251,251.06,250.14,250.36,1115
2026-06-03T15:10:00+00:00,250.36,250.82,250.19,250.19,886
2026-06-03T15:15:00+00:00,250.19,250.74,250.12,250.59,842
2026-06-03T15:20:00+00:00,250.59,250.75,249.94,250.02,1089
2026-06-03T15:25:00+00:00,250.02,250.36,249.89,250.16,873
2026-06-03T15:30:00+00:00,250.16,250.43,249.43,249.43,831
2026-06-03T15:35:00+00:00,249.43,249.88,249.38,249.54,815
2026-06-03T15:40:00+00:00,249.54,250.13,248.98,249.95,957
2026-06-03T15:45:00+00:00,249.95,250.26,249.78,250.13,581
2026-06-03T15:50:00+00:00,250.13,250.21,249.64,249.75,674
2026-06-03T15:55:00+00:00,249.75,250.19,249.69,249.97,612
2026-06-03T16:00:00+00:00,249.97,250.09,249.78,250.09,698
2026-06-03T16:05:00+00:00,250.09,250.16,249.8,250.1,518
2026-06-03T16:10:00+00:00,250.1,250.25,249.87,249.88,512
2026-06-03T16:15:00+00:00,249.88,249.89,248.96,249.26,720
2026-06-03T16:20:00+00:00,249.26,249.34,248.96,249.04,627
2026-06-03T16:25:00+00:00,249.04,249.26,248.9,248.91,731
2026-06-03T16:30:00+00:00,248.91,249.16,248.71,248.97,804
2026-06-03T16:35:00+00:00,248.97,248.97,248.25,248.41,697
2026-06-03T16:40:00+00:00,248.41,248.55,248.13,248.55,856
2026-06-03T16:45:00+00:00,248.55,248.98,248.52,248.78,540
2026-06-03T16:50:00+00:00,248.78,248.87,248.49,248.55,529
2026-06-03T16:55:00+00:00,248.55,248.59,248.39,248.41,512
2026-06-03T17:00:00+00:00,248.41,248.44,248.08,248.24,642
2026-06-03T17:05:00+00:00,248.24,248.66,248.18,248.53,538
2026-06-03T17:10:00+00:00,248.53,248.61,247.59,247.81,708
2026-06-03T17:15:00+00:00,247.81,248.12,247.74,247.99,524
2026-06-03T17:20:00+00:00,247.99,248.28,247.95,248.23,383
2026-06-03T17:25:00+00:00,248.23,248.26,247.88,247.95,496
2026-06-03T17:30:00+00:00,247.95,248.17,247.68,248.13,572
2026-06-03T17:35:00+00:00,248.13,248.4,248,248.15,557
2026-06-03T17:40:00+00:00,248.15,248.47,248.1,248.22,435
2026-06-03T17:45:00+00:00,248.22,248.37,248.03,248.3,463
2026-06-03T17:50:00+00:00,248.3,248.86,248.28,248.82,409
2026-06-03T17:55:00+00:00,248.82,249.25,248.82,249,538
2026-06-03T18:00:00+00:00,249,249.02,248.66,248.67,548
2026-06-03T18:05:00+00:00,248.67,249.04,248.58,248.92,451
2026-06-03T18:10:00+00:00,248.92,248.96,248.48,248.71,435
2026-06-03T18:15:00+00:00,248.71,248.8,248.43,248.77,522
2026-06-03T18:20:00+00:00,248.77,248.86,248.53,248.74,526
2026-06-03T18:25:00+00:00,248.74,249.04,248.68,248.81,394
2026-06-03T18:30:00+00:00,248.81,249.06,248.72,249.01,554
2026-06-03T18:35:00+00:00,249.01,249.06,248.63,248.63,459
2026-06-03T18:40:00+00:00,248.63,248.68,248.3,248.48,319
2026-06-03T18:45:00+00:00,248.48,248.65,248.47,248.65,267
2026-06-03T18:50:00+00:00,248.65,248.65,248.32,248.42,344
2026-06-03T18:55:00+00:00,248.42,248.86,248.41,248.64,393
2026-06-03T19:00:00+00:00,248.64,248.66,248,248.15,421
2026-06-03T19:05:00+00:00,248.15,248.15,247.96,248.02,216
2026-06-03T19:10:00+00:00,248.02,248.3,247.96,248.2,327
2026-06-03T19:15:00+00:00,248.2,248.49,248.08,248.19,454
2026-06-03T19:20:00+00:00,248.19,248.47,248.04,248.05,485
2026-06-03T19:25:00+00:00,248.05,248.55,248.04,248.4,573
2026-06-03T19:30:00+00:00,248.4,248.56,248.13,248.51,536
2026-06-03T19:35:00+00:00,248.51,248.97,248.42,248.96,437
2026-06-03T19:40:00+00:00,248.96,249.27,248.84,249.21,418
2026-06-03T19:45:00+00:00,249.21,249.37,249.04,249.33,471
2026-06-03T19:50:00+00:00,249.33,249.34,248.67,249.03,890
2026-06-03T19:55:00+00:00,249.03,250.14,249,250.07,1595
2026-06-04T13:30:00+00:00,250.07,253.81,250.07,253.11,1333
2026-06-04T13:35:00+00:00,253.11,254.08,252.12,252.61,1233
2026-06-04T13:40:00+00:00,252.61,253.41,252.13,252.79,1130
2026-06-04T13:45:00+00:00,252.79,253.18,251.92,252.43,1301
2026-06-04T13:50:00+00:00,252.43,253.21,252.21,253.16,1015
2026-06-04T13:55:00+00:00,253.16,254.53,253,254.43,1336
2026-06-04T14:00:00+00:00,254.43,254.97,253.88,254.9,1234
2026-06-04T14:05:00+00:00,254.9,254.93,253.76,253.78,1381
2026-06-04T14:10:00+00:00,253.78,254.04,252.97,253.28,1375
2026-06-04T14:15:00+00:00,253.28,253.81,253.25,253.65,1091
2026-06-04T14:20:00+00:00,253.65,254.15,253.38,253.75,975
2026-06-04T14:25:00+00:00,253.75,253.95,253.53,253.66,767
2026-06-04T14:30:00+00:00,253.66,253.96,253.55,253.73,904
2026-06-04T14:35:00+00:00,253.73,253.79,253.53,253.66,919
2026-06-04T14:40:00+00:00,253.66,254.46,253.58,254.11,800
2026-06-04T14:45:00+00:00,254.11,254.27,253.62,253.8,706
2026-06-04T14:50:00+00:00,253.8,254.08,253.63,253.64,767
2026-06-04T14:55:00+00:00,253.64,253.88,253.38,253.49,837
2026-06-04T15:00:00+00:00,253.49,253.71,253.38,253.71,875
2026-06-04T15:05:00+00:00,253.71,254.33,253.63,254.14,779
2026-06-04T15:10:00+00:00,254.14,254.77,254.11,254.38,748
2026-06-04T15:15:00+00:00,254.38,254.99,254.17,254.25,754
2026-06-04T15:20:00+00:00,254.25,254.68,253.97,254.62,676
2026-06-04T15:25:00+00:00,254.62,255.67,254.55,255.44,883
2026-06-04T15:30:00+00:00,255.44,255.51,254.25,254.42,795
2026-06-04T15:35:00+00:00,254.42,254.49,254.01,254.21,567
2026-06-04T15:40:00+00:00,254.21,254.34,253.9,253.99,641
2026-06-04T15:45:00+00:00,253.99,254.15,253.83,253.94,884
2026-06-04T15:50:00+00:00,253.94,254.06,253.45,253.55,871
2026-06-04T15:55:00+00:00,253.55,254.1,253.55,253.83,763
2026-06-04T16:00:00+00:00,253.83,254.19,253.74,253.84,604
2026-06-04T16:05:00+00:00,253.84,254.24,253.78,254.09,611
2026-06-04T16:10:00+00:00,254.09,254.32,253.9,254.11,544
2026-06-04T16:15:00+00:00,254.11,254.16,253.51,253.71,465
2026-06-04T16:20:00+00:00,253.71,254.12,253.53,254,416
2026-06-04T16:25:00+00:00,254,254.01,253.59,253.64,490
2026-06-04T16:30:00+00:00,253.64,253.87,253.48,253.8,527
2026-06-04T16:35:00+00:00,253.8,254.13,253.72,253.76,500
2026-06-04T16:40:00+00:00,253.76,253.76,253.54,253.7,344
2026-06-04T16:45:00+00:00,253.7,253.74,253.48,253.66,439
2026-06-04T16:50:00+00:00,253.66,253.7,253.41,253.69,343
2026-06-04T16:55:00+00:00,253.69,253.84,253.54,253.7,362
2026-06-04T17:00:00+00:00,253.7,253.82,253.55,253.72,388
2026-06-04T17:05:00+00:00,253.72,253.87,253.66,253.78,441
2026-06-04T17:10:00+00:00,253.78,253.81,253.53,253.65,489
2026-06-04T17:15:00+00:00,253.65,253.98,253.54,253.95,473
2026-06-04T17:20:00+00:00,253.95,254.5,253.82,254.08,459
2026-06-04T17:25:00+00:00,254.08,254.39,254.07,254.25,381
2026-06-04T17:30:00+00:00,254.25,254.36,253.98,254.05,451
2026-06-04T17:35:00+00:00,254.05,254.64,253.58,253.64,599
2026-06-04T17:40:00+00:00,253.64,253.77,253.58,253.64,449
2026-06-04T17:45:00+00:00,253.64,253.8,253.49,253.6,368
2026-06-04T17:50:00+00:00,253.6,253.71,253.54,253.63,312
2026-06-04T17:55:00+00:00,253.63,253.79,253.56,253.68,349
2026-06-04T18:00:00+00:00,253.68,253.8,253.57,253.74,443
2026-06-04T18:05:00+00:00,253.74,253.85,253.56,253.71,383
2026-06-04T18:10:00+00:00,253.71,253.82,253.65,253.75,374
2026-06-04T18:15:00+00:00,253.75,254.66,253.73,254.33,593
2026-06-04T18:20:00+00:00,254.33,254.65,254.26,254.6,442
2026-06-04T18:25:00+00:00,254.6,254.73,254.3,254.53,441
2026-06-04T18:30:00+00:00,254.53,254.58,254.33,254.43,514
2026-06-04T18:35:00+00:00,254.43,254.74,254.28,254.52,538
2026-06-04T18:40:00+00:00,254.52,254.65,254.18,254.2,395
2026-06-04T18:45:00+00:00,254.2,254.22,253.61,253.63,469
2026-06-04T18:50:00+00:00,253.63,253.63,253.33,253.33,372
2026-06-04T18:55:00+00:00,253.33,253.87,253.29,253.79,479
2026-06-04T19:00:00+00:00,253.79,253.89,253.3,253.35,367
2026-06-04T19:05:00+00:00,253.35,253.48,253.26,253.47,286
2026-06-04T19:10:00+00:00,253.47,253.96,253.38,253.9,442
2026-06-04T19:15:00+00:00,253.9,254.31,253.8,254.12,509
2026-06-04T19:20:00+00:00,254.12,254.22,253.86,253.9,446
2026-06-04T19:25:00+00:00,253.9,253.94,253.6,253.65,463
2026-06-04T19:30:00+00:00,253.65,253.76,253.5,253.59,384
2026-06-04T19:35:00+00:00,253.59,253.59,253,253.1,538
2026-06-04T19:40:00+00:00,253.1,253.48,253.03,253.29,476
2026-06-04T19:45:00+00:00,253.29,253.71,253.28,253.54,610
2026-06-04T19:50:00+00:00,253.54,253.68,253.13,253.34,806
2026-06-04T19:55:00+00:00,253.34,253.97,253.03,253.75,1250
2026-06-05T13:30:00+00:00,253.75,256.09,252.94,254.63,1382
2026-06-05T13:35:00+00:00,254.63,255.81,254.38,255.14,1024
2026-06-05T13:40:00+00:00,255.14,255.84,253.79,254.2,1056
2026-06-05T13:45:00+00:00,254.2,254.67,253.27,253.9,1204
2026-06-05T13:50:00+00:00,253.9,254.34,253.11,253.14,1185
2026-06-05T13:55:00+00:00,253.14,254.28,-2520.3505,-2520.3105,995.3156226085055
2026-06-05T14:00:00+00:00,252.71,253,251.92,252.18,1579
2026-06-05T14:05:00+00:00,252.18,252.49,-2521.0705,-2520.5705,863.6918542424299
2026-06-05T14:10:00+00:00,-2520.5605,-2520.1105,-2520.6605,-2520.3005,799.7374234992753
2026-06-05T14:15:00+00:00,-2520.2905,-2519.5205,-2520.4004999999997,-2519.6904999999997,802.661520138465
2026-06-05T14:20:00+00:00,-2519.6605,-2518.8605,-2519.7005,-2519.1605,785.3135756647041
2026-06-05T14:25:00+00:00,-2519.1805,-2519.0705,-2519.7305,-2519.3705,809.6455488347418
2026-06-05T14:30:00+00:00,-2519.4404999999997,-2519.1605,-2519.5605,-2519.5505,707.038521235987
2026-06-05T14:35:00+00:00,-2519.5705,252.7,-2520.4404999999997,252.58,509.6390847750779
2026-06-05T14:40:00+00:00,252.58,253.02,252.29,253.01,1017
2026-06-05T14:45:00+00:00,253.01,253.15,-2520.2605,-2519.7505,697.7235817692784
2026-06-05T14:50:00+00:00,-2519.8005,253.19,-2519.9905,252.98,424.23003488266284
2026-06-05T14:55:00+00:00,252.98,253.34,252.89,253.14,910
2026-06-05T15:00:00+00:00,253.14,253.54,-2519.5305,-2519.3905,716.8802455469457
2026-06-05T15:05:00+00:00,-2519.3705,-2519.3305,-2520.3705,-2519.9004999999997,671.3758414903605
2026-06-05T15:10:00+00:00,-2519.9004999999997,-2519.7805,-2520.3305,-2520.3105,672.3164273106106
2026-06-05T15:15:00+00:00,-2520.3405,-2520.0505,-2520.5305,-2520.1705,622.3307751909758
2026-06-05T15:20:00+00:00,-2520.1705,-2519.4205,-2520.2005,-2519.7305,687.4056123177218
2026-06-05T15:25:00+00:00,253.4,253.55,253.07,253.46,800
2026-06-05T15:30:00+00:00,253.46,253.56,253.09,253.12,917
2026-06-05T15:35:00+00:00,253.12,253.45,252.9,253.15,1041
2026-06-05T15:40:00+00:00,253.15,253.22,252.79,252.81,1142
2026-06-05T15:45:00+00:00,252.81,253.07,252.44,252.64,868
2026-06-05T15:50:00+00:00,252.64,252.83,252.28,252.63,940
2026-06-05T15:55:00+00:00,252.63,252.96,252.6,252.72,734
2026-06-05T16:00:00+00:00,252.72,252.78,252.46,252.68,782
2026-06-05T16:05:00+00:00,252.68,252.69,252.23,252.57,1060
2026-06-05T16:10:00+00:00,252.57,252.85,252.39,252.67,1120
2026-06-05T16:15:00+00:00,252.67,252.71,252.29,252.44,1083
2026-06-05T16:20:00+00:00,252.44,252.61,252.38,252.54,985
2026-06-05T16:25:00+00:00,252.54,253.03,252.47,252.88,880
2026-06-05T16:30:00+00:00,252.88,252.94,252.49,252.63,1175
2026-06-05T16:35:00+00:00,252.63,253.14,252.58,252.82,1244
2026-06-05T16:40:00+00:00,252.82,253.27,252.74,253.14,1237
2026-06-05T16:45:00+00:00,253.14,253.39,252.89,253.33,1658
2026-06-05T16:50:00+00:00,253.33,253.44,252.94,253.11,1164
2026-06-05T16:55:00+00:00,253.11,253.3,252.9,253.08,1089
2026-06-05T17:00:00+00:00,253.08,253.21,252.77,253.04,1190
2026-06-05T17:05:00+00:00,253.04,253.64,252.95,253.44,906
2026-06-05T17:10:00+00:00,253.44,253.57,253.12,253.23,1056
2026-06-05T17:15:00+00:00,253.23,253.32,252.33,252.49,1189
2026-06-05T17:20:00+00:00,252.49,253.31,252.37,253.05,907
2026-06-05T17:25:00+00:00,253.05,253.32,252.97,253.25,843
2026-06-05T17:30:00+00:00,253.25,253.71,253.03,253.42,1086
2026-06-05T17:35:00+00:00,253.42,253.7,253.39,253.6,929
2026-06-05T17:40:00+00:00,253.6,253.67,253.19,253.23,1057
2026-06-05T17:45:00+00:00,253.23,253.49,253.09,253.25,876
2026-06-05T17:50:00+00:00,253.25,253.37,252.74,253.07,783
2026-06-05T17:55:00+00:00,253.07,253.49,253.06,253.39,724
2026-06-05T18:00:00+00:00,253.39,253.62,253.09,253.18,850
2026-06-05T18:05:00+00:00,253.18,253.28,253.01,253.17,791
2026-06-05T18:10:00+00:00,253.17,253.18,251.68,251.73,1138
2026-06-05T18:15:00+00:00,251.73,251.78,247.91,248.14,1992
2026-06-05T18:20:00+00:00,248.14,248.64,247.68,248.52,1320
2026-06-05T18:25:00+00:00,248.52,249.01,248.18,248.63,1247
2026-06-05T18:30:00+00:00,248.63,248.72,247.89,248.29,998
2026-06-05T18:35:00+00:00,248.29,248.74,247.8,248.42,1203
2026-06-05T18:40:00+00:00,248.42,248.88,248,248.18,1157
2026-06-05T18:45:00+00:00,248.18,248.52,247.53,247.91,1393
2026-06-05T18:50:00+00:00,247.91,248.48,247.75,248.27,1220
2026-06-05T18:55:00+00:00,248.27,248.69,247.88,247.88,1270
2026-06-05T19:00:00+00:00,247.88,248.09,247.45,247.49,1109
2026-06-05T19:05:00+00:00,247.49,247.67,247.29,247.34,1405
2026-06-05T19:10:00+00:00,247.34,247.73,247.25,247.35,1415
2026-06-05T19:15:00+00:00,247.35,247.35,246.61,246.98,1641
2026-06-05T19:20:00+00:00,246.98,247.09,246.49,246.7,1322
2026-06-05T19:25:00+00:00,246.7,247.24,246.68,247.11,1102
2026-06-05T19:30:00+00:00,247.11,247.11,246.37,246.76,1373
2026-06-05T19:35:00+00:00,246.76,247.05,246.55,246.98,1134
2026-06-05T19:40:00+00:00,246.98,247.22,246.68,247.09,1106
2026-06-05T19:45:00+00:00,247.09,247.99,247.08,247.93,1075
2026-06-05T19:50:00+00:00,247.93,247.94,245.67,246.75,1722
2026-06-05T19:55:00+00:00,246.75,246.84,245.65,245.8,1309
2026-06-08T13:30:00+00:00,245.8,249.28,245.8,246.96,1239
2026-06-08T13:35:00+00:00,246.96,247.72,246.23,247.52,1272
2026-06-08T13:40:00+00:00,247.52,247.74,247.13,247.53,1256
2026-06-08T13:45:00+00:00,247.53,248.11,247.3,247.63,1250
2026-06-08T13:50:00+00:00,247.63,248.42,247.13,248.27,1263
2026-06-08T13:55:00+00:00,248.27,248.68,246.8,246.9,1395
2026-06-08T14:00:00+00:00,246.9,247.31,246.56,246.77,1481
2026-06-08T14:05:00+00:00,246.77,247.08,246.46,246.85,1332
2026-06-08T14:10:00+00:00,246.85,247.11,246.43,246.82,1402
2026-06-08T14:15:00+00:00,246.82,246.86,246.03,246.34,1310
2026-06-08T14:20:00+00:00,246.34,246.68,245.98,246.54,1517
2026-06-08T14:25:00+00:00,246.54,246.92,246.14,246.61,1252
2026-06-08T14:30:00+00:00,246.61,247.04,246.21,246.38,1200
2026-06-08T14:35:00+00:00,246.38,246.84,246.17,246.46,995
2026-06-08T14:40:00+00:00,246.46,246.71,246.14,246.31,1204
2026-06-08T14:45:00+00:00,246.31,247.01,246.29,246.49,926
2026-06-08T14:50:00+00:00,246.49,246.54,246.16,246.39,904
2026-06-08T14:55:00+00:00,246.39,247.1,246.33,247.09,1012
2026-06-08T15:00:00+00:00,247.09,247.18,246.76,246.93,787
2026-06-08T15:05:00+00:00,246.93,247.39,246.84,247.3,766
2026-06-08T15:10:00+00:00,247.3,247.59,247.12,247.2,848
2026-06-08T15:15:00+00:00,247.2,247.48,246.79,246.97,889
2026-06-08T15:20:00+00:00,246.97,247.21,246.61,247.17,834
2026-06-08T15:25:00+00:00,247.17,247.17,246.28,246.28,847
2026-06-08T15:30:00+00:00,246.28,246.39,245.47,245.53,1339
2026-06-08T15:35:00+00:00,245.53,246.39,245.43,246.32,1040
2026-06-08T15:40:00+00:00,246.32,246.56,246.22,246.46,961
2026-06-08T15:45:00+00:00,246.46,246.85,246.38,246.42,730
2026-06-08T15:50:00+00:00,246.42,246.54,246.18,246.18,838
2026-06-08T15:55:00+00:00,246.18,246.23,245.71,245.82,874
2026-06-08T16:00:00+00:00,245.82,246.13,245.63,246.05,768
2026-06-08T16:05:00+00:00,246.05,246.27,245.86,246.12,666
2026-06-08T16:10:00+00:00,246.12,246.51,246.01,246.42,747
2026-06-08T16:15:00+00:00,246.42,246.77,246.42,246.68,551
2026-06-08T16:20:00+00:00,246.68,246.79,246.31,246.34,792
2026-06-08T16:25:00+00:00,246.34,246.74,246.31,246.34,859
2026-06-08T16:30:00+00:00,246.34,246.47,246.04,246.05,836
2026-06-08T16:35:00+00:00,246.05,246.22,245.8,246,963
2026-06-08T16:40:00+00:00,246,246.21,245.77,245.95,832
2026-06-08T16:45:00+00:00,245.95,246.23,245.82,246.05,761
2026-06-08T16:50:00+00:00,246.05,246.14,245.63,245.68,660
2026-06-08T16:55:00+00:00,245.68,245.72,245.43,245.48,495
2026-06-08T17:00:00+00:00,245.48,245.49,244.76,245.01,1009
2026-06-08T17:05:00+00:00,245.01,245.45,244.92,245.2,871
2026-06-08T17:10:00+00:00,245.2,245.31,244.98,245.21,822
2026-06-08T17:15:00+00:00,245.21,245.39,245.08,245.29,876
2026-06-08T17:20:00+00:00,245.29,245.39,245,245.13,785
2026-06-08T17:25:00+00:00,245.13,245.73,245,245.67,872
2026-06-08T17:30:00+00:00,245.67,245.75,245.06,245.23,777
2026-06-08T17:35:00+00:00,245.23,245.34,244.79,244.84,971
2026-06-08T17:40:00+00:00,244.84,244.99,244.58,244.66,827
2026-06-08T17:45:00+00:00,244.66,244.92,244.63,244.72,869
2026-06-08T17:50:00+00:00,244.72,244.85,244.63,244.78,816
2026-06-08T17:55:00+00:00,244.78,244.82,244.48,244.55,524
2026-06-08T18:00:00+00:00,244.55,244.71,244.38,244.42,693
2026-06-08T18:05:00+00:00,244.42,244.5,244.05,244.11,791
2026-06-08T18:10:00+00:00,244.11,244.28,243.75,243.84,712
2026-06-08T18:15:00+00:00,243.84,243.85,243.23,243.56,824
2026-06-08T18:20:00+00:00,243.56,244.35,243.48,244.13,767
2026-06-08T18:25:00+00:00,244.13,244.27,244.08,244.14,455
2026-06-08T18:30:00+00:00,244.14,244.36,244.06,244.08,625
2026-06-08T18:35:00+00:00,244.08,244.16,243.63,243.66,608
2026-06-08T18:40:00+00:00,243.66,244.07,243.53,244.05,800
2026-06-08T18:45:00+00:00,244.05,244.6,243.98,244.29,775
2026-06-08T18:50:00+00:00,244.29,244.49,244.22,244.37,761
2026-06-08T18:55:00+00:00,244.37,244.51,244.29,244.38,654
2026-06-08T19:00:00+00:00,244.38,244.65,244.23,244.49,574
2026-06-08T19:05:00+00:00,244.49,244.72,244.46,244.47,564
2026-06-08T19:10:00+00:00,244.47,244.47,244.04,244.14,936
2026-06-08T19:15:00+00:00,244.14,244.45,244.04,244.4,938
2026-06-08T19:20:00+00:00,244.4,244.56,244.21,244.29,589
2026-06-08T19:25:00+00:00,244.29,244.62,244.16,244.56,660
2026-06-08T19:30:00+00:00,244.56,244.89,244.55,244.64,663
2026-06-08T19:35:00+00:00,244.64,244.82,244.58,244.63,803
2026-06-08T19:40:00+00:00,244.63,244.94,244.48,244.94,588
2026-06-08T19:45:00+00:00,244.94,245.31,244.88,245.06,629
2026-06-08T19:50:00+00:00,245.06,245.47,244.87,245.31,909
2026-06-08T19:55:00+00:00,245.31,245.32,244.73,245.09,1093
2026-06-09T13:30:00+00:00,245.09,248.96,245.09,248.53,1064
2026-06-09T13:35:00+00:00,248.53,250.29,248.53,249.91,1058
2026-06-09T13:40:00+00:00,249.91,249.92,248.27,248.74,1152
2026-06-09T13:45:00+00:00,248.74,248.92,248.21,248.3,852
2026-06-09T13:50:00+00:00,248.3,248.79,247.72,248.28,1040
2026-06-09T13:55:00+00:00,248.28,248.98,248.21,248.64,1008
2026-06-09T14:00:00+00:00,248.64,248.89,248.06,248.28,1162
2026-06-09T14:05:00+00:00,248.28,248.81,248.13,248.62,1230
2026-06-09T14:10:00+00:00,248.62,248.62,247.41,247.46,1379
2026-06-09T14:15:00+00:00,247.46,247.95,246.89,247.23,1871
2026-06-09T14:20:00+00:00,247.23,247.95,246.77,247.76,1867
2026-06-09T14:25:00+00:00,247.76,247.78,246.91,247.09,1298
2026-06-09T14:30:00+00:00,247.09,247.3,246.74,246.82,1250
2026-06-09T14:35:00+00:00,246.82,247.07,246.41,246.74,1129
2026-06-09T14:40:00+00:00,246.74,246.96,246,246.08,915
2026-06-09T14:45:00+00:00,246.08,246.31,244.53,244.66,1836
2026-06-09T14:50:00+00:00,244.66,244.96,244.41,244.75,1725
2026-06-09T14:55:00+00:00,244.75,245.16,244.28,245.14,1447
2026-06-09T15:00:00+00:00,245.14,245.28,244.78,244.92,1591
2026-06-09T15:05:00+00:00,244.92,245.3,244.7,245.19,1511
2026-06-09T15:10:00+00:00,245.19,245.37,244.59,244.83,1188
2026-06-09T15:15:00+00:00,244.83,244.91,244.38,244.44,1309
2026-06-09T15:20:00+00:00,244.44,244.53,243.48,243.49,1356
2026-06-09T15:25:00+00:00,243.49,243.5,242.27,242.56,1224
2026-06-09T15:30:00+00:00,242.56,242.95,242.38,242.56,1275
2026-06-09T15:35:00+00:00,242.56,242.62,242.06,242.5,1171
2026-06-09T15:40:00+00:00,242.5,242.7,242.08,242.32,940
2026-06-09T15:45:00+00:00,242.32,242.67,242.14,242.56,947
2026-06-09T15:50:00+00:00,242.56,243,242.19,242.74,1347
2026-06-09T15:55:00+00:00,242.74,242.99,242.22,242.42,1745
2026-06-09T16:00:00+00:00,242.42,243.34,242.42,243.07,1651
2026-06-09T16:05:00+00:00,243.07,243.33,242.74,243.14,1657
2026-06-09T16:10:00+00:00,243.14,243.75,242.89,243.51,1595
2026-06-09T16:15:00+00:00,243.51,243.58,242.43,242.53,1890
2026-06-09T16:20:00+00:00,242.53,243.12,242.19,243.05,1929
2026-06-09T16:25:00+00:00,243.05,243.35,242.81,243.16,1463
2026-06-09T16:30:00+00:00,243.16,243.87,242.88,243.33,1864
2026-06-09T16:35:00+00:00,243.33,243.64,241.4,241.53,1779
2026-06-09T16:40:00+00:00,241.53,241.8,241.15,241.73,1287
2026-06-09T16:45:00+00:00,241.73,242.1,241.24,241.59,1195
2026-06-09T16:50:00+00:00,241.59,242.03,240.76,240.76,1026
2026-06-09T16:55:00+00:00,240.76,241.36,240.28,241.36,1317
2026-06-09T17:00:00+00:00,241.36,241.98,241.12,241.98,1292
2026-06-09T17:05:00+00:00,241.98,242.23,241.64,241.78,1181
2026-06-09T17:10:00+00:00,241.78,242.16,241.49,241.9,1249
2026-06-09T17:15:00+00:00,241.9,242.8,241.63,242.57,1130
2026-06-09T17:20:00+00:00,242.57,243.21,242.48,242.93,1197
2026-06-09T17:25:00+00:00,242.93,243.41,242.86,243.34,1439
2026-06-09T17:30:00+00:00,243.34,244,243.08,243.89,1419
2026-06-09T17:35:00+00:00,243.89,244.6,243.58,243.99,1393
2026-06-09T17:40:00+00:00,243.99,244.8,243.89,244.33,1255
2026-06-09T17:45:00+00:00,244.33,244.36,243.99,244.03,1603
2026-06-09T17:50:00+00:00,244.03,244.89,244.03,244.66,1297
2026-06-09T17:55:00+00:00,244.66,244.97,244.58,244.6,947
2026-06-09T18:00:00+00:00,244.6,245.05,244.53,244.99,1140
2026-06-09T18:05:00+00:00,244.99,245.32,244.9,245.25,1139
2026-06-09T18:10:00+00:00,245.25,245.27,244.68,244.86,1270
2026-06-09T18:15:00+00:00,244.86,245.25,244.49,245.16,1098
2026-06-09T18:20:00+00:00,245.16,245.36,244.73,245.27,1046
2026-06-09T18:25:00+00:00,245.27,245.35,244.89,245.17,1004
2026-06-09T18:30:00+00:00,245.17,245.56,244.95,245.35,1094
2026-06-09T18:35:00+00:00,245.35,245.52,245.12,245.46,960
2026-06-09T18:40:00+00:00,245.46,245.56,244.79,244.86,1055
2026-06-09T18:45:00+00:00,244.86,245.25,244.8,245.15,934
2026-06-09T18:50:00+00:00,245.15,245.23,244.91,245.05,829
2026-06-09T18:55:00+00:00,245.05,245.49,245.05,245.27,879
2026-06-09T19:00:00+00:00,245.27,245.47,244.98,245.47,770
2026-06-09T19:05:00+00:00,245.47,245.65,244.99,245.42,800
2026-06-09T19:10:00+00:00,245.42,245.43,244.89,244.97,742
2026-06-09T19:15:00+00:00,244.97,245,244.39,244.56,1291
2026-06-09T19:20:00+00:00,244.56,244.66,244.12,244.3,1048
2026-06-09T19:25:00+00:00,244.3,244.44,243.79,244.11,1013
2026-06-09T19:30:00+00:00,244.11,244.19,243.78,243.89,920
2026-06-09T19:35:00+00:00,243.89,243.97,243.54,243.59,856
2026-06-09T19:40:00+00:00,243.59,243.6,243.09,243.44,1128
2026-06-09T19:45:00+00:00,243.44,243.47,242.94,242.96,1006
2026-06-09T19:50:00+00:00,242.96,244.46,242.96,244.25,1459
2026-06-09T19:55:00+00:00,244.25,244.48,243.91,244.05,1318
2026-06-10T13:30:00+00:00,244.05,244.05,241.53,241.73,1098
2026-06-10T13:35:00+00:00,241.73,242.79,241.61,242.41,1881
2026-06-10T13:40:00+00:00,242.41,242.67,241.9,242.25,1828
2026-06-10T13:45:00+00:00,242.25,242.28,241.09,241.29,1721
2026-06-10T13:50:00+00:00,241.29,241.34,240.1,240.51,1743
2026-06-10T13:55:00+00:00,240.51,241.6,240.22,240.46,1800
2026-06-10T14:00:00+00:00,240.46,241.65,240.27,241.11,1855
2026-06-10T14:05:00+00:00,241.11,241.27,240.63,240.85,1622
2026-06-10T14:10:00+00:00,240.85,241.86,240.84,241.5,1487
2026-06-10T14:15:00+00:00,241.5,242.29,241.31,241.73,1564
2026-06-10T14:20:00+00:00,241.73,241.88,241.28,241.83,1314
2026-06-10T14:25:00+00:00,241.83,241.94,240.6,240.8,1450
2026-06-10T14:30:00+00:00,240.8,241.08,240.29,241.01,1512
2026-06-10T14:35:00+00:00,241.01,241.11,240.51,240.73,1751
2026-06-10T14:40:00+00:00,240.73,241.26,240.48,240.48,1495
2026-06-10T14:45:00+00:00,240.48,241.05,240.28,240.52,1627
2026-06-10T14:50:00+00:00,240.52,240.89,240.43,240.77,1491
2026-06-10T14:55:00+00:00,240.77,240.77,-2533.2905,-2533.1005,2040.9264340152426
2026-06-10T15:00:00+00:00,239.94,240.66,239.65,240.28,1905
2026-06-10T15:05:00+00:00,240.28,240.31,239.48,239.49,1352
2026-06-10T15:10:00+00:00,239.49,239.56,238.99,239.13,1652
2026-06-10T15:15:00+00:00,239.13,239.43,238.7,238.88,1332
2026-06-10T15:20:00+00:00,238.88,239.73,238.83,239.54,1621
2026-06-10T15:25:00+00:00,239.54,239.71,239.28,239.32,1593
2026-06-10T15:30:00+00:00,239.32,239.63,238.84,239.06,1617
2026-06-10T15:35:00+00:00,239.06,239.38,238.79,238.96,1628
2026-06-10T15:40:00+00:00,238.96,239.84,238.88,239.75,1526
2026-06-10T15:45:00+00:00,239.75,240.21,238.87,239.3,2226
2026-06-10T15:50:00+00:00,239.3,239.77,238.68,239.39,1811
2026-06-10T15:55:00+00:00,239.39,239.94,239.16,239.93,1661
2026-06-10T16:00:00+00:00,239.93,240.13,239.47,239.56,1614
2026-06-10T16:05:00+00:00,239.56,239.67,239.13,239.25,1499
2026-06-10T16:10:00+00:00,239.25,239.32,238.89,239.14,1536
2026-06-10T16:15:00+00:00,239.14,239.51,238.98,239.2,1446
2026-06-10T16:20:00+00:00,239.2,239.48,239.02,239.02,1300
2026-06-10T16:25:00+00:00,239.02,239.39,238.98,239.05,1186
2026-06-10T16:30:00+00:00,239.05,239.34,238.89,239.32,1567
2026-06-10T16:35:00+00:00,239.32,239.57,239.07,239.21,1572
2026-06-10T16:40:00+00:00,239.21,239.4,238.8,238.82,1335
2026-06-10T16:45:00+00:00,238.82,238.82,238.45,238.67,1399
2026-06-10T16:50:00+00:00,238.67,239.13,238.55,238.89,1369
2026-06-10T16:55:00+00:00,238.89,239.12,238.73,239.05,1221
2026-06-10T17:00:00+00:00,239.05,239.3,238.85,239.08,1367
2026-06-10T17:05:00+00:00,239.08,239.11,238.73,238.73,1265
2026-06-10T17:10:00+00:00,238.73,238.76,238.28,238.43,1407
2026-06-10T17:15:00+00:00,238.43,238.65,238.31,238.45,1371
2026-06-10T17:20:00+00:00,238.45,238.6,238.38,238.47,1491
2026-06-10T17:25:00+00:00,238.47,238.66,238.28,238.42,1264
2026-06-10T17:30:00+00:00,238.42,238.42,237.98,238.17,1384
2026-06-10T17:35:00+00:00,238.17,238.2,237.75,237.86,1068
2026-06-10T17:40:00+00:00,237.86,238.18,237.81,238,1018
2026-06-10T17:45:00+00:00,238,238.93,237.9,238.91,1686
2026-06-10T17:50:00+00:00,238.91,239.02,238.18,238.65,1304
2026-06-10T17:55:00+00:00,238.65,238.98,238.59,238.7,1460
2026-06-10T18:00:00+00:00,238.7,239.15,238.63,239.08,1331
2026-06-10T18:05:00+00:00,239.08,239.15,238.55,238.72,1265
2026-06-10T18:10:00+00:00,238.72,239.09,238.72,238.9,1162
2026-06-10T18:15:00+00:00,238.9,239.27,238.87,238.96,1284
2026-06-10T18:20:00+00:00,238.96,239.24,238.95,239.18,1217
2026-06-10T18:25:00+00:00,239.18,239.24,238.92,238.97,1162
2026-06-10T18:30:00+00:00,238.97,239,238.63,238.68,1042
2026-06-10T18:35:00+00:00,238.68,238.82,238.41,238.49,1312
2026-06-10T18:40:00+00:00,238.49,238.66,238.39,238.54,1307
2026-06-10T18:45:00+00:00,238.54,238.71,238.39,238.44,1128
2026-06-10T18:50:00+00:00,238.44,238.47,238.08,238.4,1570
2026-06-10T18:55:00+00:00,238.4,238.4,238,238.14,1216
2026-06-10T19:00:00+00:00,238.14,238.4,237.92,238.05,1187
2026-06-10T19:05:00+00:00,238.05,238.31,237.91,238.11,991
2026-06-10T19:10:00+00:00,238.11,238.19,237.91,238.03,1031
2026-06-10T19:15:00+00:00,238.03,238.3,237.93,238,1102
2026-06-10T19:20:00+00:00,238,238.04,237.8,237.89,1118
2026-06-10T19:25:00+00:00,237.89,238.02,237.43,237.45,1438
2026-06-10T19:30:00+00:00,237.45,238.03,237.33,237.95,1416
2026-06-10T19:35:00+00:00,237.95,238.41,237.88,238.32,1212
2026-06-10T19:40:00+00:00,238.32,238.43,238.06,238.31,1327
2026-06-10T19:45:00+00:00,238.31,238.31,237.5,237.75,1252
2026-06-10T19:50:00+00:00,237.75,238.12,237.32,238,1589
2026-06-10T19:55:00+00:00,238,238.33,237.73,237.91,1516
2026-06-11T13:30:00+00:00,237.91,238.13,236.27,236.99,1526
2026-06-11T13:35:00+00:00,236.99,238.2,236.24,236.35,1527
2026-06-11T13:40:00+00:00,236.35,236.57,235.39,236.08,1870
2026-06-11T13:45:00+00:00,236.08,237.12,235.88,236.72,1955
2026-06-11T13:50:00+00:00,236.72,238.18,236.68,237.46,1699
2026-06-11T13:55:00+00:00,237.46,237.9,237.01,237.17,1600
2026-06-11T14:00:00+00:00,237.17,238.63,237.01,237.96,1577
2026-06-11T14:05:00+00:00,237.96,238.09,237.47,237.67,1538
2026-06-11T14:10:00+00:00,237.67,237.72,237.09,237.41,2142
2026-06-11T14:15:00+00:00,237.41,237.65,236.89,236.94,2169
2026-06-11T14:20:00+00:00,236.94,238.02,236.77,237.56,2298
2026-06-11T14:25:00+00:00,237.56,237.72,236.8,237.08,1932
2026-06-11T14:30:00+00:00,237.08,237.31,236.08,236.29,1932
2026-06-11T14:35:00+00:00,236.29,237.52,236.19,237.1,1927
2026-06-11T14:40:00+00:00,237.1,237.29,236.83,236.85,1855
2026-06-11T14:45:00+00:00,236.85,237.19,236.54,236.56,2073
2026-06-11T14:50:00+00:00,236.56,236.7,236.01,236.25,1853
2026-06-11T14:55:00+00:00,236.25,236.35,235.44,235.72,1963
2026-06-11T15:00:00+00:00,235.72,235.72,235.06,235.5,2048
2026-06-11T15:05:00+00:00,235.5,236.16,235.05,235.96,1981
2026-06-11T15:10:00+00:00,235.96,236.73,235.93,236.53,1529
2026-06-11T15:15:00+00:00,236.53,236.93,236.17,236.48,1467
2026-06-11T15:20:00+00:00,236.48,237.03,236.32,237.01,1688
2026-06-11T15:25:00+00:00,237.01,237.09,236.51,236.6,1688
2026-06-11T15:30:00+00:00,236.6,237.12,236.58,236.77,1752
2026-06-11T15:35:00+00:00,236.77,237.21,236.69,236.83,2019
2026-06-11T15:40:00+00:00,236.83,237.32,236.49,236.75,1827
2026-06-11T15:45:00+00:00,236.75,236.9,236.4,236.6,1619
2026-06-11T15:50:00+00:00,236.6,236.85,236.48,236.67,1457
2026-06-11T15:55:00+00:00,236.67,237.06,236.4,236.97,1631
2026-06-11T16:00:00+00:00,236.97,237.29,236.75,236.91,1496
2026-06-11T16:05:00+00:00,236.91,237.55,236.79,237.14,1268
2026-06-11T16:10:00+00:00,237.14,237.68,237.06,237.38,1600
2026-06-11T16:15:00+00:00,237.38,237.7,237.37,237.57,1485
2026-06-11T16:20:00+00:00,237.57,237.82,237.1,237.12,1608
2026-06-11T16:25:00+00:00,237.12,237.15,236.63,236.63,1564
2026-06-11T16:30:00+00:00,236.63,237.34,236.28,237.28,1682
2026-06-11T16:35:00+00:00,237.28,237.54,236.77,236.89,1430
2026-06-11T16:40:00+00:00,236.89,237.02,236.78,236.95,1197
2026-06-11T16:45:00+00:00,236.95,237.05,236.55,236.71,1284
2026-06-11T16:50:00+00:00,236.71,236.81,236.26,236.29,1197
2026-06-11T16:55:00+00:00,236.29,236.42,236.14,236.31,1170
2026-06-11T17:00:00+00:00,236.31,236.51,235.6,235.7,1724
2026-06-11T17:05:00+00:00,235.7,236.13,235.68,236.04,1742
2026-06-11T17:10:00+00:00,236.04,236.42,235.9,236.08,1290
2026-06-11T17:15:00+00:00,236.08,236.21,235.67,235.79,1391
2026-06-11T17:20:00+00:00,235.79,235.93,235.58,235.79,1328
2026-06-11T17:25:00+00:00,235.79,238.26,235.74,237.84,1724
2026-06-11T17:30:00+00:00,237.84,239.45,237.84,238.89,2899
2026-06-11T17:35:00+00:00,238.89,239.18,238.6,238.96,2093
2026-06-11T17:40:00+00:00,238.96,239.9,238.83,239.74,1848
2026-06-11T17:45:00+00:00,239.74,239.83,238.76,238.98,1853
2026-06-11T17:50:00+00:00,238.98,238.98,238.2,238.55,1671
2026-06-11T17:55:00+00:00,238.55,238.85,238.25,238.54,1868
2026-06-11T18:00:00+00:00,238.54,238.81,237.79,238,2517
2026-06-11T18:05:00+00:00,238,238.5,237.88,238.27,2038
2026-06-11T18:10:00+00:00,238.27,239.05,238.23,238.99,1634
2026-06-11T18:15:00+00:00,238.99,239.58,238.83,239.37,1691
2026-06-11T18:20:00+00:00,239.37,239.4,238.74,238.89,2141
2026-06-11T18:25:00+00:00,238.89,239.08,238.62,238.69,1430
2026-06-11T18:30:00+00:00,238.69,239.31,238.65,239.01,1353
2026-06-11T18:35:00+00:00,239.01,239.13,238.82,239.01,1472
2026-06-11T18:40:00+00:00,239.01,239.24,238.79,239.24,1329
2026-06-11T18:45:00+00:00,239.24,239.72,239.11,239.6,1064
2026-06-11T18:50:00+00:00,239.6,239.84,239.52,239.75,1200
2026-06-11T18:55:00+00:00,239.75,239.87,239.5,239.67,1163
2026-06-11T19:00:00+00:00,239.67,240.27,239.64,240.25,1215
2026-06-11T19:05:00+00:00,240.25,240.36,239.77,239.8,1469
2026-06-11T19:10:00+00:00,239.8,240.46,239.77,240.22,1590
2026-06-11T19:15:00+00:00,240.22,240.36,240.13,240.31,1159
2026-06-11T19:20:00+00:00,240.31,240.41,240,240.1,1127
2026-06-11T19:25:00+00:00,240.1,240.75,240.05,240.65,940
2026-06-11T19:30:00+00:00,240.65,241.88,240.65,241.77,2050
2026-06-11T19:35:00+00:00,241.77,242,241.54,241.56,1320
2026-06-11T19:40:00+00:00,241.56,241.69,241.26,241.38,1306
2026-06-11T19:45:00+00:00,241.38,241.38,240.83,240.83,1583
2026-06-11T19:50:00+00:00,240.83,241.65,240.71,241.42,1444
2026-06-11T19:55:00+00:00,241.42,241.55,240.97,241.09,1754
2026-06-12T13:30:00+00:00,241.09,243.05,237.08,237.33,1233
2026-06-12T13:35:00+00:00,237.33,238.22,236.96,237.3,1065
2026-06-12T13:40:00+00:00,237.3,237.68,235.33,235.35,1480
2026-06-12T13:45:00+00:00,235.35,235.64,234.39,235.17,1379
2026-06-12T13:50:00+00:00,235.17,235.23,233.51,233.94,1555
2026-06-12T13:55:00+00:00,233.94,234.73,233.75,234.05,1297
2026-06-12T14:00:00+00:00,234.05,235.92,233.98,235.82,1117
2026-06-12T14:05:00+00:00,235.82,236.67,235.42,236.52,1086
2026-06-12T14:10:00+00:00,236.52,236.81,235.92,236.08,1035
2026-06-12T14:15:00+00:00,236.08,237.35,236.05,236.87,1015
2026-06-12T14:20:00+00:00,236.87,237.05,236.27,236.56,1166
2026-06-12T14:25:00+00:00,236.56,237.17,236.4,236.4,1034
2026-06-12T14:30:00+00:00,236.4,236.69,236.13,236.3,993
2026-06-12T14:35:00+00:00,236.3,236.53,235.91,236.1,1067
2026-06-12T14:40:00+00:00,236.1,236.21,234.91,234.96,1267
2026-06-12T14:45:00+00:00,234.96,235.31,234.78,235.17,1132
2026-06-12T14:50:00+00:00,235.17,236.74,235.15,236.48,1261
2026-06-12T14:55:00+00:00,236.48,236.84,-2536.4905,-2535.9205,1041.8007189746795
2026-06-12T15:00:00+00:00,237.09,237.73,236.66,236.88,1071
2026-06-12T15:05:00+00:00,236.88,237.12,236.65,236.88,848
2026-06-12T15:10:00+00:00,236.88,237.86,236.78,237.79,962
2026-06-12T15:15:00+00:00,237.79,237.91,237.5,237.86,779
2026-06-12T15:20:00+00:00,237.86,238.37,237.71,238.2,854
2026-06-12T15:25:00+00:00,238.2,238.31,237.5,237.7,1062
2026-06-12T15:30:00+00:00,237.7,237.7,236.88,236.89,1054
2026-06-12T15:35:00+00:00,236.89,237.48,236.6,236.72,1405
2026-06-12T15:40:00+00:00,236.72,236.77,235.96,236.02,1415
2026-06-12T15:45:00+00:00,236.02,236.36,235.61,235.68,1356
2026-06-12T15:50:00+00:00,235.68,236.44,235.44,236.15,1365
2026-06-12T15:55:00+00:00,236.15,236.44,235.61,235.84,1167
2026-06-12T16:00:00+00:00,235.84,236.29,235.58,235.9,1378
2026-06-12T16:05:00+00:00,235.9,236.3,235.58,236.02,970
2026-06-12T16:10:00+00:00,236.02,236.88,235.72,236.31,1294
2026-06-12T16:15:00+00:00,236.31,236.84,236.08,236.24,988
2026-06-12T16:20:00+00:00,236.24,236.55,235.98,236.38,1052
2026-06-12T16:25:00+00:00,236.38,236.63,236.16,236.36,742
2026-06-12T16:30:00+00:00,236.36,236.39,235.98,236.2,957
2026-06-12T16:35:00+00:00,236.2,236.28,235.98,236.1,867
2026-06-12T16:40:00+00:00,236.1,236.38,235.78,235.82,933
2026-06-12T16:45:00+00:00,235.82,236.12,235.78,236.12,1009
2026-06-12T16:50:00+00:00,236.12,236.43,236,236.26,774
2026-06-12T16:55:00+00:00,236.26,236.82,236.19,236.72,880
2026-06-12T17:00:00+00:00,236.72,237.03,236.68,236.93,810
2026-06-12T17:05:00+00:00,236.93,237.39,236.91,237.15,955
2026-06-12T17:10:00+00:00,237.15,237.35,236.74,237.05,825
2026-06-12T17:15:00+00:00,237.05,237.25,236.89,237.18,622
2026-06-12T17:20:00+00:00,237.18,237.37,236.91,236.97,678
2026-06-12T17:25:00+00:00,236.97,237.1,236.77,236.87,608
2026-06-12T17:30:00+00:00,236.87,236.94,236.57,236.62,681
2026-06-12T17:35:00+00:00,236.62,236.71,236.44,236.57,743
2026-06-12T17:40:00+00:00,236.57,236.69,236.46,236.51,641
2026-06-12T17:45:00+00:00,236.51,236.72,236.44,236.58,615
2026-06-12T17:50:00+00:00,236.58,236.82,236.5,236.6,484
2026-06-12T17:55:00+00:00,236.6,236.64,236.25,236.33,572
2026-06-12T18:00:00+00:00,236.33,236.47,236.09,236.13,696
2026-06-12T18:05:00+00:00,236.13,236.37,235.99,236.33,628
2026-06-12T18:10:00+00:00,236.33,236.68,236.25,236.38,679
2026-06-12T18:15:00+00:00,236.38,236.42,236,236,677
2026-06-12T18:20:00+00:00,236,236.13,235.89,236.11,562
2026-06-12T18:25:00+00:00,236.11,236.42,236.03,236.28,721
2026-06-12T18:30:00+00:00,236.28,236.58,236.25,236.47,573
2026-06-12T18:35:00+00:00,236.47,236.65,236.35,236.5,430
2026-06-12T18:40:00+00:00,236.5,237.14,236.48,237.11,609
2026-06-12T18:45:00+00:00,237.11,237.2,236.99,237.09,601
2026-06-12T18:50:00+00:00,237.09,237.65,237.01,237.62,671
2026-06-12T18:55:00+00:00,237.62,237.89,237.55,237.7,712
2026-06-12T19:00:00+00:00,237.7,237.87,237.41,237.74,702
2026-06-12T19:05:00+00:00,237.74,238.02,237.69,237.88,670
2026-06-12T19:10:00+00:00,237.88,237.9,237.64,237.8,603
2026-06-12T19:15:00+00:00,237.8,237.81,237.28,237.76,721
2026-06-12T19:20:00+00:00,237.76,237.81,237.48,237.6,555
2026-06-12T19:25:00+00:00,237.6,237.86,237.4,237.7,668
2026-06-12T19:30:00+00:00,237.7,237.77,237.19,237.3,686
2026-06-12T19:35:00+00:00,237.3,237.7,237.18,237.47,732
2026-06-12T19:40:00+00:00,237.47,237.59,237.3,237.52,701
2026-06-12T19:45:00+00:00,237.52,238.06,237.48,237.9,651
2026-06-12T19:50:00+00:00,237.9,238.42,237.89,237.98,698
2026-06-12T19:55:00+00:00,237.98,238.52,237.95,238.4,898
2026-06-15T13:30:00+00:00,238.4,246.7,238.4,246.58,1909
2026-06-15T13:35:00+00:00,246.58,247.25,245.34,246.32,2064
2026-06-15T13:40:00+00:00,246.32,246.94,245.88,246.43,2098
2026-06-15T13:45:00+00:00,246.43,247.49,246.14,247.06,2009
2026-06-15T13:50:00+00:00,247.06,247.26,246.54,246.69,1754
2026-06-15T13:55:00+00:00,246.69,247.62,246.67,247.08,1811
2026-06-15T14:00:00+00:00,247.08,247.1,245.78,245.85,1858
2026-06-15T14:05:00+00:00,245.85,246.75,245.69,245.93,1736
2026-06-15T14:10:00+00:00,245.93,246.54,245.43,245.94,1915
2026-06-15T14:15:00+00:00,245.94,246.4,245.87,246.35,1816
2026-06-15T14:20:00+00:00,246.35,246.47,245.85,246.15,1793
2026-06-15T14:25:00+00:00,246.15,246.54,245.9,245.99,1756
2026-06-15T14:30:00+00:00,245.99,246.09,245.48,245.77,1508
2026-06-15T14:35:00+00:00,245.77,246.09,245.52,245.97,1309
2026-06-15T14:40:00+00:00,245.97,246.42,245.88,246.02,1512
2026-06-15T14:45:00+00:00,246.02,246.26,245.84,245.96,1276
2026-06-15T14:50:00+00:00,245.96,246.23,245.68,245.77,1239
2026-06-15T14:55:00+00:00,245.77,246.42,245.75,246.32,1639
2026-06-15T15:00:00+00:00,246.32,246.47,245.82,246.02,1850
2026-06-15T15:05:00+00:00,246.02,246.29,245.89,246.08,1466
2026-06-15T15:10:00+00:00,246.08,246.22,245.91,245.94,1388
2026-06-15T15:15:00+00:00,245.94,246.26,245.93,246.13,1019
2026-06-15T15:20:00+00:00,246.13,246.4,245.91,246.06,1202
2026-06-15T15:25:00+00:00,246.06,246.09,245.58,245.94,1260
2026-06-15T15:30:00+00:00,245.94,246.12,245.48,245.64,1672
2026-06-15T15:35:00+00:00,245.64,245.79,245.5,245.73,1457
2026-06-15T15:40:00+00:00,245.73,246.17,245.62,246.08,1345
2026-06-15T15:45:00+00:00,246.08,246.48,246.03,246.43,1484
2026-06-15T15:50:00+00:00,246.43,246.5,246.09,246.18,1119
2026-06-15T15:55:00+00:00,246.18,246.47,246.07,246.33,1199
2026-06-15T16:00:00+00:00,246.33,246.89,246.28,246.4,1254
2026-06-15T16:05:00+00:00,246.4,246.53,246.08,246.09,941
2026-06-15T16:10:00+00:00,246.09,246.27,245.77,245.81,935
2026-06-15T16:15:00+00:00,245.81,246.03,245.5,245.66,1003
2026-06-15T16:20:00+00:00,245.66,246.7,245.62,246.63,1147
2026-06-15T16:25:00+00:00,246.63,246.73,246.5,246.56,927
2026-06-15T16:30:00+00:00,246.56,246.65,246.19,246.3,1048
2026-06-15T16:35:00+00:00,246.3,246.32,245.78,245.83,1117
2026-06-15T16:40:00+00:00,245.83,246,245.73,245.79,871
2026-06-15T16:45:00+00:00,245.79,245.96,245.73,245.85,858
2026-06-15T16:50:00+00:00,245.85,246.08,245.79,245.79,838
2026-06-15T16:55:00+00:00,245.79,246.28,245.68,246.05,791
2026-06-15T17:00:00+00:00,246.05,246.24,245.83,246.2,1190
2026-06-15T17:05:00+00:00,246.2,246.26,245.92,245.92,1058
2026-06-15T17:10:00+00:00,245.92,246.47,245.88,246.28,955
2026-06-15T17:15:00+00:00,246.28,246.79,246.26,246.56,826
2026-06-15T17:20:00+00:00,246.56,246.72,246.41,246.72,776
2026-06-15T17:25:00+00:00,246.72,246.85,246.62,246.62,546
2026-06-15T17:30:00+00:00,246.62,246.73,246.39,246.54,691
2026-06-15T17:35:00+00:00,246.54,246.84,246.49,246.54,1011
2026-06-15T17:40:00+00:00,246.54,246.59,246.31,246.42,830
2026-06-15T17:45:00+00:00,246.42,246.56,246.32,246.41,809
2026-06-15T17:50:00+00:00,246.41,246.44,246.22,246.24,873
2026-06-15T17:55:00+00:00,246.24,246.27,245.99,246.22,1088
2026-06-15T18:00:00+00:00,246.22,246.34,245.98,246.04,1166
2026-06-15T18:05:00+00:00,246.04,246.15,245.75,245.96,1024
2026-06-15T18:10:00+00:00,245.96,246.22,245.96,246.21,926
2026-06-15T18:15:00+00:00,246.21,246.35,246.15,246.19,761
2026-06-15T18:20:00+00:00,246.19,246.29,245.96,246.04,876
2026-06-15T18:25:00+00:00,246.04,246.1,245.96,246,639
2026-06-15T18:30:00+00:00,246,246.14,245.86,246.05,1104
2026-06-15T18:35:00+00:00,246.05,246.39,245.98,246.16,643
2026-06-15T18:40:00+00:00,246.16,246.29,246.1,246.21,779
2026-06-15T18:45:00+00:00,246.21,246.33,246.01,246.1,541
2026-06-15T18:50:00+00:00,246.1,246.5,246.07,246.44,772
2026-06-15T18:55:00+00:00,246.44,246.68,246.4,246.66,728
2026-06-15T19:00:00+00:00,246.66,246.69,246.37,246.66,1263
2026-06-15T19:05:00+00:00,246.66,246.76,246.38,246.44,908
2026-06-15T19:10:00+00:00,246.44,246.58,246.31,246.42,989
2026-06-15T19:15:00+00:00,246.42,246.54,245.85,245.9,962
2026-06-15T19:20:00+00:00,245.9,245.9,245.53,245.64,1026
2026-06-15T19:25:00+00:00,245.64,245.86,245.63,245.69,826
2026-06-15T19:30:00+00:00,245.69,245.73,245.43,245.52,986
2026-06-15T19:35:00+00:00,245.52,245.58,245.33,245.46,972
2026-06-15T19:40:00+00:00,245.46,246.01,245.43,245.94,1182
2026-06-15T19:45:00+00:00,245.94,246.37,245.88,246.12,971
2026-06-15T19:50:00+00:00,246.12,246.12,245.57,245.88,1350
2026-06-15T19:55:00+00:00,245.88,246.07,245.58,246.03,1349
2026-06-16T13:30:00+00:00,246.03,248.27,246.03,247.78,1528
2026-06-16T13:35:00+00:00,247.78,247.8,246.38,246.61,1851
2026-06-16T13:40:00+00:00,246.61,247.32,246.59,247.13,1881
2026-06-16T13:45:00+00:00,247.13,247.44,246.75,246.92,1870
2026-06-16T13:50:00+00:00,246.92,247.22,246.33,246.57,1677
2026-06-16T13:55:00+00:00,246.57,247.38,246.29,246.29,1762
2026-06-16T14:00:00+00:00,246.29,246.8,245.94,246.11,1837
2026-06-16T14:05:00+00:00,246.11,247.19,245.33,247.05,1804
2026-06-16T14:10:00+00:00,247.05,247.17,246.76,246.86,1402
2026-06-16T14:15:00+00:00,246.86,246.99,246.38,246.79,1583
2026-06-16T14:20:00+00:00,246.79,247,246.62,246.84,2358
2026-06-16T14:25:00+00:00,246.84,246.88,246.47,246.65,2135
2026-06-16T14:30:00+00:00,246.65,247.01,246.23,246.33,2399
2026-06-16T14:35:00+00:00,246.33,246.54,246.11,246.31,1861
2026-06-16T14:40:00+00:00,246.31,246.81,246.17,246.38,1575
2026-06-16T14:45:00+00:00,246.38,246.98,246.33,246.76,1751
2026-06-16T14:50:00+00:00,246.76,247.37,246.76,247.17,1777
2026-06-16T14:55:00+00:00,247.17,248.68,247.14,248.25,2051
2026-06-16T15:00:00+00:00,248.25,249.24,248.11,248.33,1832
2026-06-16T15:05:00+00:00,248.33,249.15,247.95,249.05,1660
2026-06-16T15:10:00+00:00,249.05,249.35,249,249.32,1673
2026-06-16T15:15:00+00:00,249.32,249.35,248.54,248.54,1469
2026-06-16T15:20:00+00:00,248.54,248.91,248.39,248.7,1973
2026-06-16T15:25:00+00:00,248.7,248.97,248.51,248.59,2176
2026-06-16T15:30:00+00:00,248.59,248.74,248.15,248.41,1935
2026-06-16T15:35:00+00:00,248.41,248.57,248.13,248.49,1585
2026-06-16T15:40:00+00:00,248.49,248.74,248.15,248.21,1691
2026-06-16T15:45:00+00:00,248.21,248.34,247.76,248.04,2051
2026-06-16T15:50:00+00:00,248.04,248.26,247.95,248.06,2029
2026-06-16T15:55:00+00:00,248.06,248.12,247.78,247.89,1634
2026-06-16T16:00:00+00:00,247.89,247.89,247.2,247.32,1671
2026-06-16T16:05:00+00:00,247.32,247.45,247.19,247.28,1274
2026-06-16T16:10:00+00:00,247.28,247.58,247.13,247.47,1281
2026-06-16T16:15:00+00:00,247.47,247.5,247.3,247.3,1177
2026-06-16T16:20:00+00:00,247.3,247.4,246.96,247.16,1268
2026-06-16T16:25:00+00:00,247.16,247.19,246.96,247.03,1045
2026-06-16T16:30:00+00:00,247.03,247.19,246.96,247.1,1427
2026-06-16T16:35:00+00:00,247.1,247.23,246.96,247.17,1363
2026-06-16T16:40:00+00:00,247.17,247.18,246.46,246.65,1489
2026-06-16T16:45:00+00:00,246.65,246.74,246.12,246.14,1116
2026-06-16T16:50:00+00:00,246.14,246.36,245.81,245.93,1216
2026-06-16T16:55:00+00:00,245.93,246.08,245.79,245.96,1114
2026-06-16T17:00:00+00:00,245.96,246.17,245.83,245.96,1219
2026-06-16T17:05:00+00:00,245.96,246.26,245.94,246.14,1119
2026-06-16T17:10:00+00:00,246.14,246.23,245.88,245.99,951
2026-06-16T17:15:00+00:00,245.99,246.03,245.62,245.66,734
2026-06-16T17:20:00+00:00,245.66,245.81,245.56,245.78,747
2026-06-16T17:25:00+00:00,245.78,245.85,245.57,245.7,948
2026-06-16T17:30:00+00:00,245.7,245.77,245.53,245.54,770
2026-06-16T17:35:00+00:00,245.54,245.7,245.5,245.54,899
2026-06-16T17:40:00+00:00,245.54,245.68,245.38,245.48,1003
2026-06-16T17:45:00+00:00,245.48,245.74,245.48,245.7,819
2026-06-16T17:50:00+00:00,245.7,245.94,245.68,245.78,637
2026-06-16T17:55:00+00:00,245.78,245.94,245.55,245.57,712
2026-06-16T18:00:00+00:00,245.57,246.06,245.56,246.01,866
2026-06-16T18:05:00+00:00,246.01,246.18,245.84,246.01,795
2026-06-16T18:10:00+00:00,246.01,246.07,245.82,246.05,564
2026-06-16T18:15:00+00:00,246.05,246.26,245.89,246.23,668
2026-06-16T18:20:00+00:00,246.23,246.36,246.13,246.27,554
2026-06-16T18:25:00+00:00,246.27,246.28,246.04,246.08,656
2026-06-16T18:30:00+00:00,246.08,246.27,245.94,246.14,797
2026-06-16T18:35:00+00:00,246.14,246.51,246.13,246.48,726
2026-06-16T18:40:00+00:00,246.48,246.62,246.22,246.25,658
2026-06-16T18:45:00+00:00,246.25,246.41,246.08,246.09,529
2026-06-16T18:50:00+00:00,246.09,246.32,246.06,246.2,620
2026-06-16T18:55:00+00:00,246.2,246.35,246.17,246.25,533
2026-06-16T19:00:00+00:00,246.25,246.27,245.81,245.84,778
2026-06-16T19:05:00+00:00,245.84,246.28,245.78,246.19,1017
2026-06-16T19:10:00+00:00,246.19,246.3,245.96,246.07,1263
2026-06-16T19:15:00+00:00,246.07,246.11,245.69,246.1,1422
2026-06-16T19:20:00+00:00,246.1,246.57,245.98,246.43,1080
2026-06-16T19:25:00+00:00,246.43,246.49,245.94,246,998
2026-06-16T19:30:00+00:00,246,246.09,245.58,245.61,1050
2026-06-16T19:35:00+00:00,245.61,245.92,245.61,245.87,1118
2026-06-16T19:40:00+00:00,245.87,246,245.73,245.89,924
2026-06-16T19:45:00+00:00,245.89,246.01,245.54,245.68,944
2026-06-16T19:50:00+00:00,245.68,245.97,245.54,245.91,1267
2026-06-16T19:55:00+00:00,245.91,246.21,245.57,246,2228
2026-06-17T13:30:00+00:00,246,246,243.88,244.04,1398
2026-06-17T13:35:00+00:00,244.04,244.04,242.68,242.8,1537
2026-06-17T13:40:00+00:00,242.8,242.81,242.02,242.41,941
2026-06-17T13:45:00+00:00,242.41,242.84,242,242.7,854
2026-06-17T13:50:00+00:00,242.7,242.73,241.96,242.12,1322
2026-06-17T13:55:00+00:00,242.12,242.61,241.62,241.99,1551
2026-06-17T14:00:00+00:00,241.99,242.12,241.57,241.8,1504
2026-06-17T14:05:00+00:00,241.8,242.16,241.54,241.76,1630
2026-06-17T14:10:00+00:00,241.76,242.26,241.55,242.12,1386
2026-06-17T14:15:00+00:00,242.12,242.3,241.43,242.07,1498
2026-06-17T14:20:00+00:00,242.07,242.55,241.98,242.43,1608
2026-06-17T14:25:00+00:00,242.43,242.43,241.78,241.89,1557
2026-06-17T14:30:00+00:00,241.89,242,241.12,241.29,1319
2026-06-17T14:35:00+00:00,241.29,241.29,240.5,240.51,1532
2026-06-17T14:40:00+00:00,240.51,241.43,240.44,241.1,1666
2026-06-17T14:45:00+00:00,241.1,241.24,240.2,240.91,2381
2026-06-17T14:50:00+00:00,240.91,241.02,240.52,240.63,1793
2026-06-17T14:55:00+00:00,240.63,240.87,-2532.4505,-2532.4305,1532.2435384055334
2026-06-17T15:00:00+00:00,240.63,241.05,240.4,240.45,1616
2026-06-17T15:05:00+00:00,240.45,240.65,240.27,240.28,1316
2026-06-17T15:10:00+00:00,240.28,240.6,240.23,240.39,1471
2026-06-17T15:15:00+00:00,240.39,240.55,240.23,240.33,1336
2026-06-17T15:20:00+00:00,240.33,240.48,240.13,240.2,1353
2026-06-17T15:25:00+00:00,240.2,240.35,240.08,240.2,1283
2026-06-17T15:30:00+00:00,240.2,240.58,240.13,240.53,1058
2026-06-17T15:35:00+00:00,240.53,240.63,240.34,240.45,885
2026-06-17T15:40:00+00:00,240.45,240.55,240.25,240.3,781
2026-06-17T15:45:00+00:00,240.3,240.43,240.03,240.12,806
2026-06-17T15:50:00+00:00,240.12,240.26,240.01,240.1,912
2026-06-17T15:55:00+00:00,240.1,240.15,239.89,240.09,840
2026-06-17T16:00:00+00:00,240.09,240.15,239.91,239.99,1023
2026-06-17T16:05:00+00:00,239.99,240.02,239.56,239.65,1042
2026-06-17T16:10:00+00:00,239.65,239.87,239.48,239.78,762
2026-06-17T16:15:00+00:00,239.78,240.13,239.73,240.07,773
2026-06-17T16:20:00+00:00,240.07,240.5,240.07,240.41,710
2026-06-17T16:25:00+00:00,240.41,240.79,240.35,240.52,806
2026-06-17T16:30:00+00:00,240.52,240.59,240.09,240.09,960
2026-06-17T16:35:00+00:00,240.09,240.17,239.61,239.8,839
2026-06-17T16:40:00+00:00,239.8,239.87,239.67,239.71,670
2026-06-17T16:45:00+00:00,239.71,239.71,239.24,239.28,885
2026-06-17T16:50:00+00:00,239.28,239.56,239.13,239.3,904
2026-06-17T16:55:00+00:00,239.3,239.8,239.28,239.75,839
2026-06-17T17:00:00+00:00,239.75,239.79,239.25,239.54,922
2026-06-17T17:05:00+00:00,239.54,239.6,239.04,239.35,1090
2026-06-17T17:10:00+00:00,239.35,239.51,239.28,239.35,754
2026-06-17T17:15:00+00:00,239.35,239.63,239.19,239.63,608
2026-06-17T17:20:00+00:00,239.63,239.75,239.47,239.56,479
2026-06-17T17:25:00+00:00,239.56,240.07,239.48,239.85,670
2026-06-17T17:30:00+00:00,239.85,239.86,239.54,239.68,670
2026-06-17T17:35:00+00:00,239.68,240.11,239.58,240.01,648
2026-06-17T17:40:00+00:00,240.01,240.2,239.88,239.96,640
2026-06-17T17:45:00+00:00,239.96,240.09,239.91,239.92,490
2026-06-17T17:50:00+00:00,239.92,240.32,239.91,240.18,764
2026-06-17T17:55:00+00:00,240.18,240.54,240.04,240.45,884
2026-06-17T18:00:00+00:00,240.45,240.45,238.64,238.66,3178
2026-06-17T18:05:00+00:00,238.66,239.15,238.28,239.1,3168
2026-06-17T18:10:00+00:00,239.1,239.59,239.02,239.4,2434
2026-06-17T18:15:00+00:00,239.4,239.91,239.4,239.66,2054
2026-06-17T18:20:00+00:00,239.66,239.76,239.11,239.14,1760
2026-06-17T18:25:00+00:00,239.14,239.25,238.76,239.15,2009
2026-06-17T18:30:00+00:00,239.15,239.57,238.53,238.6,2781
2026-06-17T18:35:00+00:00,238.6,239.37,238.51,239.06,2692
2026-06-17T18:40:00+00:00,239.06,239.7,238.93,239.62,3169
2026-06-17T18:45:00+00:00,239.62,239.77,239.03,239.07,2511
2026-06-17T18:50:00+00:00,239.07,239.54,238.78,238.78,2206
2026-06-17T18:55:00+00:00,238.78,238.82,237.75,238.18,2615
2026-06-17T19:00:00+00:00,238.18,238.46,238.01,238.33,2984
2026-06-17T19:05:00+00:00,238.33,238.61,238.19,238.23,2449
2026-06-17T19:10:00+00:00,238.23,238.42,237.77,238.14,3029
2026-06-17T19:15:00+00:00,238.14,238.29,237.69,237.81,2413
2026-06-17T19:20:00+00:00,237.81,238.02,237.44,237.45,2586
2026-06-17T19:25:00+00:00,237.45,237.78,237.31,237.33,2265
2026-06-17T19:30:00+00:00,237.33,237.39,236.95,237.12,2348
2026-06-17T19:35:00+00:00,237.12,237.33,236.71,237.09,2308
2026-06-17T19:40:00+00:00,237.09,237.39,236.9,237.01,2629
2026-06-17T19:45:00+00:00,237.01,237.55,236.8,237.23,2398
2026-06-17T19:50:00+00:00,237.23,237.23,236.38,236.69,1571
2026-06-17T19:55:00+00:00,236.69,237.62,236.69,237.33,1943
2026-06-18T13:30:00+00:00,237.33,240.55,236.9,236.95,1472
2026-06-18T13:35:00+00:00,236.95,237.02,235.92,236.66,1918
2026-06-18T13:40:00+00:00,236.66,236.78,236.1,236.26,2068
2026-06-18T13:45:00+00:00,236.26,237.11,236.26,236.98,2183
2026-06-18T13:50:00+00:00,236.98,237.45,236.84,236.99,1838
2026-06-18T13:55:00+00:00,236.99,238.8,236.77,238.76,2001
2026-06-18T14:00:00+00:00,238.76,239.17,238.38,238.73,2064
2026-06-18T14:05:00+00:00,238.73,239.68,238.53,239.28,1949
2026-06-18T14:10:00+00:00,239.28,239.42,239,239.16,2042
2026-06-18T14:15:00+00:00,239.16,240.36,238.89,240.04,2139
2026-06-18T14:20:00+00:00,240.04,240.12,239.64,239.8,2074
2026-06-18T14:25:00+00:00,239.8,239.95,239.18,239.25,2044
2026-06-18T14:30:00+00:00,239.25,239.68,238.8,239.56,1620
2026-06-18T14:35:00+00:00,239.56,240,239.35,240,1567
2026-06-18T14:40:00+00:00,240,240,239.29,239.59,1809
2026-06-18T14:45:00+00:00,239.59,240.23,239.51,240.12,1496
2026-06-18T14:50:00+00:00,240.12,240.12,239.6,239.72,1727
2026-06-18T14:55:00+00:00,239.72,239.96,-2533.3305,-2533.3205,1771.191555280163
2026-06-18T15:00:00+00:00,239.77,241.66,239.68,240.96,2592
2026-06-18T15:05:00+00:00,240.96,241.95,240.85,240.96,1825
2026-06-18T15:10:00+00:00,240.96,242.07,240.63,241.28,1702
2026-06-18T15:15:00+00:00,241.28,241.8,241.11,241.36,1681
2026-06-18T15:20:00+00:00,241.36,242.62,241.3,242.49,1784
2026-06-18T15:25:00+00:00,242.49,242.83,241.99,242.21,1691
2026-06-18T15:30:00+00:00,242.21,242.35,241.38,241.52,1652
2026-06-18T15:35:00+00:00,241.52,242.15,241.42,241.98,1838
2026-06-18T15:40:00+00:00,241.98,242.63,241.8,242.35,1824
2026-06-18T15:45:00+00:00,242.35,243.2,242.19,243.16,1952
2026-06-18T15:50:00+00:00,243.16,244.09,243.1,243.88,1808
2026-06-18T15:55:00+00:00,243.88,244.19,243.62,243.66,1548
2026-06-18T16:00:00+00:00,243.66,243.77,242.83,242.93,1874
2026-06-18T16:05:00+00:00,242.93,243.31,242.65,242.76,1861
2026-06-18T16:10:00+00:00,242.76,242.99,242.46,242.81,1598
2026-06-18T16:15:00+00:00,242.81,242.9,242.38,242.43,1648
2026-06-18T16:20:00+00:00,242.43,243.45,242.43,243.21,1756
2026-06-18T16:25:00+00:00,243.21,243.4,243.18,243.28,1239
2026-06-18T16:30:00+00:00,243.28,243.7,243.09,243.6,1654
2026-06-18T16:35:00+00:00,243.6,243.92,243.34,243.87,1465
2026-06-18T16:40:00+00:00,243.87,244.09,243.68,243.77,1484
2026-06-18T16:45:00+00:00,243.77,243.78,243.41,243.6,1076
2026-06-18T16:50:00+00:00,243.6,243.61,243.02,243.4,1384
2026-06-18T16:55:00+00:00,243.4,243.46,243.14,243.32,1333
2026-06-18T17:00:00+00:00,243.32,243.72,243.14,243.69,1222
2026-06-18T17:05:00+00:00,243.69,244.14,243.65,243.95,1216
2026-06-18T17:10:00+00:00,243.95,244.55,243.9,244.45,1064
2026-06-18T17:15:00+00:00,244.45,245.07,244.39,244.72,1207
2026-06-18T17:20:00+00:00,244.72,245.21,244.68,245.04,1117
2026-06-18T17:25:00+00:00,245.04,245.21,244.98,245.15,1083
2026-06-18T17:30:00+00:00,245.15,245.6,245.09,245.44,1173
2026-06-18T17:35:00+00:00,245.44,245.44,244.47,244.48,1325
2026-06-18T17:40:00+00:00,244.48,244.68,244.14,244.27,1364
2026-06-18T17:45:00+00:00,244.27,244.62,244.26,244.39,1287
2026-06-18T17:50:00+00:00,244.39,244.46,243.81,243.87,989
2026-06-18T17:55:00+00:00,243.87,244.06,243.78,243.87,1050
2026-06-18T18:00:00+00:00,243.87,243.92,243.59,243.61,1381
2026-06-18T18:05:00+00:00,243.61,243.7,243.35,243.35,681
2026-06-18T18:10:00+00:00,243.35,243.64,243.04,243.21,876
2026-06-18T18:15:00+00:00,243.21,243.23,242.68,242.8,838
2026-06-18T18:20:00+00:00,242.8,243.29,242.78,243.07,657
2026-06-18T18:25:00+00:00,243.07,243.12,242.79,242.82,1056
2026-06-18T18:30:00+00:00,242.82,243.04,242.7,242.75,1120
2026-06-18T18:35:00+00:00,242.75,242.88,242.67,242.77,785
2026-06-18T18:40:00+00:00,242.77,243.15,242.68,243.15,653
2026-06-18T18:45:00+00:00,243.15,243.16,242.88,242.99,515
2026-06-18T18:50:00+00:00,242.99,243.19,242.77,243.04,510
2026-06-18T18:55:00+00:00,243.04,243.2,242.88,243,637
2026-06-18T19:00:00+00:00,243,243.05,242.58,242.61,728
2026-06-18T19:05:00+00:00,242.61,242.81,242.53,242.56,526
2026-06-18T19:10:00+00:00,242.56,242.78,242.31,242.66,920
2026-06-18T19:15:00+00:00,242.66,242.92,242.38,242.9,964
2026-06-18T19:20:00+00:00,242.9,243.01,242.72,242.87,686
2026-06-18T19:25:00+00:00,242.87,243.09,242.83,242.91,911
2026-06-18T19:30:00+00:00,242.91,243.02,242.75,243.01,809
2026-06-18T19:35:00+00:00,243.01,243.37,243,243.28,766
2026-06-18T19:40:00+00:00,243.28,243.33,242.93,243.25,926
2026-06-18T19:45:00+00:00,243.25,243.39,242.63,242.63,1216
2026-06-18T19:50:00+00:00,242.63,243.8,242.51,243.74,1515
2026-06-18T19:55:00+00:00,243.74,244.56,243.74,244.29,1578
2026-06-22T13:30:00+00:00,244.29,244.29,239.26,239.5,1158
2026-06-22T13:35:00+00:00,239.5,240.74,239.44,239.82,1546
2026-06-22T13:40:00+00:00,239.82,240.45,239.51,240.1,1608
2026-06-22T13:45:00+00:00,240.1,240.51,239.45,239.73,1703
2026-06-22T13:50:00+00:00,239.73,239.75,238.65,238.66,1577
2026-06-22T13:55:00+00:00,238.66,239.21,238.52,239.17,1486
2026-06-22T14:00:00+00:00,239.17,239.23,237.99,238.5,1790
2026-06-22T14:05:00+00:00,238.5,238.94,238.19,238.35,1273
2026-06-22T14:10:00+00:00,238.35,238.42,237.38,237.54,1478
2026-06-22T14:15:00+00:00,237.54,237.56,236.69,236.78,1578
2026-06-22T14:20:00+00:00,236.78,236.87,235.69,235.98,1710
2026-06-22T14:25:00+00:00,235.98,236.51,235.37,235.52,2109
2026-06-22T14:30:00+00:00,235.52,235.61,234.78,235.1,2115
2026-06-22T14:35:00+00:00,235.1,236.24,235.09,236.13,2162
2026-06-22T14:40:00+00:00,236.13,236.27,235.13,235.14,1821
2026-06-22T14:45:00+00:00,235.14,235.51,234.68,234.77,1795
2026-06-22T14:50:00+00:00,234.77,234.84,234.14,234.25,1614
2026-06-22T14:55:00+00:00,234.25,234.25,233.78,234.17,1523
2026-06-22T15:00:00+00:00,234.17,234.69,234.1,234.2,1250
2026-06-22T15:05:00+00:00,234.2,234.29,233.08,233.44,1563
2026-06-22T15:10:00+00:00,233.44,233.93,233.08,233.46,1435
2026-06-22T15:15:00+00:00,233.46,233.67,233,233.2,1505
2026-06-22T15:20:00+00:00,233.2,233.42,232.41,233.23,1724
2026-06-22T15:25:00+00:00,233.23,233.48,232.71,232.9,1548
2026-06-22T15:30:00+00:00,232.9,233.82,232.72,233.52,1456
2026-06-22T15:35:00+00:00,233.52,234.1,233.48,234.08,1292
2026-06-22T15:40:00+00:00,234.08,234.57,233.81,234.35,1423
2026-06-22T15:45:00+00:00,234.35,234.74,233.45,233.55,1609
2026-06-22T15:50:00+00:00,233.55,233.77,233.45,233.48,1321
2026-06-22T15:55:00+00:00,233.48,233.64,233.25,233.54,1469
2026-06-22T16:00:00+00:00,233.54,233.59,232.9,233.06,1490
2026-06-22T16:05:00+00:00,233.06,233.54,233.04,233.19,1145
2026-06-22T16:10:00+00:00,233.19,233.54,233.03,233.23,1070
2026-06-22T16:15:00+00:00,233.23,233.27,232.64,232.77,1009
2026-06-22T16:20:00+00:00,232.77,233.11,232.54,232.89,988
2026-06-22T16:25:00+00:00,232.89,233.37,232.73,233.16,1199
2026-06-22T16:30:00+00:00,233.16,233.2,233.01,233.11,880
2026-06-22T16:35:00+00:00,233.11,233.21,232.92,232.94,984
2026-06-22T16:40:00+00:00,232.94,233.57,232.86,233.42,875
2026-06-22T16:45:00+00:00,233.42,233.49,233.16,233.29,1084
2026-06-22T16:50:00+00:00,233.29,233.57,233.02,233.28,927
2026-06-22T16:55:00+00:00,233.28,233.41,233.07,233.12,991
2026-06-22T17:00:00+00:00,233.12,233.36,232.72,232.78,1014
2026-06-22T17:05:00+00:00,232.78,232.87,232.12,232.78,1219
2026-06-22T17:10:00+00:00,232.78,233.5,232.78,233.5,910
2026-06-22T17:15:00+00:00,233.5,233.97,233.42,233.95,704
2026-06-22T17:20:00+00:00,233.95,234.06,233.53,233.67,717
2026-06-22T17:25:00+00:00,233.67,233.73,233.44,233.49,690
2026-06-22T17:30:00+00:00,233.49,233.55,233.1,233.23,818
2026-06-22T17:35:00+00:00,233.23,233.27,232.96,233.26,716
2026-06-22T17:40:00+00:00,233.26,233.31,233.12,233.18,606
2026-06-22T17:45:00+00:00,233.18,233.49,233.09,233.41,742
2026-06-22T17:50:00+00:00,233.41,233.6,233.29,233.57,676
2026-06-22T17:55:00+00:00,233.57,233.97,233.42,233.61,757
2026-06-22T18:00:00+00:00,233.61,233.92,233.55,233.62,767
2026-06-22T18:05:00+00:00,233.62,233.84,233.54,233.68,870
2026-06-22T18:10:00+00:00,233.68,234.01,233.6,233.99,471
2026-06-22T18:15:00+00:00,233.99,234.13,233.8,233.82,465
2026-06-22T18:20:00+00:00,233.82,234.02,233.71,233.97,753
2026-06-22T18:25:00+00:00,233.97,234.3,233.65,233.95,734
2026-06-22T18:30:00+00:00,233.95,234.48,233.92,234.32,780
2026-06-22T18:35:00+00:00,234.32,234.42,234.28,234.28,460
2026-06-22T18:40:00+00:00,234.28,234.45,233.96,234.02,687
2026-06-22T18:45:00+00:00,234.02,234.11,233.8,233.8,688
2026-06-22T18:50:00+00:00,233.8,234.15,233.78,234.02,955
2026-06-22T18:55:00+00:00,234.02,234.35,233.92,234.07,960
2026-06-22T19:00:00+00:00,234.07,234.67,234,234.4,692
2026-06-22T19:05:00+00:00,234.4,234.57,234.12,234.43,896
2026-06-22T19:10:00+00:00,234.43,234.74,234.34,234.58,977
2026-06-22T19:15:00+00:00,234.58,234.86,234.43,234.73,870
2026-06-22T19:20:00+00:00,234.73,234.93,234.34,234.4,1034
2026-06-22T19:25:00+00:00,234.4,234.47,233.33,233.79,1302
2026-06-22T19:30:00+00:00,233.79,233.84,232.88,232.89,1286
2026-06-22T19:35:00+00:00,232.89,233.39,232.88,233.35,883
2026-06-22T19:40:00+00:00,233.35,233.44,233.08,233.26,924
2026-06-22T19:45:00+00:00,233.26,233.37,232.95,233.06,1120
2026-06-22T19:50:00+00:00,233.06,234.24,232.68,234.16,1380
2026-06-22T19:55:00+00:00,234.16,234.25,232.68,232.84,1503
2026-06-23T13:30:00+00:00,232.84,233.43,231.77,232.36,2355
2026-06-23T13:35:00+00:00,232.36,234.5,232.3,234.44,2320
2026-06-23T13:40:00+00:00,234.44,235.01,233.75,234.46,2069
2026-06-23T13:45:00+00:00,234.46,235.25,234.1,234.94,2279
2026-06-23T13:50:00+00:00,234.94,234.99,233.48,233.9,2209
2026-06-23T13:55:00+00:00,233.9,234.42,233.56,234.1,2220
2026-06-23T14:00:00+00:00,234.1,235.04,234.01,234.68,2217
2026-06-23T14:05:00+00:00,234.68,235.66,234.64,235.56,2384
2026-06-23T14:10:00+00:00,235.56,236.61,235.46,236.43,2271
2026-06-23T14:15:00+00:00,236.43,236.52,236.05,236.2,1978
2026-06-23T14:20:00+00:00,236.2,236.61,236.09,236.48,1806
2026-06-23T14:25:00+00:00,236.48,236.73,236.21,236.52,2023
2026-06-23T14:30:00+00:00,236.52,236.74,235.69,236.43,1887
2026-06-23T14:35:00+00:00,236.43,236.65,235.73,236.01,2034
2026-06-23T14:40:00+00:00,236.01,236.76,235.77,236.3,1871
2026-06-23T14:45:00+00:00,236.3,236.52,236.16,236.35,2115
2026-06-23T14:50:00+00:00,236.35,236.47,235.59,235.83,1905
2026-06-23T14:55:00+00:00,235.83,235.93,234.75,235.32,1938
2026-06-23T15:00:00+00:00,235.32,235.38,234.11,234.16,1750
2026-06-23T15:05:00+00:00,234.16,234.25,233.9,234.23,2025
2026-06-23T15:10:00+00:00,234.23,234.53,234.02,234.43,2240
2026-06-23T15:15:00+00:00,234.43,234.56,234.08,234.17,1897
2026-06-23T15:20:00+00:00,234.17,234.28,233.75,233.92,1887
2026-06-23T15:25:00+00:00,233.92,234.02,233.58,233.6,2184
2026-06-23T15:30:00+00:00,233.6,233.62,233.15,233.26,1967
2026-06-23T15:35:00+00:00,233.26,233.52,233.08,233.36,1867
2026-06-23T15:40:00+00:00,233.36,233.84,233.33,233.84,1819
2026-06-23T15:45:00+00:00,233.84,233.92,233.58,233.84,1921
2026-06-23T15:50:00+00:00,233.84,234.35,233.77,234.24,1921
2026-06-23T15:55:00+00:00,234.24,234.66,233.84,234.47,1745
2026-06-23T16:00:00+00:00,234.47,234.86,234.39,234.46,1692
2026-06-23T16:05:00+00:00,234.46,234.69,234.39,234.62,1647
2026-06-23T16:10:00+00:00,234.62,234.76,234.1,234.33,1585
2026-06-23T16:15:00+00:00,234.33,234.56,234.07,234.3,1755
2026-06-23T16:20:00+00:00,234.3,234.55,234.18,234.49,1686
2026-06-23T16:25:00+00:00,234.49,234.79,234.46,234.49,1542
2026-06-23T16:30:00+00:00,234.49,234.82,234.2,234.21,1343
2026-06-23T16:35:00+00:00,234.21,234.67,234.2,234.66,1307
2026-06-23T16:40:00+00:00,234.66,234.94,234.6,234.73,1539
2026-06-23T16:45:00+00:00,234.73,234.85,234.49,234.57,1604
2026-06-23T16:50:00+00:00,234.57,234.64,234.38,234.61,1285
2026-06-23T16:55:00+00:00,234.61,234.75,234.34,234.57,1635
2026-06-23T17:00:00+00:00,234.57,234.59,234.2,234.33,1369
2026-06-23T17:05:00+00:00,234.33,234.39,234.13,234.32,1402
2026-06-23T17:10:00+00:00,234.32,234.54,234.24,234.47,1573
2026-06-23T17:15:00+00:00,234.47,234.48,233.82,233.92,1342
2026-06-23T17:20:00+00:00,233.92,234.26,233.88,234.13,1338
2026-06-23T17:25:00+00:00,234.13,234.14,233.8,233.82,1218
2026-06-23T17:30:00+00:00,233.82,234.01,233.71,233.99,1335
2026-06-23T17:35:00+00:00,233.99,234.22,233.96,234.1,1268
2026-06-23T17:40:00+00:00,234.1,234.2,233.9,234.07,1030
2026-06-23T17:45:00+00:00,234.07,234.69,233.97,234.63,1365
2026-06-23T17:50:00+00:00,234.63,234.65,234.38,234.46,1216
2026-06-23T17:55:00+00:00,234.46,234.73,234.35,234.62,1573
2026-06-23T18:00:00+00:00,234.62,235.24,234.61,235.12,1548
2026-06-23T18:05:00+00:00,235.12,235.3,234.99,235.21,1384
2026-06-23T18:10:00+00:00,235.21,235.55,235.19,235.51,1376
2026-06-23T18:15:00+00:00,235.51,235.71,235.38,235.55,1253
2026-06-23T18:20:00+00:00,235.55,235.55,234.92,235.03,1107
2026-06-23T18:25:00+00:00,235.03,235.14,234.68,234.77,876
2026-06-23T18:30:00+00:00,234.77,235.12,234.4,234.52,1139
2026-06-23T18:35:00+00:00,234.52,234.73,234.3,234.58,948
2026-06-23T18:40:00+00:00,234.58,234.58,234,234.16,1433
2026-06-23T18:45:00+00:00,234.16,234.45,233.99,234.45,1503
2026-06-23T18:50:00+00:00,234.45,234.77,234.15,234.39,1343
2026-06-23T18:55:00+00:00,234.39,234.42,233.93,234.12,1565
2026-06-23T19:00:00+00:00,234.12,234.51,234.04,234.47,1527
2026-06-23T19:05:00+00:00,234.47,234.75,234.43,234.53,1727
2026-06-23T19:10:00+00:00,234.53,234.67,234.3,234.34,1440
2026-06-23T19:15:00+00:00,234.34,234.6,234.14,234.27,1201
2026-06-23T19:20:00+00:00,234.27,234.75,234.24,234.5,1495
2026-06-23T19:25:00+00:00,234.5,234.75,234.31,234.38,1573
2026-06-23T19:30:00+00:00,234.38,234.66,234.38,234.51,1437
2026-06-23T19:35:00+00:00,234.51,234.75,234.28,234.49,1486
2026-06-23T19:40:00+00:00,234.49,235,234.43,234.93,1279
2026-06-23T19:45:00+00:00,234.93,235.4,234.87,235.29,1671
2026-06-23T19:50:00+00:00,235.29,235.41,234.46,234.46,1658
2026-06-23T19:55:00+00:00,234.46,234.77,233.7,234.11,2268
2026-06-24T13:30:00+00:00,234.11,236.86,232.77,236.66,2079
2026-06-24T13:35:00+00:00,236.66,238.36,236.11,237.35,2004
2026-06-24T13:40:00+00:00,237.35,238.05,236.88,237.67,2658
2026-06-24T13:45:00+00:00,237.67,238.01,236.77,237.01,2891
2026-06-24T13:50:00+00:00,237.01,238.34,236.98,237.94,2255
2026-06-24T13:55:00+00:00,237.94,238.11,236.89,236.97,1966
2026-06-24T14:00:00+00:00,236.97,237.55,236.44,236.63,2498
2026-06-24T14:05:00+00:00,236.63,237.02,236.4,236.91,2554
2026-06-24T14:10:00+00:00,236.91,237.49,236.56,237.39,2365
2026-06-24T14:15:00+00:00,237.39,237.97,236.88,237.78,2202
2026-06-24T14:20:00+00:00,237.78,238.82,237.5,238.49,2440
2026-06-24T14:25:00+00:00,238.49,238.8,238.02,238.27,1977
2026-06-24T14:30:00+00:00,238.27,238.95,238.23,238.51,1875
2026-06-24T14:35:00+00:00,238.51,238.63,237.54,238.01,1951
2026-06-24T14:40:00+00:00,238.01,238.76,237.9,238.69,1866
2026-06-24T14:45:00+00:00,238.69,239.91,238.68,239.84,1792
2026-06-24T14:50:00+00:00,239.84,240.34,239.67,239.82,1754
2026-06-24T14:55:00+00:00,239.82,240.75,-2532.4305,-2532.1904999999997,1834.5908632851865
2026-06-24T15:00:00+00:00,240.89,241.28,240.72,241.02,2184
2026-06-24T15:05:00+00:00,241.02,241.54,240.71,241.53,2000
2026-06-24T15:10:00+00:00,241.53,241.98,241.03,241.73,2135
2026-06-24T15:15:00+00:00,241.73,242.28,241.49,241.71,1803
2026-06-24T15:20:00+00:00,241.71,242.03,241.6,241.83,1936
2026-06-24T15:25:00+00:00,241.83,241.94,241.19,241.66,2219
2026-06-24T15:30:00+00:00,241.66,241.85,241.08,241.45,2244
2026-06-24T15:35:00+00:00,241.45,241.89,240.87,240.98,2147
2026-06-24T15:40:00+00:00,240.98,241.18,240.6,240.95,2125
2026-06-24T15:45:00+00:00,240.95,241.34,240.76,241.3,2360
2026-06-24T15:50:00+00:00,241.3,241.74,241.26,241.46,1798
2026-06-24T15:55:00+00:00,241.46,241.84,241.44,241.81,2025
2026-06-24T16:00:00+00:00,241.81,241.86,241.43,241.46,1936
2026-06-24T16:05:00+00:00,241.46,241.86,241.38,241.74,1712
2026-06-24T16:10:00+00:00,241.74,241.86,241.55,241.65,1560
2026-06-24T16:15:00+00:00,241.65,241.83,241.25,241.39,1626
2026-06-24T16:20:00+00:00,241.39,241.48,241.03,241.25,1542
2026-06-24T16:25:00+00:00,241.25,241.25,240.74,240.79,1042
2026-06-24T16:30:00+00:00,240.79,240.82,240.41,240.5,1313
2026-06-24T16:35:00+00:00,240.5,240.64,239.58,239.77,1673
2026-06-24T16:40:00+00:00,239.77,239.87,239.41,239.74,1723
2026-06-24T16:45:00+00:00,239.74,240.33,239.63,240.14,1503
2026-06-24T16:50:00+00:00,240.14,240.36,239.55,239.56,1542
2026-06-24T16:55:00+00:00,239.56,239.92,239.45,239.62,1372
2026-06-24T17:00:00+00:00,239.62,239.99,239.52,239.92,1460
2026-06-24T17:05:00+00:00,239.92,239.98,239.28,239.55,1868
2026-06-24T17:10:00+00:00,239.55,239.81,239.43,239.81,1747
2026-06-24T17:15:00+00:00,239.81,239.95,239.42,239.71,2138
2026-06-24T17:20:00+00:00,239.71,239.75,239.38,239.46,1966
2026-06-24T17:25:00+00:00,239.46,239.57,239.15,239.18,2167
2026-06-24T17:30:00+00:00,239.18,239.4,238.59,239,2411
2026-06-24T17:35:00+00:00,239,239.22,238.84,239.15,2263
2026-06-24T17:40:00+00:00,239.15,239.22,238.67,238.69,2352
2026-06-24T17:45:00+00:00,238.69,238.96,238.61,238.84,2317
2026-06-24T17:50:00+00:00,238.84,238.87,238.13,238.4,2337
2026-06-24T17:55:00+00:00,238.4,238.76,238.01,238.16,2148
2026-06-24T18:00:00+00:00,238.16,238.49,238.16,238.4,2502
2026-06-24T18:05:00+00:00,238.4,238.5,238.07,238.33,2233
2026-06-24T18:10:00+00:00,238.33,238.33,237.97,238.14,2035
2026-06-24T18:15:00+00:00,238.14,238.67,238.08,238.52,2256
2026-06-24T18:20:00+00:00,238.52,238.57,238.05,238.13,2018
2026-06-24T18:25:00+00:00,238.13,238.33,237.35,237.55,2383
2026-06-24T18:30:00+00:00,237.55,237.93,237.38,237.72,1838
2026-06-24T18:35:00+00:00,237.72,237.77,237.09,237.28,1898
2026-06-24T18:40:00+00:00,237.28,237.45,236.98,237.16,2140
2026-06-24T18:45:00+00:00,237.16,237.39,236.94,237.03,1906
2026-06-24T18:50:00+00:00,237.03,237.05,236.44,236.9,1980
2026-06-24T18:55:00+00:00,236.9,237.03,236.54,236.8,2020
2026-06-24T19:00:00+00:00,236.8,237.07,236.28,237.01,2223
2026-06-24T19:05:00+00:00,237.01,237.07,236.47,236.78,2514
2026-06-24T19:10:00+00:00,236.78,236.9,236.04,236.22,2515
2026-06-24T19:15:00+00:00,236.22,236.41,235.89,236.25,2188
2026-06-24T19:20:00+00:00,236.25,236.37,235.92,236.06,2333
2026-06-24T19:25:00+00:00,236.06,236.22,235.69,235.78,1811
2026-06-24T19:30:00+00:00,235.78,235.79,234.98,235.44,2152
2026-06-24T19:35:00+00:00,235.44,235.78,235.17,235.44,2304
2026-06-24T19:40:00+00:00,235.44,235.6,235.07,235.32,2261
2026-06-24T19:45:00+00:00,235.32,235.5,235.04,235.08,2342
2026-06-24T19:50:00+00:00,235.08,235.48,234.39,234.98,2629
2026-06-24T19:55:00+00:00,234.98,235,233.67,234.34,2045
2026-06-25T13:30:00+00:00,234.34,234.34,226.01,226.09,2664
2026-06-25T13:35:00+00:00,226.09,227.91,225.92,227.44,2995
2026-06-25T13:40:00+00:00,227.44,228.32,227.06,227.14,2800
2026-06-25T13:45:00+00:00,227.14,227.79,226.33,226.55,3249
2026-06-25T13:50:00+00:00,226.55,228.2,226.53,228.01,2992
2026-06-25T13:55:00+00:00,228.01,228.32,227.29,227.43,3178
2026-06-25T14:00:00+00:00,227.43,228.65,227.11,228.54,3405
2026-06-25T14:05:00+00:00,228.54,229.12,227.97,228.63,2739
2026-06-25T14:10:00+00:00,228.63,228.84,227.65,227.69,2762
2026-06-25T14:15:00+00:00,227.69,228.54,227.28,228.47,2796
2026-06-25T14:20:00+00:00,228.47,229.02,227.68,227.91,2701
2026-06-25T14:25:00+00:00,227.91,228.94,227.73,228.87,2598
2026-06-25T14:30:00+00:00,228.87,229.55,228.69,229.1,2279
2026-06-25T14:35:00+00:00,229.1,229.48,228.71,229.34,2219
2026-06-25T14:40:00+00:00,229.34,229.41,228.68,229.16,2105
2026-06-25T14:45:00+00:00,229.16,229.46,228.71,229.31,2200
2026-06-25T14:50:00+00:00,229.31,229.56,228.93,229.32,2134
2026-06-25T14:55:00+00:00,229.32,229.32,228.33,228.45,2091
2026-06-25T15:00:00+00:00,228.45,229.29,228.29,229.27,2122
2026-06-25T15:05:00+00:00,229.27,229.4,228.31,228.79,2108
2026-06-25T15:10:00+00:00,228.79,228.84,228.23,228.79,2131
2026-06-25T15:15:00+00:00,228.79,229.45,228.48,229.43,2730
2026-06-25T15:20:00+00:00,229.43,229.66,229.1,229.48,2168
2026-06-25T15:25:00+00:00,229.48,229.74,229.17,229.65,2421
2026-06-25T15:30:00+00:00,229.65,230.64,229.65,230.1,2716
2026-06-25T15:35:00+00:00,230.1,230.4,229.92,229.93,2341
2026-06-25T15:40:00+00:00,229.93,230.33,229.63,230.17,2321
2026-06-25T15:45:00+00:00,230.17,230.71,229.78,229.83,2270
2026-06-25T15:50:00+00:00,229.83,230.07,229.66,230.07,2208
2026-06-25T15:55:00+00:00,230.07,230.51,230,230.08,1986
2026-06-25T16:00:00+00:00,230.08,230.11,228.7,228.92,2021
2026-06-25T16:05:00+00:00,228.92,228.97,228.63,228.68,1900
2026-06-25T16:10:00+00:00,228.68,229.11,228.63,228.96,1971
2026-06-25T16:15:00+00:00,228.96,229.08,228.58,228.71,1914
2026-06-25T16:20:00+00:00,228.71,228.87,227.37,227.93,2127
2026-06-25T16:25:00+00:00,227.93,228.22,227.54,227.65,1810
2026-06-25T16:30:00+00:00,227.65,227.65,227.2,227.32,2161
2026-06-25T16:35:00+00:00,227.32,227.79,227.09,227.57,1914
2026-06-25T16:40:00+00:00,227.57,227.85,227.45,227.72,1870
2026-06-25T16:45:00+00:00,227.72,228.17,227.58,228.12,1981
2026-06-25T16:50:00+00:00,228.12,228.36,227.78,228.22,1799
2026-06-25T16:55:00+00:00,228.22,228.42,228.02,228.13,1647
2026-06-25T17:00:00+00:00,228.13,228.34,227.71,227.83,1695
2026-06-25T17:05:00+00:00,227.83,228.14,227.63,228.07,1580
2026-06-25T17:10:00+00:00,228.07,228.5,228.06,228.12,1590
2026-06-25T17:15:00+00:00,228.12,228.4,227.81,227.81,1723
2026-06-25T17:20:00+00:00,227.81,228.37,227.68,228.02,1758
2026-06-25T17:25:00+00:00,228.02,228.45,227.91,228.11,1498
2026-06-25T17:30:00+00:00,228.11,228.39,227.79,227.79,1452
2026-06-25T17:35:00+00:00,227.79,228.45,227.79,228.17,1352
2026-06-25T17:40:00+00:00,228.17,228.33,227.93,227.97,1315
2026-06-25T17:45:00+00:00,227.97,228.07,227.78,227.92,1563
2026-06-25T17:50:00+00:00,227.92,228.28,227.68,228.27,1504
2026-06-25T17:55:00+00:00,228.27,228.65,228.13,228.61,1731
2026-06-25T18:00:00+00:00,228.61,228.65,227.82,228.11,2273
2026-06-25T18:05:00+00:00,228.11,228.84,227.96,228.67,1836
2026-06-25T18:10:00+00:00,228.67,228.85,228.12,228.39,1562
2026-06-25T18:15:00+00:00,228.39,229.5,228.33,229.37,1478
2026-06-25T18:20:00+00:00,229.37,229.81,229.33,229.54,1604
2026-06-25T18:25:00+00:00,229.54,230.26,229.54,230.23,1410
2026-06-25T18:30:00+00:00,230.23,230.31,229.51,229.55,1545
2026-06-25T18:35:00+00:00,229.55,229.84,229.42,229.84,1598
2026-06-25T18:40:00+00:00,229.84,229.9,229.13,229.22,1417
2026-06-25T18:45:00+00:00,229.22,229.25,228.7,228.99,1476
2026-06-25T18:50:00+00:00,228.99,229.27,228.88,229,1366
2026-06-25T18:55:00+00:00,229,229.07,228.73,228.8,1180
2026-06-25T19:00:00+00:00,228.8,228.88,228.58,228.74,1197
2026-06-25T19:05:00+00:00,228.74,228.93,228.66,228.86,1212
2026-06-25T19:10:00+00:00,228.86,228.91,228.55,228.57,1292
2026-06-25T19:15:00+00:00,228.57,228.65,228.18,228.18,1503
2026-06-25T19:20:00+00:00,228.18,228.28,227.54,227.66,1284
2026-06-25T19:25:00+00:00,227.66,227.68,227,227.15,1311
2026-06-25T19:30:00+00:00,227.15,227.73,226.94,227.36,1646
2026-06-25T19:35:00+00:00,227.36,227.88,227.28,227.85,1426
2026-06-25T19:40:00+00:00,227.85,228.07,227.62,227.69,1830
2026-06-25T19:45:00+00:00,227.69,227.71,226.43,226.8,1821
2026-06-25T19:50:00+00:00,226.8,227.65,225.43,226.15,2157
2026-06-25T19:55:00+00:00,226.15,227.1,225.53,227.01,2867
2026-06-26T13:30:00+00:00,227.01,227.7,226,227.22,2737
2026-06-26T13:35:00+00:00,227.22,228.7,227.17,228.52,2724
2026-06-26T13:40:00+00:00,228.52,228.84,228.03,228.2,2797
2026-06-26T13:45:00+00:00,228.2,228.2,227.04,227.25,2829
2026-06-26T13:50:00+00:00,227.25,227.43,226.04,226.38,2603
2026-06-26T13:55:00+00:00,226.38,227.77,226.32,227.56,2466
2026-06-26T14:00:00+00:00,227.56,228.54,227.45,228.51,2563
2026-06-26T14:05:00+00:00,228.51,229.81,228.48,229.79,2579
2026-06-26T14:10:00+00:00,229.79,230.44,229.25,229.27,2992
2026-06-26T14:15:00+00:00,229.27,230.51,229.13,230.4,2595
2026-06-26T14:20:00+00:00,230.4,230.94,230.21,230.75,2675
2026-06-26T14:25:00+00:00,230.75,231.14,230.46,230.51,2487
2026-06-26T14:30:00+00:00,230.51,231.25,230.38,230.82,2284
2026-06-26T14:35:00+00:00,230.82,230.95,230.08,230.44,2649
2026-06-26T14:40:00+00:00,230.44,230.84,229.88,230.52,2222
2026-06-26T14:45:00+00:00,230.52,231.57,230.31,231.45,2114
2026-06-26T14:50:00+00:00,231.45,231.49,230.86,230.9,2066
2026-06-26T14:55:00+00:00,230.9,231.03,-2542.6705,-2542.6605,1842.656564184759
2026-06-26T15:00:00+00:00,230.43,231.21,230.42,230.92,2066
2026-06-26T15:05:00+00:00,230.92,231.12,230.38,231.03,2271
2026-06-26T15:10:00+00:00,231.03,231.14,230.02,231.06,2152
2026-06-26T15:15:00+00:00,231.06,231.43,230.85,231.32,2124
2026-06-26T15:20:00+00:00,231.32,231.72,230.78,231.66,2179
2026-06-26T15:25:00+00:00,231.66,232.15,231.57,232.09,1869
2026-06-26T15:30:00+00:00,232.09,232.45,231.69,231.73,2137
2026-06-26T15:35:00+00:00,231.73,232.24,231.71,232.19,1929
2026-06-26T15:40:00+00:00,232.19,232.37,231.99,232.2,1778
2026-06-26T15:45:00+00:00,232.2,232.26,231.65,232.06,1669
2026-06-26T15:50:00+00:00,232.06,232.48,231.61,232.3,2663
2026-06-26T15:55:00+00:00,232.3,232.42,231.88,232.13,1813
2026-06-26T16:00:00+00:00,232.13,232.43,232.05,232.27,1765
2026-06-26T16:05:00+00:00,232.27,232.27,231.54,231.77,1860
2026-06-26T16:10:00+00:00,231.77,231.84,231.25,231.81,2062
2026-06-26T16:15:00+00:00,231.81,231.94,231.18,231.33,1877
2026-06-26T16:20:00+00:00,231.33,231.6,230.82,231.48,2388
2026-06-26T16:25:00+00:00,231.48,231.71,231.26,231.35,1752
2026-06-26T16:30:00+00:00,231.35,231.84,231.33,231.77,1683
2026-06-26T16:35:00+00:00,231.77,231.87,231.52,231.71,1312
2026-06-26T16:40:00+00:00,231.71,231.82,230.98,231.11,1287
2026-06-26T16:45:00+00:00,231.11,231.74,231.03,231.65,2064
2026-06-26T16:50:00+00:00,231.65,231.9,231.57,231.84,1258
2026-06-26T16:55:00+00:00,231.84,231.88,231.6,231.63,1260
2026-06-26T17:00:00+00:00,231.63,231.85,231.36,231.62,1337
2026-06-26T17:05:00+00:00,231.62,231.64,231.25,231.37,1236
2026-06-26T17:10:00+00:00,231.37,231.59,230.82,230.93,1447
2026-06-26T17:15:00+00:00,230.93,231.08,230.71,230.91,1269
2026-06-26T17:20:00+00:00,230.91,231.04,230.56,230.68,1394
2026-06-26T17:25:00+00:00,230.68,230.94,230.48,230.77,1544
2026-06-26T17:30:00+00:00,230.77,230.81,229.99,230.18,1418
2026-06-26T17:35:00+00:00,230.18,230.3,229.88,229.98,1280
2026-06-26T17:40:00+00:00,229.98,230.31,229.89,230.2,1312
2026-06-26T17:45:00+00:00,230.2,230.3,229.98,230.09,1080
2026-06-26T17:50:00+00:00,230.09,230.38,230.05,230.28,1025
2026-06-26T17:55:00+00:00,230.28,230.87,230.28,230.7,1397
2026-06-26T18:00:00+00:00,230.7,231,230.46,230.57,1611
2026-06-26T18:05:00+00:00,230.57,230.61,230.18,230.44,1384
2026-06-26T18:10:00+00:00,230.44,230.66,230.24,230.64,1202
2026-06-26T18:15:00+00:00,230.64,230.78,230.49,230.65,1252
2026-06-26T18:20:00+00:00,230.65,231.01,230.63,230.89,1262
2026-06-26T18:25:00+00:00,230.89,230.89,230.3,230.35,1253
2026-06-26T18:30:00+00:00,230.35,230.63,230.21,230.42,1405
2026-06-26T18:35:00+00:00,230.42,230.59,229.7,229.83,1200
2026-06-26T18:40:00+00:00,229.83,230.1,229.7,229.93,1171
2026-06-26T18:45:00+00:00,229.93,229.93,229.3,229.34,1462
2026-06-26T18:50:00+00:00,229.34,229.36,228.81,228.91,1474
2026-06-26T18:55:00+00:00,228.91,229.09,228.68,228.74,1328
2026-06-26T19:00:00+00:00,228.74,229.11,228.58,228.8,1311
2026-06-26T19:05:00+00:00,228.8,228.9,228.41,228.47,1378
2026-06-26T19:10:00+00:00,228.47,228.55,228.15,228.39,1322
2026-06-26T19:15:00+00:00,228.39,228.74,228.26,228.32,1336
2026-06-26T19:20:00+00:00,228.32,228.59,227.91,227.93,1688
2026-06-26T19:25:00+00:00,227.93,228.17,227.71,228.06,1404
2026-06-26T19:30:00+00:00,228.06,229.48,227.98,229.2,1832
2026-06-26T19:35:00+00:00,229.2,229.26,228.03,228.38,1825
2026-06-26T19:40:00+00:00,228.38,228.95,228.31,228.68,1570
2026-06-26T19:45:00+00:00,228.68,229.04,227.98,227.98,2157
2026-06-26T19:50:00+00:00,227.98,232.82,227.96,232.75,2643
2026-06-26T19:55:00+00:00,232.75,232.75,230.3,230.56,2497
2026-06-29T13:30:00+00:00,230.56,237.78,230.56,237.44,1756
2026-06-29T13:35:00+00:00,237.44,239.42,236.94,239.17,1370
2026-06-29T13:40:00+00:00,239.17,240.2,238.81,239.7,1458
2026-06-29T13:45:00+00:00,239.7,241.44,239.7,240.72,1710
2026-06-29T13:50:00+00:00,240.72,243.22,240.63,242.39,1495
2026-06-29T13:55:00+00:00,242.39,242.75,240.74,241.47,1664
2026-06-29T14:00:00+00:00,241.47,242.55,241.16,242.4,1466
2026-06-29T14:05:00+00:00,242.4,243.39,242.13,242.89,1658
2026-06-29T14:10:00+00:00,242.89,243.47,242.14,242.96,1558
2026-06-29T14:15:00+00:00,242.96,244.49,242.84,244.26,1815
2026-06-29T14:20:00+00:00,244.26,244.64,243.7,244.08,1469
2026-06-29T14:25:00+00:00,244.08,244.52,243.59,243.94,1540
2026-06-29T14:30:00+00:00,243.94,245.44,243.69,244.86,1680
2026-06-29T14:35:00+00:00,244.86,244.92,243.38,243.71,1368
2026-06-29T14:40:00+00:00,243.71,244.7,243.64,244.41,1227
2026-06-29T14:45:00+00:00,244.41,245.72,244.29,245.68,1350
2026-06-29T14:50:00+00:00,245.68,246.63,245.58,246.15,1576
2026-06-29T14:55:00+00:00,246.15,246.16,244.18,244.98,1636
2026-06-29T15:00:00+00:00,244.98,245.19,244.39,244.5,1428
2026-06-29T15:05:00+00:00,244.5,244.5,243.01,243.16,1317
2026-06-29T15:10:00+00:00,243.16,243.5,242.47,242.53,1381
2026-06-29T15:15:00+00:00,242.53,242.6,241.92,242.4,1100
2026-06-29T15:20:00+00:00,242.4,242.78,242.17,242.51,1015
2026-06-29T15:25:00+00:00,242.51,242.85,242.17,242.76,1064
2026-06-29T15:30:00+00:00,242.76,242.85,242.17,242.31,1030
2026-06-29T15:35:00+00:00,242.31,242.45,241.7,241.85,1229
2026-06-29T15:40:00+00:00,241.85,242.05,241.55,241.8,1245
2026-06-29T15:45:00+00:00,241.8,241.96,240.95,240.97,1175
2026-06-29T15:50:00+00:00,240.97,241.71,240.74,241.41,1168
2026-06-29T15:55:00+00:00,241.41,242.25,241.31,242.09,940
2026-06-29T16:00:00+00:00,242.09,242.13,240.74,241.19,1199
2026-06-29T16:05:00+00:00,241.19,241.5,240.83,241.12,1121
2026-06-29T16:10:00+00:00,241.12,241.14,240.32,240.39,829
2026-06-29T16:15:00+00:00,240.39,240.63,239.96,239.96,973
2026-06-29T16:20:00+00:00,239.96,240.25,239.9,240.04,891
2026-06-29T16:25:00+00:00,240.04,240.3,239.92,240.06,1000
2026-06-29T16:30:00+00:00,240.06,240.1,239.68,239.73,969
2026-06-29T16:35:00+00:00,239.73,239.97,239.66,239.83,771
2026-06-29T16:40:00+00:00,239.83,240.07,239.6,239.75,847
2026-06-29T16:45:00+00:00,239.75,240.52,239.65,240.41,937
2026-06-29T16:50:00+00:00,240.41,241.01,240.29,241,696
2026-06-29T16:55:00+00:00,241,241.22,240.6,241.22,781
2026-06-29T17:00:00+00:00,241.22,241.45,240.57,240.83,818
2026-06-29T17:05:00+00:00,240.83,240.89,240.26,240.56,794
2026-06-29T17:10:00+00:00,240.56,240.7,240.32,240.38,685
2026-06-29T17:15:00+00:00,240.38,240.67,240.36,240.51,719
2026-06-29T17:20:00+00:00,240.51,241,240.23,240.49,773
2026-06-29T17:25:00+00:00,240.49,240.7,240.32,240.68,644
2026-06-29T17:30:00+00:00,240.68,241.39,240.67,241.23,766
2026-06-29T17:35:00+00:00,241.23,241.29,240.44,240.52,718
2026-06-29T17:40:00+00:00,240.52,240.98,240.38,240.78,674
2026-06-29T17:45:00+00:00,240.78,241.09,240.61,240.94,627
2026-06-29T17:50:00+00:00,240.94,241.28,240.92,240.99,686
2026-06-29T17:55:00+00:00,240.99,241.13,240.93,241.03,531
2026-06-29T18:00:00+00:00,241.03,241.05,240.83,240.87,679
2026-06-29T18:05:00+00:00,240.87,240.92,240.25,240.4,630
2026-06-29T18:10:00+00:00,240.4,240.59,240.25,240.43,457
2026-06-29T18:15:00+00:00,240.43,240.46,240.09,240.11,544
2026-06-29T18:20:00+00:00,240.11,240.46,240.06,240.09,744
2026-06-29T18:25:00+00:00,240.09,240.3,239.98,240.11,779
2026-06-29T18:30:00+00:00,240.11,240.36,240.06,240.32,559
2026-06-29T18:35:00+00:00,240.32,240.42,240.07,240.11,578
2026-06-29T18:40:00+00:00,240.11,240.2,239.78,239.84,866
2026-06-29T18:45:00+00:00,239.84,240.28,239.83,240.06,872
2026-06-29T18:50:00+00:00,240.06,240.69,239.8,240.61,677
2026-06-29T18:55:00+00:00,240.61,241.1,240.52,241.05,651
2026-06-29T19:00:00+00:00,241.05,241.65,240.98,241.59,893
2026-06-29T19:05:00+00:00,241.59,241.86,241.38,241.41,626
2026-06-29T19:10:00+00:00,241.41,241.61,241.16,241.19,614
2026-06-29T19:15:00+00:00,241.19,241.3,240.84,240.88,590
2026-06-29T19:20:00+00:00,240.88,241.06,240.13,240.25,897
2026-06-29T19:25:00+00:00,240.25,240.43,240.06,240.13,722
2026-06-29T19:30:00+00:00,240.13,240.18,239.6,239.69,759
2026-06-29T19:35:00+00:00,239.69,240.22,239.69,239.88,632
2026-06-29T19:40:00+00:00,239.88,240.31,239.72,239.86,664
2026-06-29T19:45:00+00:00,239.86,240.16,239.8,240.07,604
2026-06-29T19:50:00+00:00,240.07,240.35,239.78,240.17,1120
2026-06-29T19:55:00+00:00,240.17,240.44,239.89,240,1312
2026-06-30T13:30:00+00:00,240,240,236.88,239,2123
2026-06-30T13:35:00+00:00,239,240.31,239,239.45,1640
2026-06-30T13:40:00+00:00,239.45,240.17,238.38,239.46,1409
2026-06-30T13:45:00+00:00,239.46,239.79,238.48,239.35,1323
2026-06-30T13:50:00+00:00,239.35,239.81,238.89,239.29,1515
2026-06-30T13:55:00+00:00,239.29,239.51,238.38,238.45,1463
2026-06-30T14:00:00+00:00,238.45,238.73,237.91,238.68,1606
2026-06-30T14:05:00+00:00,238.68,238.84,237.89,238.04,1684
2026-06-30T14:10:00+00:00,238.04,238.52,237.89,238.5,1793
2026-06-30T14:15:00+00:00,238.5,239.21,238.26,238.73,1628
2026-06-30T14:20:00+00:00,238.73,239.54,238.59,239.42,1633
2026-06-30T14:25:00+00:00,239.42,239.87,239.03,239.42,1581
2026-06-30T14:30:00+00:00,239.42,240.4,239.38,240.4,1332
2026-06-30T14:35:00+00:00,240.4,240.58,239.85,240,1657
2026-06-30T14:40:00+00:00,240,240.08,239.32,239.62,1304
2026-06-30T14:45:00+00:00,239.62,239.67,238.85,239.36,1566
2026-06-30T14:50:00+00:00,239.36,239.55,238.29,238.29,1506
2026-06-30T14:55:00+00:00,238.29,238.49,237.88,237.98,1704
2026-06-30T15:00:00+00:00,237.98,238.27,237.42,237.96,1548
2026-06-30T15:05:00+00:00,237.96,238.21,237.59,237.93,1487
2026-06-30T15:10:00+00:00,237.93,238.27,237.63,238.26,1087
2026-06-30T15:15:00+00:00,238.26,238.37,238.05,238.16,980
2026-06-30T15:20:00+00:00,238.16,238.52,238.06,238.43,949
2026-06-30T15:25:00+00:00,238.43,238.93,238.43,238.55,1011
2026-06-30T15:30:00+00:00,238.55,238.69,238.32,238.64,991
2026-06-30T15:35:00+00:00,238.64,238.76,238.38,238.64,882
2026-06-30T15:40:00+00:00,238.64,238.98,238.38,238.75,1026
2026-06-30T15:45:00+00:00,238.75,239.65,238.72,239.27,1109
2026-06-30T15:50:00+00:00,239.27,240.19,239.15,240.18,1112
2026-06-30T15:55:00+00:00,240.18,240.2,239.49,239.69,781
2026-06-30T16:00:00+00:00,239.69,239.79,239.26,239.69,709
2026-06-30T16:05:00+00:00,239.69,239.69,238.66,238.66,894
2026-06-30T16:10:00+00:00,238.66,239.11,238.48,238.76,933
2026-06-30T16:15:00+00:00,238.76,239.11,238.58,239.08,727
2026-06-30T16:20:00+00:00,239.08,239.89,239.08,239.75,980
2026-06-30T16:25:00+00:00,239.75,239.95,239.62,239.83,877
2026-06-30T16:30:00+00:00,239.83,240.17,239.79,239.9,894
2026-06-30T16:35:00+00:00,239.9,240.15,239.67,240.12,643
2026-06-30T16:40:00+00:00,240.12,241.06,239.79,241,916
2026-06-30T16:45:00+00:00,241,241.32,240.88,241.26,761
2026-06-30T16:50:00+00:00,241.26,241.4,240.68,240.77,976
2026-06-30T16:55:00+00:00,240.77,240.95,240.29,240.49,880
2026-06-30T17:00:00+00:00,240.49,240.53,239.76,239.9,1100
2026-06-30T17:05:00+00:00,239.9,239.9,239.21,239.35,698
2026-06-30T17:10:00+00:00,239.35,239.63,239.23,239.54,560
2026-06-30T17:15:00+00:00,239.54,239.55,238.73,238.78,651
2026-06-30T17:20:00+00:00,238.78,239.39,238.74,239.29,710
2026-06-30T17:25:00+00:00,239.29,239.4,238.9,238.94,494
2026-06-30T17:30:00+00:00,238.94,239.11,238.63,238.91,902
2026-06-30T17:35:00+00:00,238.91,239.15,238.48,238.48,792
2026-06-30T17:40:00+00:00,238.48,239,238.25,238.68,887
2026-06-30T17:45:00+00:00,238.68,238.68,238.42,238.55,520
2026-06-30T17:50:00+00:00,238.55,238.66,238.06,238.1,891
2026-06-30T17:55:00+00:00,238.1,238.8,238.09,238.34,731
2026-06-30T18:00:00+00:00,238.34,238.72,238.29,238.65,986
2026-06-30T18:05:00+00:00,238.65,239,238.65,238.69,665
2026-06-30T18:10:00+00:00,238.69,238.81,238.59,238.71,410
2026-06-30T18:15:00+00:00,238.71,238.95,238.31,238.88,671
2026-06-30T18:20:00+00:00,238.88,239.02,238.68,238.77,658
2026-06-30T18:25:00+00:00,238.77,238.8,238.27,238.33,604
2026-06-30T18:30:00+00:00,238.33,238.36,237.83,237.9,882
2026-06-30T18:35:00+00:00,237.9,238.04,237.76,237.8,889
2026-06-30T18:40:00+00:00,237.8,237.94,237.48,237.59,540
2026-06-30T18:45:00+00:00,237.59,237.86,237.5,237.63,680
2026-06-30T18:50:00+00:00,237.63,237.78,237.5,237.54,587
2026-06-30T18:55:00+00:00,237.54,237.65,237.31,237.65,571
2026-06-30T19:00:00+00:00,237.65,238.03,237.55,238,677
2026-06-30T19:05:00+00:00,238,238.1,237.78,238.08,924
2026-06-30T19:10:00+00:00,238.08,238.23,237.84,238.22,1034
2026-06-30T19:15:00+00:00,238.22,238.69,238.16,238.54,1109
2026-06-30T19:20:00+00:00,238.54,239.12,238.38,238.94,882
2026-06-30T19:25:00+00:00,238.94,239.09,238.5,239.08,792
2026-06-30T19:30:00+00:00,239.08,239.3,238.89,239.26,782
2026-06-30T19:35:00+00:00,239.26,239.4,238.84,238.91,741
2026-06-30T19:40:00+00:00,238.91,238.98,238.23,238.43,786
2026-06-30T19:45:00+00:00,238.43,238.43,237.44,237.48,1076
2026-06-30T19:50:00+00:00,237.48,238.19,237.39,238.04,1282
2026-06-30T19:55:00+00:00,238.04,238.65,238.02,238.07,2061
2026-07-01T13:30:00+00:00,238.07,239.65,237.38,238.17,2748
2026-07-01T13:35:00+00:00,238.17,239.56,238.17,238.61,2186
2026-07-01T13:40:00+00:00,238.61,238.61,236.1,236.1,1813
2026-07-01T13:45:00+00:00,236.1,236.22,234.76,235.97,2082
2026-07-01T13:50:00+00:00,235.97,237.94,235.73,237.82,1889
2026-07-01T13:55:00+00:00,237.82,238.19,237.42,237.66,1806
2026-07-01T14:00:00+00:00,237.66,238.61,237.5,238.07,1594
2026-07-01T14:05:00+00:00,238.07,239.18,237.88,238.63,1664
2026-07-01T14:10:00+00:00,238.63,239.46,238.45,239.25,1552
2026-07-01T14:15:00+00:00,239.25,239.27,238.52,238.98,1582
2026-07-01T14:20:00+00:00,238.98,239.66,238.68,239.55,1448
2026-07-01T14:25:00+00:00,239.55,240.61,239.25,240.16,1351
2026-07-01T14:30:00+00:00,240.16,240.98,240.04,240.88,1803
2026-07-01T14:35:00+00:00,240.88,241.93,240.71,241.29,1957
2026-07-01T14:40:00+00:00,241.29,241.61,240.78,241.55,1510
2026-07-01T14:45:00+00:00,241.55,241.83,241.15,241.73,1739
2026-07-01T14:50:00+00:00,241.73,242.01,241.57,241.74,1670
2026-07-01T14:55:00+00:00,241.74,242.23,-2531.2205,-2530.6005,1584.289794271884
2026-07-01T15:00:00+00:00,242.38,242.92,241.62,241.67,2051
2026-07-01T15:05:00+00:00,241.67,242.23,241.58,242.23,1398
2026-07-01T15:10:00+00:00,242.23,242.24,241.68,241.89,1257
2026-07-01T15:15:00+00:00,241.89,241.94,241.22,241.46,1327
2026-07-01T15:20:00+00:00,241.46,243.25,241.41,242.76,1681
2026-07-01T15:25:00+00:00,242.76,243.42,242.64,243.14,1694
2026-07-01T15:30:00+00:00,243.14,243.28,242.46,242.73,1726
2026-07-01T15:35:00+00:00,242.73,242.87,241.73,242.16,1606
2026-07-01T15:40:00+00:00,242.16,242.19,241.42,241.76,1672
2026-07-01T15:45:00+00:00,241.76,242.12,241.58,241.67,1425
2026-07-01T15:50:00+00:00,241.67,241.77,241.23,241.39,1628
2026-07-01T15:55:00+00:00,241.39,242.28,241.36,242.22,1305
2026-07-01T16:00:00+00:00,242.22,242.36,241.88,241.99,1365
2026-07-01T16:05:00+00:00,241.99,242.13,241.72,241.78,1041
2026-07-01T16:10:00+00:00,241.78,242.35,241.78,242.28,1322
2026-07-01T16:15:00+00:00,242.28,242.63,241.9,242.07,1402
2026-07-01T16:20:00+00:00,242.07,242.24,241.72,242.07,1305
2026-07-01T16:25:00+00:00,242.07,242.45,242.03,242.04,842
2026-07-01T16:30:00+00:00,242.04,242.6,242.03,242.28,1006
2026-07-01T16:35:00+00:00,242.28,242.52,242.21,242.32,949
2026-07-01T16:40:00+00:00,242.32,242.49,242.13,242.41,951
2026-07-01T16:45:00+00:00,242.41,242.83,242.27,242.29,1019
2026-07-01T16:50:00+00:00,242.29,242.95,242.29,242.84,1233
2026-07-01T16:55:00+00:00,242.84,242.91,241.89,242.1,1594
2026-07-01T17:00:00+00:00,242.1,243.07,242.08,242.9,1627
2026-07-01T17:05:00+00:00,242.9,243.49,242.68,243.45,1556
2026-07-01T17:10:00+00:00,243.45,243.87,243.01,243.73,1391
2026-07-01T17:15:00+00:00,243.73,244.29,243.66,244.16,1326
2026-07-01T17:20:00+00:00,244.16,244.77,244.16,244.7,1430
2026-07-01T17:25:00+00:00,244.7,244.74,243.88,244.21,1035
2026-07-01T17:30:00+00:00,244.21,244.4,243.67,243.85,1280
2026-07-01T17:35:00+00:00,243.85,244.15,243.64,243.94,1332
2026-07-01T17:40:00+00:00,243.94,243.94,243.46,243.71,990
2026-07-01T17:45:00+00:00,243.71,244.05,243.67,243.85,1077
2026-07-01T17:50:00+00:00,243.85,244.27,243.73,243.98,1157
2026-07-01T17:55:00+00:00,243.98,244.06,243.6,243.71,1108
2026-07-01T18:00:00+00:00,243.71,244.41,243.63,244.21,1368
2026-07-01T18:05:00+00:00,244.21,244.48,244.03,244.32,1178
2026-07-01T18:10:00+00:00,244.32,244.4,243.81,243.97,923
2026-07-01T18:15:00+00:00,243.97,243.99,243.58,243.8,1260
2026-07-01T18:20:00+00:00,243.8,244.07,243.79,243.89,837
2026-07-01T18:25:00+00:00,243.89,244.27,243.82,243.95,957
2026-07-01T18:30:00+00:00,243.95,244.12,243.6,243.67,924
2026-07-01T18:35:00+00:00,243.67,244.07,243.65,243.94,746
2026-07-01T18:40:00+00:00,243.94,244.12,243.74,243.98,829
2026-07-01T18:45:00+00:00,243.98,244.2,243.7,243.8,1000
2026-07-01T18:50:00+00:00,243.8,244.04,243.54,243.55,984
2026-07-01T18:55:00+00:00,243.55,243.85,243.51,243.74,1314
2026-07-01T19:00:00+00:00,243.74,244.14,243.6,243.7,1164
2026-07-01T19:05:00+00:00,243.7,243.85,243.48,243.51,1340
2026-07-01T19:10:00+00:00,243.51,243.63,242.8,242.88,1170
2026-07-01T19:15:00+00:00,242.88,243.29,242.55,242.66,1104
2026-07-01T19:20:00+00:00,242.66,242.8,242.28,242.28,1136
2026-07-01T19:25:00+00:00,242.28,242.54,241.88,241.9,1195
2026-07-01T19:30:00+00:00,241.9,242.06,241.68,241.87,1283
2026-07-01T19:35:00+00:00,241.87,242.28,241.83,242.27,1059
2026-07-01T19:40:00+00:00,242.27,242.35,241.83,242.12,1224
2026-07-01T19:45:00+00:00,242.12,242.26,241.88,242.13,939
2026-07-01T19:50:00+00:00,242.13,242.13,241.39,241.86,1162
2026-07-01T19:55:00+00:00,241.86,242.05,241.38,241.72,1854
2026-07-02T13:30:00+00:00,241.72,244.42,241.29,241.58,2568
2026-07-02T13:35:00+00:00,241.58,243.33,240.93,243.31,1866
2026-07-02T13:40:00+00:00,243.31,243.7,242.03,242.06,1854
2026-07-02T13:45:00+00:00,242.06,242.92,241.68,242.76,1854
2026-07-02T13:50:00+00:00,242.76,243.1,242.11,242.5,1828
2026-07-02T13:55:00+00:00,242.5,242.64,241.78,241.78,1462
2026-07-02T14:00:00+00:00,241.78,242.85,241.61,242.75,1664
2026-07-02T14:05:00+00:00,242.75,243.48,242.66,243.03,1705
2026-07-02T14:10:00+00:00,243.03,243.84,242.82,243.62,1636
2026-07-02T14:15:00+00:00,243.62,244.2,243.38,244.18,1714
2026-07-02T14:20:00+00:00,244.18,244.52,244.04,244.24,2091
2026-07-02T14:25:00+00:00,244.24,244.5,243.65,243.9,2545
2026-07-02T14:30:00+00:00,243.9,244.94,243.74,244.49,1910
2026-07-02T14:35:00+00:00,244.49,245.29,244.23,244.82,2236
2026-07-02T14:40:00+00:00,244.82,245.29,244.52,245,2704
2026-07-02T14:45:00+00:00,245,245.25,244.43,245.06,2631
2026-07-02T14:50:00+00:00,245.06,245.21,244.09,244.3,2509
2026-07-02T14:55:00+00:00,244.3,244.8,-2528.3305,-2528.0105,2295.802731411229
2026-07-02T15:00:00+00:00,245.04,245.36,244.58,245.17,2104
2026-07-02T15:05:00+00:00,245.17,245.41,243.65,244.29,2943
2026-07-02T15:10:00+00:00,244.29,245.09,244.14,245.03,2334
2026-07-02T15:15:00+00:00,245.03,245.42,244.89,245.15,2323
2026-07-02T15:20:00+00:00,245.15,245.73,244.84,245.69,2347
2026-07-02T15:25:00+00:00,245.69,245.72,244.58,244.62,2340
2026-07-02T15:30:00+00:00,244.62,245.56,244.58,245.17,2000
2026-07-02T15:35:00+00:00,245.17,245.79,245.06,245.65,1898
2026-07-02T15:40:00+00:00,245.65,245.78,245.2,245.26,1904
2026-07-02T15:45:00+00:00,245.26,245.38,244.76,245.02,1982
2026-07-02T15:50:00+00:00,245.02,245.02,244.38,244.88,1831
2026-07-02T15:55:00+00:00,244.88,245.74,244.61,245.67,1590
2026-07-02T16:00:00+00:00,245.67,245.79,245.26,245.46,2004
2026-07-02T16:05:00+00:00,245.46,245.77,245.1,245.14,2238
2026-07-02T16:10:00+00:00,245.14,246.19,245,246.14,1979
2026-07-02T16:15:00+00:00,246.14,246.56,245.92,246.07,2165
2026-07-02T16:20:00+00:00,246.07,246.12,245.71,245.85,2035
2026-07-02T16:25:00+00:00,245.85,246.1,245.76,246.01,1738
2026-07-02T16:30:00+00:00,246.01,246.06,245.48,245.55,1886
2026-07-02T16:35:00+00:00,245.55,245.55,244.96,245.46,2318
2026-07-02T16:40:00+00:00,245.46,245.53,245.06,245.19,2060
2026-07-02T16:45:00+00:00,245.19,245.51,245.18,245.39,1620
2026-07-02T16:50:00+00:00,245.39,245.63,245.16,245.19,1617
2026-07-02T16:55:00+00:00,245.19,245.25,244.39,244.46,2025
2026-07-02T17:00:00+00:00,244.46,244.85,243.62,243.88,1988
2026-07-02T17:05:00+00:00,243.88,244.28,243.59,244.06,1986
2026-07-02T17:10:00+00:00,244.06,244.51,243.99,244.47,1699
2026-07-02T17:15:00+00:00,244.47,244.52,243.79,244,1647
2026-07-02T17:20:00+00:00,244,244.24,243.8,244.15,1563
2026-07-02T17:25:00+00:00,244.15,244.77,244.12,244.75,1307
2026-07-02T17:30:00+00:00,244.75,245.27,244.73,244.83,1691
2026-07-02T17:35:00+00:00,244.83,244.92,244.36,244.4,1581
2026-07-02T17:40:00+00:00,244.4,244.46,243.39,243.57,1959
2026-07-02T17:45:00+00:00,243.57,243.95,243.4,243.83,2082
2026-07-02T17:50:00+00:00,243.83,244.13,243.8,243.94,1471
2026-07-02T17:55:00+00:00,243.94,244.03,243.7,243.94,1512
2026-07-02T18:00:00+00:00,243.94,243.94,243.44,243.79,1784
2026-07-02T18:05:00+00:00,243.79,244.46,243.7,244.09,1403
2026-07-02T18:10:00+00:00,244.09,244.42,243.89,244.29,1655
2026-07-02T18:15:00+00:00,244.29,244.47,243.92,244.16,1506
2026-07-02T18:20:00+00:00,244.16,244.31,243.96,244.01,1396
2026-07-02T18:25:00+00:00,244.01,244.11,243.6,243.77,1348
2026-07-02T18:30:00+00:00,243.77,244.07,243.56,243.88,1551
2026-07-02T18:35:00+00:00,243.88,244.09,243.68,243.85,1449
2026-07-02T18:40:00+00:00,243.85,243.87,243.26,243.35,1186
2026-07-02T18:45:00+00:00,243.35,243.65,243.24,243.61,1146
2026-07-02T18:50:00+00:00,243.61,243.72,243.32,243.33,1128
2026-07-02T18:55:00+00:00,243.33,243.49,242.82,243.12,1381
2026-07-02T19:00:00+00:00,243.12,243.16,242.6,242.75,1453
2026-07-02T19:05:00+00:00,242.75,243.29,242.52,243.12,1736
2026-07-02T19:10:00+00:00,243.12,243.72,243.11,243.47,1459
2026-07-02T19:15:00+00:00,243.47,243.63,243.07,243.58,1414
2026-07-02T19:20:00+00:00,243.58,243.99,243.5,243.65,1153
2026-07-02T19:25:00+00:00,243.65,244,243.61,243.85,1127
2026-07-02T19:30:00+00:00,243.85,244,243.63,243.68,1021
2026-07-02T19:35:00+00:00,243.68,243.81,243.07,243.22,1171
2026-07-02T19:40:00+00:00,243.22,243.38,243.01,243.35,927
2026-07-02T19:45:00+00:00,243.35,243.64,242.93,243.07,1025
2026-07-02T19:50:00+00:00,243.07,243.75,242.95,243.44,1417
2026-07-02T19:55:00+00:00,243.44,243.69,242.1,242.34,1896
2026-07-06T13:30:00+00:00,242.34,245.25,242.34,243.01,1155
2026-07-06T13:35:00+00:00,243.01,243.2,241.39,241.79,1053
2026-07-06T13:40:00+00:00,241.79,242.41,240.75,241.15,956
2026-07-06T13:45:00+00:00,241.15,242.25,241.14,241.73,975
2026-07-06T13:50:00+00:00,241.73,242.09,241.32,241.41,976
2026-07-06T13:55:00+00:00,241.41,242.37,241.29,241.48,859
2026-07-06T14:00:00+00:00,241.48,242.23,241.23,241.71,954
2026-07-06T14:05:00+00:00,241.71,243.08,241.4,242.76,1120
2026-07-06T14:10:00+00:00,242.76,243.09,241.78,242.57,1059
2026-07-06T14:15:00+00:00,242.57,242.69,241.93,242.36,836
2026-07-06T14:20:00+00:00,242.36,242.84,242.24,242.8,804
2026-07-06T14:25:00+00:00,242.8,243.3,242.68,242.9,880
2026-07-06T14:30:00+00:00,242.9,243.55,242.56,243.05,821
2026-07-06T14:35:00+00:00,243.05,243.25,242.73,243.13,752
2026-07-06T14:40:00+00:00,243.13,243.29,242.48,242.52,625
2026-07-06T14:45:00+00:00,242.52,243.05,242.48,242.91,689
2026-07-06T14:50:00+00:00,242.91,242.95,242.33,242.64,733
2026-07-06T14:55:00+00:00,242.64,242.82,242.3,242.55,731
2026-07-06T15:00:00+00:00,242.55,243.12,242.41,243.08,791
2026-07-06T15:05:00+00:00,243.08,243.88,242.97,243.82,725
2026-07-06T15:10:00+00:00,243.82,244.71,243.8,244.25,725
2026-07-06T15:15:00+00:00,244.25,244.77,244.23,244.46,810
2026-07-06T15:20:00+00:00,244.46,244.46,244.14,244.36,555
2026-07-06T15:25:00+00:00,244.36,244.7,244.18,244.54,730
2026-07-06T15:30:00+00:00,244.54,244.77,244.49,244.5,744
2026-07-06T15:35:00+00:00,244.5,244.98,244.5,244.69,666
2026-07-06T15:40:00+00:00,244.69,245.41,244.33,245.29,833
2026-07-06T15:45:00+00:00,245.29,245.43,245,245.09,666
2026-07-06T15:50:00+00:00,245.09,245.31,244.81,245.12,675
2026-07-06T15:55:00+00:00,245.12,245.55,245.03,245.28,619
2026-07-06T16:00:00+00:00,245.28,245.91,245.15,245.69,568
2026-07-06T16:05:00+00:00,245.69,245.84,245.31,245.48,631
2026-07-06T16:10:00+00:00,245.48,245.68,245.27,245.47,610
2026-07-06T16:15:00+00:00,245.47,245.67,245.44,245.51,464
2026-07-06T16:20:00+00:00,245.51,245.57,245.18,245.2,426
2026-07-06T16:25:00+00:00,245.2,245.29,244.68,244.69,506
2026-07-06T16:30:00+00:00,244.69,244.85,244.55,244.62,474
2026-07-06T16:35:00+00:00,244.62,244.7,244.47,244.59,386
2026-07-06T16:40:00+00:00,244.59,244.81,244.53,244.62,388
2026-07-06T16:45:00+00:00,244.62,244.74,244.41,244.58,360
2026-07-06T16:50:00+00:00,244.58,244.71,244.3,244.49,366
2026-07-06T16:55:00+00:00,244.49,244.72,244.39,244.49,521
2026-07-06T17:00:00+00:00,244.49,244.89,244.48,244.71,496
2026-07-06T17:05:00+00:00,244.71,244.9,244.6,244.78,420
2026-07-06T17:10:00+00:00,244.78,245.13,244.78,245.1,487
2026-07-06T17:15:00+00:00,245.1,245.29,244.88,244.95,411
2026-07-06T17:20:00+00:00,244.95,245.1,244.8,244.98,447
2026-07-06T17:25:00+00:00,244.98,245.29,244.9,245.28,476
2026-07-06T17:30:00+00:00,245.28,245.53,245.11,245.15,667
2026-07-06T17:35:00+00:00,245.15,245.58,245.14,245.44,619
2026-07-06T17:40:00+00:00,245.44,245.5,245.12,245.25,547
2026-07-06T17:45:00+00:00,245.25,245.27,244.72,244.79,539
2026-07-06T17:50:00+00:00,244.79,245.04,244.77,244.9,384
2026-07-06T17:55:00+00:00,244.9,244.93,244.49,244.78,578
2026-07-06T18:00:00+00:00,244.78,244.87,244.64,244.84,640
2026-07-06T18:05:00+00:00,244.84,244.9,244.48,244.52,559
2026-07-06T18:10:00+00:00,244.52,244.63,244.21,244.62,575
2026-07-06T18:15:00+00:00,244.62,244.94,244.56,244.6,511
2026-07-06T18:20:00+00:00,244.6,244.88,244.6,244.87,426
2026-07-06T18:25:00+00:00,244.87,245.07,244.59,245.05,418
2026-07-06T18:30:00+00:00,245.05,245.4,244.98,245.33,394
2026-07-06T18:35:00+00:00,245.33,245.4,245.17,245.31,303
2026-07-06T18:40:00+00:00,245.31,245.45,245.09,245.2,337
2026-07-06T18:45:00+00:00,245.2,245.29,245.06,245.26,380
2026-07-06T18:50:00+00:00,245.26,245.6,245.2,245.53,409
2026-07-06T18:55:00+00:00,245.53,245.54,245.19,245.31,339
2026-07-06T19:00:00+00:00,245.31,245.37,245.07,245.28,428
2026-07-06T19:05:00+00:00,245.28,245.55,245.2,245.49,445
2026-07-06T19:10:00+00:00,245.49,245.67,245.42,245.52,389
2026-07-06T19:15:00+00:00,245.52,245.73,245.44,245.68,403
2026-07-06T19:20:00+00:00,245.68,245.72,245.17,245.31,435
2026-07-06T19:25:00+00:00,245.31,245.49,245.19,245.36,446
2026-07-06T19:30:00+00:00,245.36,245.67,245.08,245.13,492
2026-07-06T19:35:00+00:00,245.13,245.3,245.08,245.26,545
2026-07-06T19:40:00+00:00,245.26,245.31,244.83,244.9,562
2026-07-06T19:45:00+00:00,244.9,245.11,244.66,244.89,823
2026-07-06T19:50:00+00:00,244.89,244.89,243.89,243.93,1245
2026-07-06T19:55:00+00:00,243.93,244.24,243.68,244.03,1328
2026-07-07T13:30:00+00:00,244.03,247.46,244.03,246.9,2163
2026-07-07T13:35:00+00:00,246.9,247.02,244.98,245.12,1878
2026-07-07T13:40:00+00:00,245.12,245.95,244.55,245.53,1707
2026-07-07T13:45:00+00:00,245.53,247.42,245.24,246.96,2050
2026-07-07T13:50:00+00:00,246.96,248.62,246.84,248.45,1904
2026-07-07T13:55:00+00:00,248.45,248.79,246.74,247.74,2218
2026-07-07T14:00:00+00:00,247.74,247.82,246.42,246.69,2333
2026-07-07T14:05:00+00:00,246.69,246.96,245.58,246.21,1955
2026-07-07T14:10:00+00:00,246.21,247.26,246.19,246.9,1290
2026-07-07T14:15:00+00:00,246.9,247,245.72,246.21,1417
2026-07-07T14:20:00+00:00,246.21,246.22,245.56,245.58,1448
2026-07-07T14:25:00+00:00,245.58,245.71,244.7,244.96,2229
2026-07-07T14:30:00+00:00,244.96,245.17,244.22,244.29,2008
2026-07-07T14:35:00+00:00,244.29,245.13,243.98,244.82,2057
2026-07-07T14:40:00+00:00,244.82,245.21,244.72,245.16,2007
2026-07-07T14:45:00+00:00,245.16,245.53,244.84,244.84,1631
2026-07-07T14:50:00+00:00,244.84,245.16,244.72,244.94,1709
2026-07-07T14:55:00+00:00,244.94,244.99,243.77,244.13,1353
2026-07-07T15:00:00+00:00,244.13,244.28,243.76,243.88,1641
2026-07-07T15:05:00+00:00,243.88,244.25,243.49,243.5,1421
2026-07-07T15:10:00+00:00,243.5,243.68,243.32,243.35,836
2026-07-07T15:15:00+00:00,243.35,243.65,243.28,243.54,1316
2026-07-07T15:20:00+00:00,243.54,243.64,243.28,243.28,1280
2026-07-07T15:25:00+00:00,243.28,243.55,242.93,242.94,1563
2026-07-07T15:30:00+00:00,242.94,243.42,242.71,242.84,1510
2026-07-07T15:35:00+00:00,242.84,243.19,242.64,242.65,1468
2026-07-07T15:40:00+00:00,242.65,243.08,242.53,242.83,1546
2026-07-07T15:45:00+00:00,242.83,243.36,242.7,243.24,1403
2026-07-07T15:50:00+00:00,243.24,243.56,242.78,242.9,1268
2026-07-07T15:55:00+00:00,242.9,243.69,242.81,243.64,1497
2026-07-07T16:00:00+00:00,243.64,244.04,243.43,243.74,1516
2026-07-07T16:05:00+00:00,243.74,244.25,243.69,244.04,1420
2026-07-07T16:10:00+00:00,244.04,244.48,243.86,244.4,1239
2026-07-07T16:15:00+00:00,244.4,244.63,244.26,244.3,984
2026-07-07T16:20:00+00:00,244.3,244.57,244.15,244.46,794
2026-07-07T16:25:00+00:00,244.46,244.55,244.2,244.37,824
2026-07-07T16:30:00+00:00,244.37,244.86,244.36,244.81,956
2026-07-07T16:35:00+00:00,244.81,245.42,244.71,245.41,927
2026-07-07T16:40:00+00:00,245.41,245.59,245.24,245.34,979
2026-07-07T16:45:00+00:00,245.34,245.85,245.32,245.7,928
2026-07-07T16:50:00+00:00,245.7,245.83,245.51,245.77,859
2026-07-07T16:55:00+00:00,245.77,246.16,245.48,245.66,900
2026-07-07T17:00:00+00:00,245.66,245.77,245.48,245.69,840
2026-07-07T17:05:00+00:00,245.69,245.78,245.07,245.15,785
2026-07-07T17:10:00+00:00,245.15,245.29,244.8,244.89,978
2026-07-07T17:15:00+00:00,244.89,245.14,244.76,244.86,839
2026-07-07T17:20:00+00:00,244.86,244.98,244.79,244.91,639
2026-07-07T17:25:00+00:00,244.91,245.38,244.88,245.32,769
2026-07-07T17:30:00+00:00,245.32,245.62,245.28,245.54,832
2026-07-07T17:35:00+00:00,245.54,245.63,245.25,245.39,399
2026-07-07T17:40:00+00:00,245.39,245.61,245.24,245.42,638
2026-07-07T17:45:00+00:00,245.42,245.63,245.27,245.31,732
2026-07-07T17:50:00+00:00,245.31,245.52,245.12,245.5,488
2026-07-07T17:55:00+00:00,245.5,246.27,245.44,246.15,774
2026-07-07T18:00:00+00:00,246.15,246.64,246.14,246.57,1225
2026-07-07T18:05:00+00:00,246.57,246.58,246.17,246.25,691
2026-07-07T18:10:00+00:00,246.25,246.37,245.58,245.82,939
2026-07-07T18:15:00+00:00,245.82,245.88,245.58,245.68,628
2026-07-07T18:20:00+00:00,245.68,246.34,245.56,246.27,941
2026-07-07T18:25:00+00:00,246.27,246.3,245.89,245.95,475
2026-07-07T18:30:00+00:00,245.95,246.08,245.59,245.59,729
2026-07-07T18:35:00+00:00,245.59,245.76,245.31,245.52,679
2026-07-07T18:40:00+00:00,245.52,245.8,245.45,245.79,548
2026-07-07T18:45:00+00:00,245.79,245.93,245.31,245.64,891
2026-07-07T18:50:00+00:00,245.64,246.1,245.6,245.72,1284
2026-07-07T18:55:00+00:00,245.72,245.85,245.52,245.67,949
2026-07-07T19:00:00+00:00,245.67,245.76,245.48,245.71,974
2026-07-07T19:05:00+00:00,245.71,245.86,245.55,245.69,891
2026-07-07T19:10:00+00:00,245.69,245.71,245.24,245.24,639
2026-07-07T19:15:00+00:00,245.24,245.52,245.03,245.37,1120
2026-07-07T19:20:00+00:00,245.37,245.78,245.31,245.78,1301
2026-07-07T19:25:00+00:00,245.78,245.81,245.38,245.46,919
2026-07-07T19:30:00+00:00,245.46,245.57,245.26,245.37,1032
2026-07-07T19:35:00+00:00,245.37,245.6,245.21,245.41,736
2026-07-07T19:40:00+00:00,245.41,245.88,245.38,245.54,958
2026-07-07T19:45:00+00:00,245.54,245.7,245.3,245.3,958
2026-07-07T19:50:00+00:00,245.3,245.78,245.13,245.43,1449
2026-07-07T19:55:00+00:00,245.43,246.14,245.2,245.81,1807
2026-07-08T13:30:00+00:00,245.81,245.81,241.65,241.71,1357
2026-07-08T13:35:00+00:00,241.71,243.1,240.76,242.97,1129
2026-07-08T13:40:00+00:00,242.97,244.07,242.79,244,950
2026-07-08T13:45:00+00:00,244,244.12,243.1,243.56,1071
2026-07-08T13:50:00+00:00,243.56,243.93,242.38,242.4,1058
2026-07-08T13:55:00+00:00,242.4,242.69,241.98,242.04,821
2026-07-08T14:00:00+00:00,242.04,242.43,241.77,242.42,990
2026-07-08T14:05:00+00:00,242.42,243.16,242.36,242.75,923
2026-07-08T14:10:00+00:00,242.75,243.13,242.22,242.29,962
2026-07-08T14:15:00+00:00,242.29,242.9,242.13,242.82,911
2026-07-08T14:20:00+00:00,242.82,244,242.79,243.79,1041
2026-07-08T14:25:00+00:00,243.79,244.01,242.91,242.96,1152
2026-07-08T14:30:00+00:00,242.96,242.96,242.28,242.46,1122
2026-07-08T14:35:00+00:00,242.46,242.48,241.57,241.68,1004
2026-07-08T14:40:00+00:00,241.68,241.79,241.44,241.66,754
2026-07-08T14:45:00+00:00,241.66,242.04,241.6,241.83,758
2026-07-08T14:50:00+00:00,241.83,242.05,241.58,241.99,1046
2026-07-08T14:55:00+00:00,241.99,242,-2532.1504999999997,-2532.1005,926.9032465963103
2026-07-08T15:00:00+00:00,240.95,241.19,240.77,240.96,977
2026-07-08T15:05:00+00:00,240.96,241.44,240.89,241.03,792
2026-07-08T15:10:00+00:00,241.03,241.56,240.96,241.45,714
2026-07-08T15:15:00+00:00,241.45,241.75,241.17,241.68,920
2026-07-08T15:20:00+00:00,241.68,242.1,241.5,241.56,1095
2026-07-08T15:25:00+00:00,241.56,241.6,241.07,241.14,993
2026-07-08T15:30:00+00:00,241.14,241.15,240.38,240.8,983
2026-07-08T15:35:00+00:00,240.8,241.13,240.65,241,804
2026-07-08T15:40:00+00:00,241,241.25,240.72,240.75,692
2026-07-08T15:45:00+00:00,240.75,240.96,240.56,240.79,755
2026-07-08T15:50:00+00:00,240.79,240.89,240.59,240.74,783
2026-07-08T15:55:00+00:00,240.74,241.04,240.71,240.8,746
2026-07-08T16:00:00+00:00,240.8,241.08,240.69,240.97,877
2026-07-08T16:05:00+00:00,240.97,241.23,240.95,241.16,762
2026-07-08T16:10:00+00:00,241.16,241.27,240.99,241.1,765
2026-07-08T16:15:00+00:00,241.1,241.58,241.1,241.51,704
2026-07-08T16:20:00+00:00,241.51,241.66,241.3,241.35,685
2026-07-08T16:25:00+00:00,241.35,241.59,241.23,241.45,627
2026-07-08T16:30:00+00:00,241.45,241.78,241.38,241.39,642
2026-07-08T16:35:00+00:00,241.39,241.52,240.96,241.32,792
2026-07-08T16:40:00+00:00,241.32,241.78,241.21,241.68,869
2026-07-08T16:45:00+00:00,241.68,241.99,241.64,241.88,709
2026-07-08T16:50:00+00:00,241.88,242.03,241.79,241.9,535
2026-07-08T16:55:00+00:00,241.9,242.07,241.77,241.91,598
2026-07-08T17:00:00+00:00,241.91,242.38,241.88,242.16,845
2026-07-08T17:05:00+00:00,242.16,242.25,241.98,242.18,653
2026-07-08T17:10:00+00:00,242.18,242.25,241.92,242.02,485
2026-07-08T17:15:00+00:00,242.02,242.38,242.02,242.32,508
2026-07-08T17:20:00+00:00,242.32,242.37,242.2,242.31,397
2026-07-08T17:25:00+00:00,242.31,242.45,242.2,242.41,350
2026-07-08T17:30:00+00:00,242.41,242.58,242.35,242.39,446
2026-07-08T17:35:00+00:00,242.39,242.4,241.94,241.97,560
2026-07-08T17:40:00+00:00,241.97,242,241.64,241.78,537
2026-07-08T17:45:00+00:00,241.78,241.89,241.65,241.79,592
2026-07-08T17:50:00+00:00,241.79,241.79,241.53,241.63,683
2026-07-08T17:55:00+00:00,241.63,241.8,241.44,241.44,601
2026-07-08T18:00:00+00:00,241.44,241.79,241.3,241.75,752
2026-07-08T18:05:00+00:00,241.75,241.91,241.74,241.78,614
2026-07-08T18:10:00+00:00,241.78,241.79,241.43,241.67,652
2026-07-08T18:15:00+00:00,241.67,241.77,241.54,241.73,620
2026-07-08T18:20:00+00:00,241.73,241.74,241.51,241.62,555
2026-07-08T18:25:00+00:00,241.62,241.83,241.6,241.71,463
2026-07-08T18:30:00+00:00,241.71,242.08,241.7,241.93,420
2026-07-08T18:35:00+00:00,241.93,242.14,241.79,242.14,418
2026-07-08T18:40:00+00:00,242.14,242.17,241.88,242.13,395
2026-07-08T18:45:00+00:00,242.13,242.44,241.98,242.38,422
2026-07-08T18:50:00+00:00,242.38,242.65,242.3,242.52,506
2026-07-08T18:55:00+00:00,242.52,242.57,242.21,242.39,542
2026-07-08T19:00:00+00:00,242.39,242.52,242.22,242.3,474
2026-07-08T19:05:00+00:00,242.3,242.57,242.24,242.34,505
2026-07-08T19:10:00+00:00,242.34,242.37,241.98,242.11,430
2026-07-08T19:15:00+00:00,242.11,242.3,241.99,242.25,522
2026-07-08T19:20:00+00:00,242.25,242.34,242.04,242.29,512
2026-07-08T19:25:00+00:00,242.29,242.44,242.23,242.24,372
2026-07-08T19:30:00+00:00,242.24,242.54,242.22,242.41,513
2026-07-08T19:35:00+00:00,242.41,242.83,242.41,242.75,511
2026-07-08T19:40:00+00:00,242.75,243.04,242.74,242.77,482
2026-07-08T19:45:00+00:00,242.77,242.77,242.23,242.41,528
2026-07-08T19:50:00+00:00,242.41,243.46,242.38,243.31,853
2026-07-08T19:55:00+00:00,243.31,244.12,243.21,243.44,1472
2026-07-09T13:30:00+00:00,243.44,243.44,238.1,239.92,1535
2026-07-09T13:35:00+00:00,239.92,241.24,239.61,241.24,986
2026-07-09T13:40:00+00:00,241.24,242.38,241.15,241.65,1097
2026-07-09T13:45:00+00:00,241.65,242.13,241.44,241.91,787
2026-07-09T13:50:00+00:00,241.91,242.58,241.55,242.18,851
2026-07-09T13:55:00+00:00,242.18,243.07,242.03,242.57,979
2026-07-09T14:00:00+00:00,242.57,242.78,241.88,242.15,916
2026-07-09T14:05:00+00:00,242.15,242.24,241.29,241.43,821
2026-07-09T14:10:00+00:00,241.43,241.46,240.68,240.85,826
2026-07-09T14:15:00+00:00,240.85,240.9,239.13,239.68,1218
2026-07-09T14:20:00+00:00,239.68,240.75,239.68,240.64,1109
2026-07-09T14:25:00+00:00,240.64,240.71,240.24,240.44,905
2026-07-09T14:30:00+00:00,240.44,240.81,240.17,240.45,1087
2026-07-09T14:35:00+00:00,240.45,241.41,240.42,241.38,892
2026-07-09T14:40:00+00:00,241.38,241.38,240.43,240.52,847
2026-07-09T14:45:00+00:00,240.52,240.76,240.48,240.58,822
2026-07-09T14:50:00+00:00,240.58,241.04,240.53,241.03,849
2026-07-09T14:55:00+00:00,241.03,241.13,240.73,241.12,693
2026-07-09T15:00:00+00:00,241.12,241.5,240.97,241,637
2026-07-09T15:05:00+00:00,241,241.58,240.94,241.38,734
2026-07-09T15:10:00+00:00,241.38,241.47,241,241.3,704
2026-07-09T15:15:00+00:00,241.3,241.79,241.26,241.56,666
2026-07-09T15:20:00+00:00,241.56,241.66,241.3,241.56,590
2026-07-09T15:25:00+00:00,241.56,241.78,241.44,241.65,625
2026-07-09T15:30:00+00:00,241.65,241.72,241.01,241.08,652
2026-07-09T15:35:00+00:00,241.08,241.45,240.99,241.44,442
2026-07-09T15:40:00+00:00,241.44,241.58,241.25,241.41,469
2026-07-09T15:45:00+00:00,241.41,241.68,241.28,241.54,474
2026-07-09T15:50:00+00:00,241.54,241.63,241.24,241.36,458
2026-07-09T15:55:00+00:00,241.36,241.72,241.34,241.43,463
2026-07-09T16:00:00+00:00,241.43,241.62,241.38,241.55,431
2026-07-09T16:05:00+00:00,241.55,241.59,240.88,240.98,522
2026-07-09T16:10:00+00:00,240.98,241.5,240.73,241.5,815
2026-07-09T16:15:00+00:00,241.5,242.04,241.36,241.95,626
2026-07-09T16:20:00+00:00,241.95,242.68,241.85,242.5,697
2026-07-09T16:25:00+00:00,242.5,242.66,241.99,242.14,525
2026-07-09T16:30:00+00:00,242.14,242.19,241.86,241.91,385
2026-07-09T16:35:00+00:00,241.91,242.49,241.86,242.43,471
2026-07-09T16:40:00+00:00,242.43,242.46,241.97,241.98,439
2026-07-09T16:45:00+00:00,241.98,242.2,241.77,241.91,347
2026-07-09T16:50:00+00:00,241.91,241.98,241.7,241.77,449
2026-07-09T16:55:00+00:00,241.77,242.11,241.7,242.11,521
2026-07-09T17:00:00+00:00,242.11,242.89,242.01,242.81,623
2026-07-09T17:05:00+00:00,242.81,243.39,242.78,243.3,549
2026-07-09T17:10:00+00:00,243.3,243.43,243.02,243.1,493
2026-07-09T17:15:00+00:00,243.1,243.25,243.09,243.25,319
2026-07-09T17:20:00+00:00,243.25,243.34,242.85,242.88,367
2026-07-09T17:25:00+00:00,242.88,243.99,242.88,243.85,566
2026-07-09T17:30:00+00:00,243.85,244.48,243.73,244.39,490
2026-07-09T17:35:00+00:00,244.39,244.46,244.05,244.12,531
2026-07-09T17:40:00+00:00,244.12,244.32,243.96,244.21,428
2026-07-09T17:45:00+00:00,244.21,244.36,243.67,243.77,491
2026-07-09T17:50:00+00:00,243.77,243.85,243.38,243.38,439
2026-07-09T17:55:00+00:00,243.38,243.67,243.35,243.58,487
2026-07-09T18:00:00+00:00,243.58,244.02,243.55,243.98,456
2026-07-09T18:05:00+00:00,243.98,244.15,243.82,243.96,379
2026-07-09T18:10:00+00:00,243.96,244.58,243.9,244.55,372
2026-07-09T18:15:00+00:00,244.55,244.96,244.47,244.55,493
2026-07-09T18:20:00+00:00,244.55,244.82,244.48,244.53,417
2026-07-09T18:25:00+00:00,244.53,244.95,244.52,244.94,476
2026-07-09T18:30:00+00:00,244.94,245.03,244.7,244.76,469
2026-07-09T18:35:00+00:00,244.76,245.04,244.75,244.84,446
2026-07-09T18:40:00+00:00,244.84,244.91,244.66,244.73,349
2026-07-09T18:45:00+00:00,244.73,244.81,244.41,244.48,388
2026-07-09T18:50:00+00:00,244.48,244.55,244.09,244.18,553
2026-07-09T18:55:00+00:00,244.18,244.36,244.09,244.19,361
2026-07-09T19:00:00+00:00,244.19,244.57,244.07,244.56,385
2026-07-09T19:05:00+00:00,244.56,244.81,244.34,244.73,415
2026-07-09T19:10:00+00:00,244.73,244.92,244.67,244.85,386
2026-07-09T19:15:00+00:00,244.85,245.1,244.81,245.09,440
2026-07-09T19:20:00+00:00,245.09,245.39,245.03,245.07,506
2026-07-09T19:25:00+00:00,245.07,245.38,244.95,245.37,409
2026-07-09T19:30:00+00:00,245.37,245.85,245.36,245.63,666
2026-07-09T19:35:00+00:00,245.63,245.9,245.57,245.79,502
2026-07-09T19:40:00+00:00,245.79,245.84,245.49,245.6,507
2026-07-09T19:45:00+00:00,245.6,245.92,245.51,245.74,551
2026-07-09T19:50:00+00:00,245.74,246.98,245.74,246.91,1222
2026-07-09T19:55:00+00:00,246.91,247.19,246.44,246.96,1125
2026-07-10T13:30:00+00:00,246.96,250.85,246.96,248.82,1666
2026-07-10T13:35:00+00:00,248.82,249.24,248.05,249.04,1695
2026-07-10T13:40:00+00:00,249.04,249.18,247.08,247.61,1543
2026-07-10T13:45:00+00:00,247.61,247.63,246.32,246.45,1232
2026-07-10T13:50:00+00:00,246.45,246.88,246.09,246.67,1142
2026-07-10T13:55:00+00:00,246.67,247.06,245.68,245.69,1130
2026-07-10T14:00:00+00:00,245.69,245.88,244.89,245.15,1439
2026-07-10T14:05:00+00:00,245.15,245.59,244.71,245.56,1309
2026-07-10T14:10:00+00:00,245.56,246.05,245.48,245.8,1110
2026-07-10T14:15:00+00:00,245.8,246.58,245.79,246.41,1226
2026-07-10T14:20:00+00:00,246.41,246.66,245.98,246.57,1256
2026-07-10T14:25:00+00:00,246.57,246.65,245.99,246.05,1210
2026-07-10T14:30:00+00:00,246.05,246.24,244.23,245.23,2366
2026-07-10T14:35:00+00:00,245.23,245.59,244.92,245.15,1377
2026-07-10T14:40:00+00:00,245.15,245.43,244.91,245.38,1315
2026-07-10T14:45:00+00:00,245.38,245.56,245.13,245.46,930
2026-07-10T14:50:00+00:00,245.46,245.63,245.12,245.32,1040
2026-07-10T14:55:00+00:00,245.32,245.42,-2527.7405,-2527.6605,964.6647247305564
2026-07-10T15:00:00+00:00,245.41,245.44,244.53,244.6,1307
2026-07-10T15:05:00+00:00,244.6,245.11,244.43,245.09,1100
2026-07-10T15:10:00+00:00,245.09,245.49,245.05,245.13,909
2026-07-10T15:15:00+00:00,245.13,245.78,245.03,245.59,1083
2026-07-10T15:20:00+00:00,245.59,245.83,245.37,245.7,1162
2026-07-10T15:25:00+00:00,245.7,245.84,245.54,245.79,754
2026-07-10T15:30:00+00:00,245.79,246.05,245.78,245.81,929
2026-07-10T15:35:00+00:00,245.81,246.21,245.78,245.83,1097
2026-07-10T15:40:00+00:00,245.83,246.08,245.54,245.88,1179
2026-07-10T15:45:00+00:00,245.88,246.29,245.72,246.25,1241
2026-07-10T15:50:00+00:00,246.25,246.56,246.1,246.46,938
2026-07-10T15:55:00+00:00,246.46,246.54,246.04,246.11,918
2026-07-10T16:00:00+00:00,246.11,246.39,246.05,246.2,847
2026-07-10T16:05:00+00:00,246.2,246.4,246.07,246.36,868
2026-07-10T16:10:00+00:00,246.36,246.37,246.08,246.15,646
2026-07-10T16:15:00+00:00,246.15,246.45,246.1,246.27,732
2026-07-10T16:20:00+00:00,246.27,246.3,245.78,245.99,752
2026-07-10T16:25:00+00:00,245.99,246.01,245.54,245.55,648
2026-07-10T16:30:00+00:00,245.55,245.98,245.54,245.82,562
2026-07-10T16:35:00+00:00,245.82,245.84,245.41,245.71,644
2026-07-10T16:40:00+00:00,245.71,245.85,245.59,245.84,573
2026-07-10T16:45:00+00:00,245.84,245.97,245.63,245.85,664
2026-07-10T16:50:00+00:00,245.85,246.31,245.77,246.25,520
2026-07-10T16:55:00+00:00,246.25,246.3,245.76,245.79,603
2026-07-10T17:00:00+00:00,245.79,245.83,245.33,245.52,388
2026-07-10T17:05:00+00:00,245.52,245.55,245.23,245.35,428
2026-07-10T17:10:00+00:00,245.35,245.37,244.89,245.11,438
2026-07-10T17:15:00+00:00,245.11,245.58,245.06,245.38,651
2026-07-10T17:20:00+00:00,245.38,245.45,244.94,244.95,548
2026-07-10T17:25:00+00:00,244.95,244.96,244.69,244.7,385
2026-07-10T17:30:00+00:00,244.7,244.75,244.46,244.57,605
2026-07-10T17:35:00+00:00,244.57,244.69,244.43,244.58,525
2026-07-10T17:40:00+00:00,244.58,244.75,244.28,244.31,587
2026-07-10T17:45:00+00:00,244.31,244.66,244.31,244.6,490
2026-07-10T17:50:00+00:00,244.6,245.05,244.53,244.9,592
2026-07-10T17:55:00+00:00,244.9,244.98,244.79,244.91,438
2026-07-10T18:00:00+00:00,244.91,245.05,244.64,245.01,449
2026-07-10T18:05:00+00:00,245.01,245.11,244.85,244.86,532
2026-07-10T18:10:00+00:00,244.86,245.36,244.83,245.3,678
2026-07-10T18:15:00+00:00,245.3,245.42,245.2,245.27,529
2026-07-10T18:20:00+00:00,245.27,245.3,245.06,245.2,333
2026-07-10T18:25:00+00:00,245.2,245.58,245.2,245.49,443
2026-07-10T18:30:00+00:00,245.49,245.75,245.41,245.55,462
2026-07-10T18:35:00+00:00,245.55,245.7,245.48,245.7,371
2026-07-10T18:40:00+00:00,245.7,245.71,245.53,245.63,421
2026-07-10T18:45:00+00:00,245.63,245.65,245.48,245.49,351
2026-07-10T18:50:00+00:00,245.49,245.58,245.19,245.36,399
2026-07-10T18:55:00+00:00,245.36,245.36,245.06,245.13,436
2026-07-10T19:00:00+00:00,245.13,245.35,245.13,245.21,498
2026-07-10T19:05:00+00:00,245.21,245.35,245.15,245.16,308
2026-07-10T19:10:00+00:00,245.16,245.38,245.09,245.18,479
2026-07-10T19:15:00+00:00,245.18,245.56,245.17,245.53,473
2026-07-10T19:20:00+00:00,245.53,245.56,245.29,245.44,461
2026-07-10T19:25:00+00:00,245.44,245.48,245.29,245.32,323
2026-07-10T19:30:00+00:00,245.32,245.37,244.98,245.17,628
2026-07-10T19:35:00+00:00,245.17,245.26,245.06,245.15,331
2026-07-10T19:40:00+00:00,245.15,245.34,245.03,245.24,450
2026-07-10T19:45:00+00:00,245.24,245.94,245.23,245.55,708
2026-07-10T19:50:00+00:00,245.55,245.86,245.03,245.06,718
2026-07-10T19:55:00+00:00,245.06,245.44,245.05,245.35,824
2026-07-13T13:30:00+00:00,245.35,247.84,242.9,246.65,2736
2026-07-13T13:35:00+00:00,246.65,248.13,246.05,247.99,2500
2026-07-13T13:40:00+00:00,247.99,248.41,247.6,248.08,2028
2026-07-13T13:45:00+00:00,248.08,248.41,246.13,246.51,2194
2026-07-13T13:50:00+00:00,246.51,246.81,245.48,246.54,2407
2026-07-13T13:55:00+00:00,246.54,247.97,246.42,247.84,1927
2026-07-13T14:00:00+00:00,247.84,247.99,246.66,246.68,2008
2026-07-13T14:05:00+00:00,246.68,246.88,246.29,246.66,1609
2026-07-13T14:10:00+00:00,246.66,247.15,246.54,246.86,1436
2026-07-13T14:15:00+00:00,246.86,247.11,245.15,246.28,2536
2026-07-13T14:20:00+00:00,246.28,246.51,245.89,246.17,1931
2026-07-13T14:25:00+00:00,246.17,246.47,245.85,246.37,1537
2026-07-13T14:30:00+00:00,246.37,246.53,245.95,246.06,1190
2026-07-13T14:35:00+00:00,246.06,246.64,246.02,246.43,1048
2026-07-13T14:40:00+00:00,246.43,246.73,246.28,246.54,893
2026-07-13T14:45:00+00:00,246.54,247.82,246.37,247.74,1260
2026-07-13T14:50:00+00:00,247.74,248.46,247.54,248.08,1492
2026-07-13T14:55:00+00:00,248.08,248.41,247.78,248.14,1214
2026-07-13T15:00:00+00:00,248.14,249.16,247.99,248.92,1559
2026-07-13T15:05:00+00:00,248.92,249.19,248.69,248.84,1157
2026-07-13T15:10:00+00:00,248.84,248.96,248.02,248.12,960
2026-07-13T15:15:00+00:00,248.12,248.55,247.95,248.21,898
2026-07-13T15:20:00+00:00,248.21,248.55,248.08,248.36,1105
2026-07-13T15:25:00+00:00,248.36,248.69,248.22,248.6,1146
2026-07-13T15:30:00+00:00,248.6,248.92,248.29,248.7,1269
2026-07-13T15:35:00+00:00,248.7,248.88,248.37,248.64,942
2026-07-13T15:40:00+00:00,248.64,248.77,248.12,248.28,1079
2026-07-13T15:45:00+00:00,248.28,248.39,248.09,248.1,803
2026-07-13T15:50:00+00:00,248.1,248.23,247.6,247.79,1153
2026-07-13T15:55:00+00:00,247.79,247.95,247.61,247.72,1072
2026-07-13T16:00:00+00:00,247.72,248.02,247.57,247.68,747
2026-07-13T16:05:00+00:00,247.68,247.91,247.5,247.82,943
2026-07-13T16:10:00+00:00,247.82,247.92,247.6,247.89,904
2026-07-13T16:15:00+00:00,247.89,248.15,247.62,248.09,782
2026-07-13T16:20:00+00:00,248.09,248.24,247.93,248.07,943
2026-07-13T16:25:00+00:00,248.07,248.2,247.77,248.02,1130
2026-07-13T16:30:00+00:00,248.02,248.09,247.68,247.92,1075
2026-07-13T16:35:00+00:00,247.92,248.44,247.73,248.24,1294
2026-07-13T16:40:00+00:00,248.24,248.4,247.95,248.2,1314
2026-07-13T16:45:00+00:00,248.2,248.36,247.6,247.74,1175
2026-07-13T16:50:00+00:00,247.74,247.78,247.28,247.29,1324
2026-07-13T16:55:00+00:00,247.29,247.72,247.28,247.5,1109
2026-07-13T17:00:00+00:00,247.5,247.75,247.42,247.49,890
2026-07-13T17:05:00+00:00,247.49,247.77,247.48,247.62,897
2026-07-13T17:10:00+00:00,247.62,248.11,247.5,248.03,885
2026-07-13T17:15:00+00:00,248.03,248.38,247.86,248.11,1072
2026-07-13T17:20:00+00:00,248.11,248.33,248.04,248.05,723
2026-07-13T17:25:00+00:00,248.05,248.46,248.02,248.3,1051
2026-07-13T17:30:00+00:00,248.3,248.54,248.19,248.39,994
2026-07-13T17:35:00+00:00,248.39,248.41,248.08,248.35,817
2026-07-13T17:40:00+00:00,248.35,248.43,248.07,248.34,746
2026-07-13T17:45:00+00:00,248.34,248.52,248.16,248.33,693
2026-07-13T17:50:00+00:00,248.33,248.33,247.84,247.97,848
2026-07-13T17:55:00+00:00,247.97,248.02,247.78,247.92,738
2026-07-13T18:00:00+00:00,247.92,247.97,247.55,247.67,960
2026-07-13T18:05:00+00:00,247.67,248.12,247.67,248.01,725
2026-07-13T18:10:00+00:00,248.01,248.29,247.91,248.26,763
2026-07-13T18:15:00+00:00,248.26,248.26,247.88,247.94,508
2026-07-13T18:20:00+00:00,247.94,248.25,247.88,248.21,637
2026-07-13T18:25:00+00:00,248.21,248.39,248.08,248.33,713
2026-07-13T18:30:00+00:00,248.33,248.98,248.28,248.68,1086
2026-07-13T18:35:00+00:00,248.68,248.87,248.58,248.79,745
2026-07-13T18:40:00+00:00,248.79,249.42,248.73,249.36,871
2026-07-13T18:45:00+00:00,249.36,249.52,248.94,249.16,908
2026-07-13T18:50:00+00:00,249.16,249.19,248.73,248.94,824
2026-07-13T18:55:00+00:00,248.94,249,248.69,248.81,651
2026-07-13T19:00:00+00:00,248.81,248.88,247.99,248.04,911
2026-07-13T19:05:00+00:00,248.04,248.51,247.87,248.49,775
2026-07-13T19:10:00+00:00,248.49,248.61,248,248.15,908
2026-07-13T19:15:00+00:00,248.15,248.37,248.02,248.23,938
2026-07-13T19:20:00+00:00,248.23,248.37,247.99,248.14,887
2026-07-13T19:25:00+00:00,248.14,248.15,247.64,247.79,889
2026-07-13T19:30:00+00:00,247.79,247.83,247.38,247.58,1259
2026-07-13T19:35:00+00:00,247.58,247.6,247.29,247.51,896
2026-07-13T19:40:00+00:00,247.51,247.53,247.08,247.23,711
2026-07-13T19:45:00+00:00,247.23,247.27,246.34,246.34,987
2026-07-13T19:50:00+00:00,246.34,246.73,245.8,246.31,1510
2026-07-13T19:55:00+00:00,246.31,247.38,246.31,247.16,1610
2026-07-14T13:30:00+00:00,247.16,247.16,243.6,246.75,1464
2026-07-14T13:35:00+00:00,246.75,246.75,245.85,246.39,1046
2026-07-14T13:40:00+00:00,246.39,246.39,245.15,245.57,1256
2026-07-14T13:45:00+00:00,245.57,245.69,243.79,243.95,1496
2026-07-14T13:50:00+00:00,243.95,244.93,243.94,244.79,1043
2026-07-14T13:55:00+00:00,244.79,245.9,244.7,245.87,973
2026-07-14T14:00:00+00:00,245.87,246.16,244.88,244.95,1124
2026-07-14T14:05:00+00:00,244.95,245.85,244.91,245.51,1125
2026-07-14T14:10:00+00:00,245.51,245.55,244.89,245.23,883
2026-07-14T14:15:00+00:00,245.23,245.3,244.08,244.97,1102
2026-07-14T14:20:00+00:00,244.97,245.36,244.53,245.29,1257
2026-07-14T14:25:00+00:00,245.29,245.4,244.88,245.26,1064
2026-07-14T14:30:00+00:00,245.26,246.6,245.17,245.9,1138
2026-07-14T14:35:00+00:00,245.9,246.01,245.29,245.49,939
2026-07-14T14:40:00+00:00,245.49,245.8,245.27,245.4,807
2026-07-14T14:45:00+00:00,245.4,245.57,244.89,244.89,713
2026-07-14T14:50:00+00:00,244.89,245.09,244.47,244.99,729
2026-07-14T14:55:00+00:00,244.99,245.44,244.79,245.38,699
2026-07-14T15:00:00+00:00,245.38,245.66,244.94,245.35,971
2026-07-14T15:05:00+00:00,245.35,245.63,245.18,245.18,873
2026-07-14T15:10:00+00:00,245.18,245.59,244.99,245.5,862
2026-07-14T15:15:00+00:00,245.5,245.77,245.42,245.51,930
2026-07-14T15:20:00+00:00,245.51,245.66,245.08,245.42,901
2026-07-14T15:25:00+00:00,245.42,245.62,245.29,245.61,685
2026-07-14T15:30:00+00:00,245.61,246.05,245.58,245.73,997
2026-07-14T15:35:00+00:00,245.73,245.78,245.17,245.54,1035
2026-07-14T15:40:00+00:00,245.54,245.7,245.28,245.42,1143
2026-07-14T15:45:00+00:00,245.42,245.78,245.38,245.54,923
2026-07-14T15:50:00+00:00,245.54,245.62,245.32,245.37,1204
2026-07-14T15:55:00+00:00,245.37,245.54,245.19,245.31,1039
2026-07-14T16:00:00+00:00,245.31,245.35,244.52,244.57,996
2026-07-14T16:05:00+00:00,244.57,244.76,244.46,244.63,948
2026-07-14T16:10:00+00:00,244.63,245.12,244.56,245.06,851
2026-07-14T16:15:00+00:00,245.06,245.17,244.83,245.01,921
2026-07-14T16:20:00+00:00,245.01,245.03,244.54,244.68,891
2026-07-14T16:25:00+00:00,244.68,245.25,244.63,245.13,782
2026-07-14T16:30:00+00:00,245.13,245.43,245.11,245.38,738
2026-07-14T16:35:00+00:00,245.38,245.64,245.37,245.49,682
2026-07-14T16:40:00+00:00,245.49,245.75,245.42,245.53,706
2026-07-14T16:45:00+00:00,245.53,245.79,245.47,245.72,856
2026-07-14T16:50:00+00:00,245.72,245.83,245.52,245.68,925
2026-07-14T16:55:00+00:00,245.68,245.97,245.66,245.9,564
2026-07-14T17:00:00+00:00,245.9,246.34,245.87,245.9,751
2026-07-14T17:05:00+00:00,245.9,246.03,245.78,245.99,709
2026-07-14T17:10:00+00:00,245.99,246,245.6,245.63,654
2026-07-14T17:15:00+00:00,245.63,245.98,245.49,245.93,602
2026-07-14T17:20:00+00:00,245.93,246.08,245.7,246.02,516
2026-07-14T17:25:00+00:00,246.02,246.46,246.01,246.35,478
2026-07-14T17:30:00+00:00,246.35,246.71,246.33,246.43,733
2026-07-14T17:35:00+00:00,246.43,246.57,246.23,246.34,660
2026-07-14T17:40:00+00:00,246.34,246.52,246.2,246.4,560
2026-07-14T17:45:00+00:00,246.4,246.5,246.23,246.3,533
2026-07-14T17:50:00+00:00,246.3,246.49,246.03,246.2,534
2026-07-14T17:55:00+00:00,246.2,246.51,246.07,246.48,508
2026-07-14T18:00:00+00:00,246.48,246.76,246.29,246.69,626
2026-07-14T18:05:00+00:00,246.69,246.69,246.28,246.39,460
2026-07-14T18:10:00+00:00,246.39,246.55,246.25,246.47,390
2026-07-14T18:15:00+00:00,246.47,246.77,246.47,246.62,545
2026-07-14T18:20:00+00:00,246.62,247.42,246.61,247.24,644
2026-07-14T18:25:00+00:00,247.24,247.42,247,247.26,703
2026-07-14T18:30:00+00:00,247.26,247.27,246.88,247.15,640
2026-07-14T18:35:00+00:00,247.15,247.15,246.62,246.66,676
2026-07-14T18:40:00+00:00,246.66,246.66,246.13,246.21,625
2026-07-14T18:45:00+00:00,246.21,246.44,246.14,246.28,467
2026-07-14T18:50:00+00:00,246.28,246.33,246.11,246.22,445
2026-07-14T18:55:00+00:00,246.22,246.53,246.09,246.53,561
2026-07-14T19:00:00+00:00,246.53,247.06,246.49,246.94,651
2026-07-14T19:05:00+00:00,246.94,247.52,246.94,247.19,638
2026-07-14T19:10:00+00:00,247.19,247.32,247.02,247.06,491
2026-07-14T19:15:00+00:00,247.06,247.4,246.88,247.23,507
2026-07-14T19:20:00+00:00,247.23,247.4,247.15,247.24,380
2026-07-14T19:25:00+00:00,247.24,247.76,247.16,247.66,735
2026-07-14T19:30:00+00:00,247.66,247.86,247.16,247.35,750
2026-07-14T19:35:00+00:00,247.35,247.6,247.28,247.54,401
2026-07-14T19:40:00+00:00,247.54,247.97,247.53,247.95,399
2026-07-14T19:45:00+00:00,247.95,248.24,247.84,248.17,477
2026-07-14T19:50:00+00:00,248.17,248.44,247.75,247.75,844
2026-07-14T19:55:00+00:00,247.75,248.23,247.17,247.44,1070
2026-07-15T13:30:00+00:00,247.44,252.72,247.44,250.77,1514
2026-07-15T13:35:00+00:00,250.77,252.35,250.75,251.45,1348
2026-07-15T13:40:00+00:00,251.45,252.57,250.68,250.7,1225
2026-07-15T13:45:00+00:00,250.7,251.63,250.15,251.18,1039
2026-07-15T13:50:00+00:00,251.18,251.78,251.09,251.6,813
2026-07-15T13:55:00+00:00,251.6,252.3,251.28,252.09,1052
2026-07-15T14:00:00+00:00,252.09,253.31,251.96,253.3,1114
2026-07-15T14:05:00+00:00,253.3,253.65,252.96,253.31,1088
2026-07-15T14:10:00+00:00,253.31,254.11,253.23,253.87,1174
2026-07-15T14:15:00+00:00,253.87,254.85,253.86,254.58,1175
2026-07-15T14:20:00+00:00,254.58,254.73,253.38,253.74,1226
2026-07-15T14:25:00+00:00,253.74,254.6,253.26,254.55,1047
2026-07-15T14:30:00+00:00,254.55,255.12,254.29,254.64,1040
2026-07-15T14:35:00+00:00,254.64,255.92,254.63,255.3,1073
2026-07-15T14:40:00+00:00,255.3,255.32,253.43,253.47,1264
2026-07-15T14:45:00+00:00,253.47,253.75,253.1,253.47,903
2026-07-15T14:50:00+00:00,253.47,254.1,253.4,253.76,781
2026-07-15T14:55:00+00:00,253.76,253.97,-2519.5005,-2519.2405,790.1975156554769
2026-07-15T15:00:00+00:00,253.81,254.53,253.47,253.59,1132
2026-07-15T15:05:00+00:00,253.59,254.91,253.48,254.56,868
2026-07-15T15:10:00+00:00,254.56,255.43,254.4,255.07,807
2026-07-15T15:15:00+00:00,255.07,255.27,254.66,254.8,774
2026-07-15T15:20:00+00:00,254.8,255.38,254.74,255.35,1023
2026-07-15T15:25:00+00:00,255.35,256.07,255.34,255.69,1072
2026-07-15T15:30:00+00:00,255.69,255.97,255.59,255.78,914
2026-07-15T15:35:00+00:00,255.78,255.85,255.28,255.33,852
2026-07-15T15:40:00+00:00,255.33,255.84,255.28,255.47,796
2026-07-15T15:45:00+00:00,255.47,255.7,255.07,255.15,924
2026-07-15T15:50:00+00:00,255.15,255.2,254.55,254.63,736
2026-07-15T15:55:00+00:00,254.63,255.12,254.47,254.58,807
2026-07-15T16:00:00+00:00,254.58,255.18,254.45,255.01,852
2026-07-15T16:05:00+00:00,255.01,255.82,254.99,255.79,992
2026-07-15T16:10:00+00:00,255.79,256.32,255.44,255.68,1060
2026-07-15T16:15:00+00:00,255.68,255.87,255.58,255.79,968
2026-07-15T16:20:00+00:00,255.79,256.03,255.2,255.43,1131
2026-07-15T16:25:00+00:00,255.43,255.77,255.23,255.53,1038
2026-07-15T16:30:00+00:00,255.53,255.91,255.38,255.72,982
2026-07-15T16:35:00+00:00,255.72,256.14,255.66,256.09,917
2026-07-15T16:40:00+00:00,256.09,256.14,255.38,255.43,934
2026-07-15T16:45:00+00:00,255.43,255.66,255.22,255.48,1120
2026-07-15T16:50:00+00:00,255.48,255.94,255.23,255.51,800
2026-07-15T16:55:00+00:00,255.51,255.65,255.1,255.4,790
2026-07-15T17:00:00+00:00,255.4,255.6,254.49,254.6,893
2026-07-15T17:05:00+00:00,254.6,255.09,254.49,255.02,857
2026-07-15T17:10:00+00:00,255.02,255.18,254.69,255.04,800
2026-07-15T17:15:00+00:00,255.04,255.47,254.94,255.1,770
2026-07-15T17:20:00+00:00,255.1,255.16,254.5,254.5,758
2026-07-15T17:25:00+00:00,254.5,254.94,254.5,254.89,832
2026-07-15T17:30:00+00:00,254.89,255.08,254.49,254.57,924
2026-07-15T17:35:00+00:00,254.57,255,254.55,254.94,735
2026-07-15T17:40:00+00:00,254.94,255.11,254.71,254.78,510
2026-07-15T17:45:00+00:00,254.78,254.98,254.52,254.66,761
2026-07-15T17:50:00+00:00,254.66,254.95,254.54,254.87,979
2026-07-15T17:55:00+00:00,254.87,254.9,254.51,254.9,753
2026-07-15T18:00:00+00:00,254.9,254.9,254.26,254.27,794
2026-07-15T18:05:00+00:00,254.27,254.7,254.22,254.47,712
2026-07-15T18:10:00+00:00,254.47,254.98,254.43,254.89,684
2026-07-15T18:15:00+00:00,254.89,255.27,254.89,255.07,819
2026-07-15T18:20:00+00:00,255.07,255.19,254.9,254.96,556
2026-07-15T18:25:00+00:00,254.96,254.97,254.56,254.6,471
2026-07-15T18:30:00+00:00,254.6,254.63,254.08,254.2,626
2026-07-15T18:35:00+00:00,254.2,254.82,254.15,254.73,586
2026-07-15T18:40:00+00:00,254.73,254.94,254.7,254.82,510
2026-07-15T18:45:00+00:00,254.82,254.88,254.18,254.21,810
2026-07-15T18:50:00+00:00,254.21,254.58,254.18,254.44,618
2026-07-15T18:55:00+00:00,254.44,254.59,254.17,254.19,678
2026-07-15T19:00:00+00:00,254.19,254.66,253.93,254.43,736
2026-07-15T19:05:00+00:00,254.43,254.56,253.97,254.53,710
2026-07-15T19:10:00+00:00,254.53,254.62,253.89,253.97,611
2026-07-15T19:15:00+00:00,253.97,254.37,253.7,254.27,625
2026-07-15T19:20:00+00:00,254.27,254.42,254.05,254.09,676
2026-07-15T19:25:00+00:00,254.09,254.53,253.94,254.18,621
2026-07-15T19:30:00+00:00,254.18,254.24,253.49,253.84,885
2026-07-15T19:35:00+00:00,253.84,254.12,253.74,254.01,582
2026-07-15T19:40:00+00:00,254.01,254.19,253.77,253.93,592
2026-07-15T19:45:00+00:00,253.93,254.52,253.86,254.22,571
2026-07-15T19:50:00+00:00,254.22,255.08,254.17,254.98,1018
2026-07-15T19:55:00+00:00,254.98,255.06,254.36,254.72,1039
2026-07-16T13:30:00+00:00,254.72,257.85,252.41,253.36,2091
2026-07-16T13:35:00+00:00,253.36,254.17,253.01,253.73,1454
2026-07-16T13:40:00+00:00,253.73,254.06,252.72,253.47,1507
2026-07-16T13:45:00+00:00,253.47,254.24,253.35,253.73,1427
2026-07-16T13:50:00+00:00,253.73,254.2,253.49,254.09,1311
2026-07-16T13:55:00+00:00,254.09,254.61,253.91,253.97,1107
2026-07-16T14:00:00+00:00,253.97,254.67,253.89,254.33,1172
2026-07-16T14:05:00+00:00,254.33,254.41,253.18,253.66,1210
2026-07-16T14:10:00+00:00,253.66,254.41,253.29,253.9,1171
2026-07-16T14:15:00+00:00,253.9,254.76,253.74,254.72,950
2026-07-16T14:20:00+00:00,254.72,255.51,254.63,255.27,972
2026-07-16T14:25:00+00:00,255.27,255.53,254.96,255.2,1091
2026-07-16T14:30:00+00:00,255.2,256.6,255.18,256.37,1216
2026-07-16T14:35:00+00:00,256.37,256.83,255.83,256.3,996
2026-07-16T14:40:00+00:00,256.3,256.99,256.28,256.82,908
2026-07-16T14:45:00+00:00,256.82,256.9,255.77,255.88,971
2026-07-16T14:50:00+00:00,255.88,255.99,254.33,254.64,992
2026-07-16T14:55:00+00:00,254.64,255.05,254.53,254.8,893
2026-07-16T15:00:00+00:00,254.8,255.21,254.68,254.85,856
2026-07-16T15:05:00+00:00,254.85,255.37,254.73,255.32,874
2026-07-16T15:10:00+00:00,255.32,255.64,255.1,255.3,783
2026-07-16T15:15:00+00:00,255.3,255.44,254.91,255.44,858
2026-07-16T15:20:00+00:00,255.44,255.59,255.22,255.36,806
2026-07-16T15:25:00+00:00,255.36,256.11,255.34,255.52,1103
2026-07-16T15:30:00+00:00,255.52,255.63,255.08,255.27,807
2026-07-16T15:35:00+00:00,255.27,255.71,255.18,255.63,848
2026-07-16T15:40:00+00:00,255.63,255.87,255.18,255.42,717
2026-07-16T15:45:00+00:00,255.42,255.77,255.19,255.42,776
2026-07-16T15:50:00+00:00,255.42,256.2,255.4,255.97,846
2026-07-16T15:55:00+00:00,255.97,256.21,255.79,256.14,710
2026-07-16T16:00:00+00:00,256.14,256.27,255.74,256.03,928
2026-07-16T16:05:00+00:00,256.03,256.21,255.76,255.98,963
2026-07-16T16:10:00+00:00,255.98,256.15,255.78,256.09,831
2026-07-16T16:15:00+00:00,256.09,256.21,255.72,255.92,737
2026-07-16T16:20:00+00:00,255.92,255.96,255.18,255.48,999
2026-07-16T16:25:00+00:00,255.48,255.72,255.28,255.63,881
2026-07-16T16:30:00+00:00,255.63,255.68,255.23,255.32,945
2026-07-16T16:35:00+00:00,255.32,255.46,255.19,255.27,786
2026-07-16T16:40:00+00:00,255.27,255.65,255.13,255.57,969
2026-07-16T16:45:00+00:00,255.57,256.13,255.57,255.82,1069
2026-07-16T16:50:00+00:00,255.82,256.24,255.72,256.17,812
2026-07-16T16:55:00+00:00,256.17,256.45,255.44,255.79,878
2026-07-16T17:00:00+00:00,255.79,255.94,255.58,255.84,793
2026-07-16T17:05:00+00:00,255.84,255.99,255.34,255.92,797
2026-07-16T17:10:00+00:00,255.92,256.2,255.74,256.01,750
2026-07-16T17:15:00+00:00,256.01,256.52,255.99,256.34,538
2026-07-16T17:20:00+00:00,256.34,256.42,255.91,255.93,774
2026-07-16T17:25:00+00:00,255.93,256.49,255.9,256.28,984
2026-07-16T17:30:00+00:00,256.28,256.47,255.69,255.74,739
2026-07-16T17:35:00+00:00,255.74,255.86,255.13,255.2,807
2026-07-16T17:40:00+00:00,255.2,255.41,254.88,255.39,835
2026-07-16T17:45:00+00:00,255.39,255.93,255.24,255.75,744
2026-07-16T17:50:00+00:00,255.75,256.13,255.71,255.95,658
2026-07-16T17:55:00+00:00,255.95,256.01,254.44,254.44,938
2026-07-16T18:00:00+00:00,254.44,254.97,254.25,254.91,715
2026-07-16T18:05:00+00:00,254.91,254.91,253.93,254.54,1122
2026-07-16T18:10:00+00:00,254.54,254.61,253.66,253.74,1044
2026-07-16T18:15:00+00:00,253.74,253.79,253.38,253.5,933
2026-07-16T18:20:00+00:00,253.5,253.6,252.52,252.6,935
2026-07-16T18:25:00+00:00,252.6,252.82,252,252.63,829
2026-07-16T18:30:00+00:00,252.63,252.88,252.52,252.74,657
2026-07-16T18:35:00+00:00,252.74,252.91,251.97,252.08,740
2026-07-16T18:40:00+00:00,252.08,252.26,251.79,252.19,770
2026-07-16T18:45:00+00:00,252.19,252.92,252.06,252.85,929
2026-07-16T18:50:00+00:00,252.85,253.07,252.65,252.84,740
2026-07-16T18:55:00+00:00,252.84,253.26,252.8,253.15,728
2026-07-16T19:00:00+00:00,253.15,253.32,252.72,252.81,858
2026-07-16T19:05:00+00:00,252.81,252.89,252.14,252.27,1009
2026-07-16T19:10:00+00:00,252.27,252.29,251.9,252,761
2026-07-16T19:15:00+00:00,252,252,251.28,251.37,727
2026-07-16T19:20:00+00:00,251.37,251.85,251.26,251.48,759
2026-07-16T19:25:00+00:00,251.48,251.83,251.34,251.41,546
2026-07-16T19:30:00+00:00,251.41,251.56,250.95,251.46,875
2026-07-16T19:35:00+00:00,251.46,251.96,251.42,251.88,580
2026-07-16T19:40:00+00:00,251.88,251.91,250.18,250.2,704
2026-07-16T19:45:00+00:00,250.2,250.21,248.09,248.53,1628
2026-07-16T19:50:00+00:00,248.53,249.88,247.88,248.92,1653
2026-07-16T19:55:00+00:00,248.92,250.2,248.91,249.86,1535
2026-07-17T13:30:00+00:00,249.86,249.86,243.01,245.8,1623
2026-07-17T13:35:00+00:00,245.8,247.15,244.89,246.97,1808
2026-07-17T13:40:00+00:00,246.97,247.57,246.06,246.21,1554
2026-07-17T13:45:00+00:00,246.21,246.65,245.43,245.75,1693
2026-07-17T13:50:00+00:00,245.75,248.15,245.13,247.64,1554
2026-07-17T13:55:00+00:00,247.64,248.08,247.12,247.64,1245
2026-07-17T14:00:00+00:00,247.64,248.47,247.49,248.11,1426
2026-07-17T14:05:00+00:00,248.11,248.74,247.21,247.52,1355
2026-07-17T14:10:00+00:00,247.52,247.97,246.88,247.89,1427
2026-07-17T14:15:00+00:00,247.89,248.42,247.44,247.85,1510
2026-07-17T14:20:00+00:00,247.85,248.68,247.73,248.52,1069
2026-07-17T14:25:00+00:00,248.52,248.77,248.29,248.33,880
2026-07-17T14:30:00+00:00,248.33,248.66,248.04,248.57,871
2026-07-17T14:35:00+00:00,248.57,249.11,248.01,249.08,904
2026-07-17T14:40:00+00:00,249.08,249.91,248.82,249.56,1086
2026-07-17T14:45:00+00:00,249.56,250.04,249.16,249.18,1027
2026-07-17T14:50:00+00:00,249.18,249.2,248.67,248.92,752
2026-07-17T14:55:00+00:00,248.92,248.99,-2524.6605,-2524.5005,932.7540677514004
2026-07-17T15:00:00+00:00,248.56,248.78,248.11,248.63,972
2026-07-17T15:05:00+00:00,248.63,248.82,248.44,248.51,734
2026-07-17T15:10:00+00:00,248.51,248.65,248.18,248.54,910
2026-07-17T15:15:00+00:00,248.54,248.86,248.19,248.71,952
2026-07-17T15:20:00+00:00,248.71,248.72,248.13,248.25,837
2026-07-17T15:25:00+00:00,248.25,248.61,247.89,248.5,946
2026-07-17T15:30:00+00:00,248.5,248.88,248.2,248.32,747
2026-07-17T15:35:00+00:00,248.32,248.66,247.84,248.53,684
2026-07-17T15:40:00+00:00,248.53,248.66,248.18,248.34,698
2026-07-17T15:45:00+00:00,248.34,248.48,248.03,248.32,829
2026-07-17T15:50:00+00:00,248.32,248.42,248.13,248.22,759
2026-07-17T15:55:00+00:00,248.22,248.76,248.13,248.5,842
2026-07-17T16:00:00+00:00,248.5,248.63,247.39,247.74,1263
2026-07-17T16:05:00+00:00,247.74,247.86,247.14,247.55,1384
2026-07-17T16:10:00+00:00,247.55,247.91,247.5,247.81,1048
2026-07-17T16:15:00+00:00,247.81,248.44,247.67,248.11,1153
2026-07-17T16:20:00+00:00,248.11,248.29,247.78,247.81,1167
2026-07-17T16:25:00+00:00,247.81,248.5,247.63,248.12,886
2026-07-17T16:30:00+00:00,248.12,248.18,247.88,247.91,1199
2026-07-17T16:35:00+00:00,247.91,248.48,247.84,248.41,1121
2026-07-17T16:40:00+00:00,248.41,249.13,248.36,248.63,806
2026-07-17T16:45:00+00:00,248.63,248.86,248.35,248.75,706
2026-07-17T16:50:00+00:00,248.75,249.15,248.72,248.84,998
2026-07-17T16:55:00+00:00,248.84,248.94,248.65,248.78,790
2026-07-17T17:00:00+00:00,248.78,249.28,248.75,248.8,1122
2026-07-17T17:05:00+00:00,248.8,248.99,248.51,248.56,925
2026-07-17T17:10:00+00:00,248.56,248.96,248.34,248.39,912
2026-07-17T17:15:00+00:00,248.39,248.71,248.31,248.35,859
2026-07-17T17:20:00+00:00,248.35,248.59,248.25,248.5,940
2026-07-17T17:25:00+00:00,248.5,248.79,248.48,248.61,944
2026-07-17T17:30:00+00:00,248.61,248.62,248.08,248.16,960
2026-07-17T17:35:00+00:00,248.16,248.31,248,248.08,1059
2026-07-17T17:40:00+00:00,248.08,248.09,247.43,247.5,745
2026-07-17T17:45:00+00:00,247.5,247.76,247.42,247.43,600
2026-07-17T17:50:00+00:00,247.43,247.48,246.76,247.1,703
2026-07-17T17:55:00+00:00,247.1,247.62,247.08,247.53,691
2026-07-17T18:00:00+00:00,247.53,247.68,247.14,247.39,771
2026-07-17T18:05:00+00:00,247.39,247.51,247.19,247.3,666
2026-07-17T18:10:00+00:00,247.3,247.38,246.78,247.13,730
2026-07-17T18:15:00+00:00,247.13,247.49,246.8,247.38,825
2026-07-17T18:20:00+00:00,247.38,247.77,247.35,247.55,693
2026-07-17T18:25:00+00:00,247.55,247.66,247.34,247.51,694
2026-07-17T18:30:00+00:00,247.51,247.74,247.48,247.57,890
2026-07-17T18:35:00+00:00,247.57,247.61,247.41,247.44,457
2026-07-17T18:40:00+00:00,247.44,247.51,247.17,247.26,684
2026-07-17T18:45:00+00:00,247.26,247.54,247.18,247.38,775
2026-07-17T18:50:00+00:00,247.38,247.65,247.35,247.53,533
2026-07-17T18:55:00+00:00,247.53,247.68,247.45,247.63,532
2026-07-17T19:00:00+00:00,247.63,247.99,247.45,247.79,655
2026-07-17T19:05:00+00:00,247.79,247.89,247.21,247.75,739
2026-07-17T19:10:00+00:00,247.75,247.81,247.01,247.21,734
2026-07-17T19:15:00+00:00,247.21,247.41,246.96,247.35,741
2026-07-17T19:20:00+00:00,247.35,247.41,247.07,247.23,553
2026-07-17T19:25:00+00:00,247.23,247.29,246.99,247.12,533
2026-07-17T19:30:00+00:00,247.12,247.27,246.55,246.62,937
2026-07-17T19:35:00+00:00,246.62,246.85,246.45,246.7,723
2026-07-17T19:40:00+00:00,246.7,247.06,246.68,247,658
2026-07-17T19:45:00+00:00,247,247.31,246.89,247.12,847
2026-07-17T19:50:00+00:00,247.12,247.39,246.89,247.25,1017
2026-07-17T19:55:00+00:00,247.25,247.75,246.71,247.23,1324
2026-07-20T13:30:00+00:00,247.23,249.74,246.81,248.9,1838
2026-07-20T13:35:00+00:00,248.9,249.91,248.54,248.96,1704
2026-07-20T13:40:00+00:00,248.96,250.08,248.37,249.97,1419
2026-07-20T13:45:00+00:00,249.97,250.59,249.43,249.6,1246
2026-07-20T13:50:00+00:00,249.6,250.06,249.33,249.43,1121
2026-07-20T13:55:00+00:00,249.43,249.68,248.38,248.4,1042
2026-07-20T14:00:00+00:00,248.4,249.09,248.13,248.89,893
2026-07-20T14:05:00+00:00,248.89,249.52,248.77,249.26,796
2026-07-20T14:10:00+00:00,249.26,249.76,249.04,249.55,808
2026-07-20T14:15:00+00:00,249.55,249.78,248.79,248.89,722
2026-07-20T14:20:00+00:00,248.89,249.53,248.84,249.15,778
2026-07-20T14:25:00+00:00,249.15,249.47,249.08,249.27,759
2026-07-20T14:30:00+00:00,249.27,249.97,249.08,249.88,774
2026-07-20T14:35:00+00:00,249.88,250.3,249.7,250.03,775
2026-07-20T14:40:00+00:00,250.03,250.29,249.48,249.65,618
2026-07-20T14:45:00+00:00,249.65,250.14,249.5,249.68,758
2026-07-20T14:50:00+00:00,249.68,250.12,249.62,250.05,705
2026-07-20T14:55:00+00:00,250.05,250.23,249.4,249.84,846
2026-07-20T15:00:00+00:00,249.84,250.97,249.7,250.72,992
2026-07-20T15:05:00+00:00,250.72,250.83,249.8,250.68,923
2026-07-20T15:10:00+00:00,250.68,250.89,250.39,250.76,824
2026-07-20T15:15:00+00:00,250.76,251.13,250.67,251.02,766
2026-07-20T15:20:00+00:00,251.02,251.07,250.49,250.99,763
2026-07-20T15:25:00+00:00,250.99,251.19,250.73,251.15,901
2026-07-20T15:30:00+00:00,251.15,251.55,251.1,251.35,869
2026-07-20T15:35:00+00:00,251.35,251.98,251.24,251.77,948
2026-07-20T15:40:00+00:00,251.77,251.83,251.58,251.64,865
2026-07-20T15:45:00+00:00,251.64,251.71,251.24,251.55,1005
2026-07-20T15:50:00+00:00,251.55,251.96,251.51,251.84,894
2026-07-20T15:55:00+00:00,251.84,252.02,251.62,251.74,683
2026-07-20T16:00:00+00:00,251.74,252.21,251.64,252.15,769
2026-07-20T16:05:00+00:00,252.15,252.19,251.84,252.15,645
2026-07-20T16:10:00+00:00,252.15,252.24,251.91,251.96,698
2026-07-20T16:15:00+00:00,251.96,252.34,251.96,252.19,776
2026-07-20T16:20:00+00:00,252.19,252.46,252.1,252.28,718
2026-07-20T16:25:00+00:00,252.28,252.42,252.09,252.36,804
2026-07-20T16:30:00+00:00,252.36,252.5,252.03,252.3,900
2026-07-20T16:35:00+00:00,252.3,252.68,252.06,252.63,873
2026-07-20T16:40:00+00:00,252.63,252.74,251.9,252.4,1078
2026-07-20T16:45:00+00:00,252.4,252.59,252.16,252.43,846
2026-07-20T16:50:00+00:00,252.43,252.56,252.11,252.24,662
2026-07-20T16:55:00+00:00,252.24,252.36,251.93,252.06,825
2026-07-20T17:00:00+00:00,252.06,252.11,251.11,251.11,891
2026-07-20T17:05:00+00:00,251.11,251.19,250.65,250.66,833
2026-07-20T17:10:00+00:00,250.66,250.79,250.3,250.32,800
2026-07-20T17:15:00+00:00,250.32,250.33,249.94,250.11,965
2026-07-20T17:20:00+00:00,250.11,250.23,249.77,249.83,870
2026-07-20T17:25:00+00:00,249.83,250.34,249.78,250.31,670
2026-07-20T17:30:00+00:00,250.31,250.45,250.18,250.28,838
2026-07-20T17:35:00+00:00,250.28,250.41,250.01,250.1,718
2026-07-20T17:40:00+00:00,250.1,250.27,249.99,250.11,747
2026-07-20T17:45:00+00:00,250.11,250.4,250.08,250.38,672
2026-07-20T17:50:00+00:00,250.38,250.69,250.29,250.61,546
2026-07-20T17:55:00+00:00,250.61,250.63,250.21,250.42,574
2026-07-20T18:00:00+00:00,250.42,250.63,250.27,250.41,538
2026-07-20T18:05:00+00:00,250.41,250.54,250.29,250.43,496
2026-07-20T18:10:00+00:00,250.43,250.6,250.29,250.6,519
2026-07-20T18:15:00+00:00,250.6,250.66,250.21,250.53,513
2026-07-20T18:20:00+00:00,250.53,250.55,250.23,250.32,648
2026-07-20T18:25:00+00:00,250.32,250.38,250.02,250.09,522
2026-07-20T18:30:00+00:00,250.09,250.14,249.66,249.77,615
2026-07-20T18:35:00+00:00,249.77,250.06,249.77,249.88,544
2026-07-20T18:40:00+00:00,249.88,249.88,248.99,249,937
2026-07-20T18:45:00+00:00,249,249.26,248.98,249.05,865
2026-07-20T18:50:00+00:00,249.05,249.24,249,249.04,612
2026-07-20T18:55:00+00:00,249.04,249.12,248.93,249.04,619
2026-07-20T19:00:00+00:00,249.04,249.29,248.94,249.16,750
2026-07-20T19:05:00+00:00,249.16,249.39,249.01,249.25,661
2026-07-20T19:10:00+00:00,249.25,249.72,249.19,249.61,717
2026-07-20T19:15:00+00:00,249.61,249.71,249.19,249.21,728
2026-07-20T19:20:00+00:00,249.21,249.51,249.18,249.39,629
2026-07-20T19:25:00+00:00,249.39,249.53,249.19,249.41,838
2026-07-20T19:30:00+00:00,249.41,249.95,249.41,249.65,732
2026-07-20T19:35:00+00:00,249.65,249.89,249.49,249.72,748
2026-07-20T19:40:00+00:00,249.72,249.93,249.68,249.87,654
2026-07-20T19:45:00+00:00,249.87,249.92,249.29,249.66,984
2026-07-20T19:50:00+00:00,249.66,249.66,248.94,249.47,1077
2026-07-20T19:55:00+00:00,249.47,250.1,249.26,250.03,1427
2026-07-21T13:30:00+00:00,250.03,250.03,247.09,248.53,1029
2026-07-21T13:35:00+00:00,248.53,248.77,247.43,248.03,1176
2026-07-21T13:40:00+00:00,248.03,248.37,247.63,247.81,1000
2026-07-21T13:45:00+00:00,247.81,247.93,247.19,247.5,918
2026-07-21T13:50:00+00:00,247.5,247.69,246.6,246.95,1026
2026-07-21T13:55:00+00:00,246.95,247.49,246.68,247.45,993
2026-07-21T14:00:00+00:00,247.45,247.69,246.95,247.33,955
2026-07-21T14:05:00+00:00,247.33,247.46,247.09,247.1,771
2026-07-21T14:10:00+00:00,247.1,247.44,246.74,247.38,745
2026-07-21T14:15:00+00:00,247.38,247.38,246.9,247.19,686
2026-07-21T14:20:00+00:00,247.19,247.32,246.89,247.1,613
2026-07-21T14:25:00+00:00,247.1,247.66,247.04,247.35,770
2026-07-21T14:30:00+00:00,247.35,248.07,247.13,247.99,775
2026-07-21T14:35:00+00:00,247.99,248.18,247.8,248.09,632
2026-07-21T14:40:00+00:00,248.09,248.16,247.39,247.58,783
2026-07-21T14:45:00+00:00,247.58,248.44,247.58,248.28,639
2026-07-21T14:50:00+00:00,248.28,248.31,247.83,248.08,567
2026-07-21T14:55:00+00:00,248.08,248.13,247.5,247.59,739
2026-07-21T15:00:00+00:00,247.59,247.68,246.83,247.1,840
2026-07-21T15:05:00+00:00,247.1,247.49,246.83,247.35,828
2026-07-21T15:10:00+00:00,247.35,247.49,247.06,247.28,739
2026-07-21T15:15:00+00:00,247.28,247.96,247.18,247.82,802
2026-07-21T15:20:00+00:00,247.82,248.21,247.64,247.9,879
2026-07-21T15:25:00+00:00,247.9,247.97,247.69,247.87,664
2026-07-21T15:30:00+00:00,247.87,248.09,247.75,247.94,649
2026-07-21T15:35:00+00:00,247.94,248.22,247.61,247.78,629
2026-07-21T15:40:00+00:00,247.78,247.89,247.62,247.8,591
2026-07-21T15:45:00+00:00,247.8,247.91,247.67,247.73,491
2026-07-21T15:50:00+00:00,247.73,248.14,247.72,247.96,526
2026-07-21T15:55:00+00:00,247.96,248.06,247.13,247.57,464
2026-07-21T16:00:00+00:00,247.57,247.92,247.15,247.75,371
2026-07-21T16:05:00+00:00,247.75,247.78,247.41,247.49,485
2026-07-21T16:10:00+00:00,247.49,247.59,247.27,247.29,550
2026-07-21T16:15:00+00:00,247.29,247.41,247.12,247.27,541
2026-07-21T16:20:00+00:00,247.27,247.44,247.12,247.14,460
2026-07-21T16:25:00+00:00,247.14,247.35,247.07,247.26,511
2026-07-21T16:30:00+00:00,247.26,247.48,247.08,247.45,580
2026-07-21T16:35:00+00:00,247.45,247.47,247.23,247.33,569
2026-07-21T16:40:00+00:00,247.33,247.54,247.28,247.5,514
2026-07-21T16:45:00+00:00,247.5,247.65,247.42,247.51,446
2026-07-21T16:50:00+00:00,247.51,247.99,247.46,247.97,495
2026-07-21T16:55:00+00:00,247.97,248.3,247.89,247.91,487
2026-07-21T17:00:00+00:00,247.91,248.01,247.78,247.92,421
2026-07-21T17:05:00+00:00,247.92,248.07,247.77,247.87,491
2026-07-21T17:10:00+00:00,247.87,248.23,247.86,248.17,622
2026-07-21T17:15:00+00:00,248.17,248.28,247.94,248.09,498
2026-07-21T17:20:00+00:00,248.09,248.48,247.98,248.46,511
2026-07-21T17:25:00+00:00,248.46,248.6,248.33,248.48,424
2026-07-21T17:30:00+00:00,248.48,248.52,248.08,248.2,505
2026-07-21T17:35:00+00:00,248.2,248.38,248.07,248.32,347
2026-07-21T17:40:00+00:00,248.32,248.43,248.22,248.25,380
2026-07-21T17:45:00+00:00,248.25,248.57,248.25,248.56,344
2026-07-21T17:50:00+00:00,248.56,248.68,248.47,248.51,407
2026-07-21T17:55:00+00:00,248.51,248.61,248.38,248.54,406
2026-07-21T18:00:00+00:00,248.54,248.68,248.35,248.41,501
2026-07-21T18:05:00+00:00,248.41,248.55,248.36,248.36,419
2026-07-21T18:10:00+00:00,248.36,248.47,248.31,248.41,353
2026-07-21T18:15:00+00:00,248.41,248.47,248.28,248.4,356
2026-07-21T18:20:00+00:00,248.4,248.58,248.28,248.45,425
2026-07-21T18:25:00+00:00,248.45,248.48,248.03,248.11,381
2026-07-21T18:30:00+00:00,248.11,248.11,247.58,247.6,451
2026-07-21T18:35:00+00:00,247.6,247.68,247.36,247.45,512
2026-07-21T18:40:00+00:00,247.45,247.7,247.33,247.61,533
2026-07-21T18:45:00+00:00,247.61,247.67,247.38,247.41,432
2026-07-21T18:50:00+00:00,247.41,247.51,247.33,247.4,367
2026-07-21T18:55:00+00:00,247.4,247.49,247.33,247.42,475
2026-07-21T19:00:00+00:00,247.42,247.48,247.26,247.39,427
2026-07-21T19:05:00+00:00,247.39,247.56,247.31,247.49,378
2026-07-21T19:10:00+00:00,247.49,247.76,247.44,247.75,372
2026-07-21T19:15:00+00:00,247.75,247.82,247.49,247.74,424
2026-07-21T19:20:00+00:00,247.74,247.78,247.43,247.62,386
2026-07-21T19:25:00+00:00,247.62,247.68,247.42,247.54,377
2026-07-21T19:30:00+00:00,247.54,247.68,247.34,247.36,490
2026-07-21T19:35:00+00:00,247.36,247.55,247.28,247.3,421
2026-07-21T19:40:00+00:00,247.3,247.37,247.11,247.33,423
2026-07-21T19:45:00+00:00,247.33,247.59,247.24,247.41,503
2026-07-21T19:50:00+00:00,247.41,247.46,247.1,247.15,838
2026-07-21T19:55:00+00:00,247.15,247.52,247.13,247.4,1089
2026-07-22T13:30:00+00:00,247.4,248.09,244.86,245.17,859
2026-07-22T13:35:00+00:00,245.17,245.35,244.44,244.45,836
2026-07-22T13:40:00+00:00,244.45,244.96,244.2,244.62,896
2026-07-22T13:45:00+00:00,244.62,245.14,244.45,245.14,858
2026-07-22T13:50:00+00:00,245.14,245.14,244.34,244.76,761
2026-07-22T13:55:00+00:00,244.76,245.53,244.67,245.53,705
2026-07-22T14:00:00+00:00,245.53,246.51,245.37,246.51,755
2026-07-22T14:05:00+00:00,246.51,246.85,245.91,246.05,663
2026-07-22T14:10:00+00:00,246.05,246.32,245.29,245.38,594
2026-07-22T14:15:00+00:00,245.38,245.57,244.56,244.64,644
2026-07-22T14:20:00+00:00,244.64,244.89,244.1,244.4,740
2026-07-22T14:25:00+00:00,244.4,244.47,243.49,243.61,894
2026-07-22T14:30:00+00:00,243.61,244.03,243.54,243.79,873
2026-07-22T14:35:00+00:00,243.79,244.03,243.62,243.93,780
2026-07-22T14:40:00+00:00,243.93,244.16,243.64,243.84,805
2026-07-22T14:45:00+00:00,243.84,244.12,243.7,243.86,719
2026-07-22T14:50:00+00:00,243.86,244.13,243.59,244.05,790
2026-07-22T14:55:00+00:00,244.05,244.21,-2529.0205,-2528.9305,681.3817285441191
2026-07-22T15:00:00+00:00,244.11,244.18,243.83,243.89,770
2026-07-22T15:05:00+00:00,243.89,243.95,243.58,243.65,730
2026-07-22T15:10:00+00:00,243.65,243.74,243.32,243.48,871
2026-07-22T15:15:00+00:00,243.48,243.5,243.13,243.3,751
2026-07-22T15:20:00+00:00,243.3,243.72,243.26,243.66,682
2026-07-22T15:25:00+00:00,243.66,243.77,243.48,243.59,673
2026-07-22T15:30:00+00:00,243.59,243.66,243.34,243.39,668
2026-07-22T15:35:00+00:00,243.39,243.61,243.28,243.61,684
2026-07-22T15:40:00+00:00,243.61,243.86,243.53,243.68,681
2026-07-22T15:45:00+00:00,243.68,243.79,243.53,243.67,530
2026-07-22T15:50:00+00:00,243.67,243.78,243.52,243.69,484
2026-07-22T15:55:00+00:00,243.69,243.86,243.55,243.79,484
2026-07-22T16:00:00+00:00,243.79,243.89,243.55,243.61,583
2026-07-22T16:05:00+00:00,243.61,243.74,243.48,243.5,430
2026-07-22T16:10:00+00:00,243.5,243.72,243.4,243.48,471
2026-07-22T16:15:00+00:00,243.48,243.7,243.44,243.7,473
2026-07-22T16:20:00+00:00,243.7,244.39,243.54,244.22,539
2026-07-22T16:25:00+00:00,244.22,244.22,243.68,243.9,457
2026-07-22T16:30:00+00:00,243.9,243.98,243.68,243.68,342
2026-07-22T16:35:00+00:00,243.68,243.87,243.63,243.87,358
2026-07-22T16:40:00+00:00,243.87,244.04,243.78,244.02,468
2026-07-22T16:45:00+00:00,244.02,244.14,243.9,243.94,408
2026-07-22T16:50:00+00:00,243.94,244.06,243.73,243.8,363
2026-07-22T16:55:00+00:00,243.8,243.94,243.73,243.83,353
2026-07-22T17:00:00+00:00,243.83,243.85,243.44,243.52,321
2026-07-22T17:05:00+00:00,243.52,243.54,243.3,243.39,435
2026-07-22T17:10:00+00:00,243.39,243.41,243.23,243.34,333
2026-07-22T17:15:00+00:00,243.34,243.34,243.03,243.13,741
2026-07-22T17:20:00+00:00,243.13,243.21,242.98,243.06,498
2026-07-22T17:25:00+00:00,243.06,243.16,242.8,242.9,429
2026-07-22T17:30:00+00:00,242.9,242.95,242.68,242.83,526
2026-07-22T17:35:00+00:00,242.83,243.11,242.78,243.1,421
2026-07-22T17:40:00+00:00,243.1,243.12,242.84,242.86,330
2026-07-22T17:45:00+00:00,242.86,242.89,242.63,242.71,286
2026-07-22T17:50:00+00:00,242.71,242.76,242.51,242.53,324
2026-07-22T17:55:00+00:00,242.53,242.61,242.42,242.52,456
2026-07-22T18:00:00+00:00,242.52,242.61,242.33,242.58,523
2026-07-22T18:05:00+00:00,242.58,242.75,242.51,242.53,452
2026-07-22T18:10:00+00:00,242.53,242.72,242.51,242.64,434
2026-07-22T18:15:00+00:00,242.64,242.82,242.58,242.71,326
2026-07-22T18:20:00+00:00,242.71,242.77,242.53,242.57,342
2026-07-22T18:25:00+00:00,242.57,242.99,242.56,242.91,341
2026-07-22T18:30:00+00:00,242.91,242.98,242.78,242.86,369
2026-07-22T18:35:00+00:00,242.86,242.97,242.8,242.83,274
2026-07-22T18:40:00+00:00,242.83,242.95,242.72,242.77,308
2026-07-22T18:45:00+00:00,242.77,242.87,242.63,242.67,295
2026-07-22T18:50:00+00:00,242.67,242.85,242.52,242.8,343
2026-07-22T18:55:00+00:00,242.8,243.6,242.78,243.59,512
2026-07-22T19:00:00+00:00,243.59,244.28,243.56,244.01,848
2026-07-22T19:05:00+00:00,244.01,244.64,243.88,244.42,608
2026-07-22T19:10:00+00:00,244.42,244.57,244.09,244.38,780
2026-07-22T19:15:00+00:00,244.38,244.77,244.14,244.64,606
2026-07-22T19:20:00+00:00,244.64,244.64,244.21,244.48,458
2026-07-22T19:25:00+00:00,244.48,244.55,244.32,244.46,474
2026-07-22T19:30:00+00:00,244.46,244.65,244.09,244.21,581
2026-07-22T19:35:00+00:00,244.21,244.61,244.13,244.61,725
2026-07-22T19:40:00+00:00,244.61,244.73,244.44,244.69,459
2026-07-22T19:45:00+00:00,244.69,244.75,244.48,244.68,498
2026-07-22T19:50:00+00:00,244.68,244.93,244.5,244.76,1076
2026-07-22T19:55:00+00:00,244.76,245.04,244.54,244.74,1108
2026-07-23T13:30:00+00:00,244.74,244.74,235.5,236.12,1371
2026-07-23T13:35:00+00:00,236.12,237.19,235.54,237.14,1359
2026-07-23T13:40:00+00:00,237.14,238.14,237.08,237.09,1314
2026-07-23T13:45:00+00:00,237.09,237.33,236.4,237.14,1215
2026-07-23T13:50:00+00:00,237.14,237.26,235.71,235.74,1177
2026-07-23T13:55:00+00:00,235.74,236.12,235.16,235.43,1111
2026-07-23T14:00:00+00:00,235.43,235.92,235.11,235.23,1234
2026-07-23T14:05:00+00:00,235.23,235.47,234.36,234.49,1207
2026-07-23T14:10:00+00:00,234.49,234.99,234.28,234.56,1431
2026-07-23T14:15:00+00:00,234.56,234.73,234.13,234.18,1201
2026-07-23T14:20:00+00:00,234.18,234.25,233.71,233.88,1532
2026-07-23T14:25:00+00:00,233.88,234.51,233.43,234.46,1432
2026-07-23T14:30:00+00:00,234.46,234.55,233.68,233.83,1295
2026-07-23T14:35:00+00:00,233.83,234.74,233.58,234.46,1170
2026-07-23T14:40:00+00:00,234.46,234.51,233.08,233.08,1156
2026-07-23T14:45:00+00:00,233.08,233.27,232.58,232.64,1193
2026-07-23T14:50:00+00:00,232.64,232.74,232.36,232.49,1167
2026-07-23T14:55:00+00:00,232.49,232.68,232.21,232.44,1254
2026-07-23T15:00:00+00:00,232.44,233.07,232.26,232.48,1328
2026-07-23T15:05:00+00:00,232.48,233,232.43,232.9,1221
2026-07-23T15:10:00+00:00,232.9,232.95,232.62,232.62,1359
2026-07-23T15:15:00+00:00,232.62,232.64,232.03,232.12,1250
2026-07-23T15:20:00+00:00,232.12,232.74,232.1,232.2,1278
2026-07-23T15:25:00+00:00,232.2,232.34,231.97,232.1,1007
2026-07-23T15:30:00+00:00,232.1,232.5,231.93,232.36,1316
2026-07-23T15:35:00+00:00,232.36,232.8,232.11,232.76,1214
2026-07-23T15:40:00+00:00,232.76,232.91,232.42,232.6,1003
2026-07-23T15:45:00+00:00,232.6,232.83,232.38,232.76,1108
2026-07-23T15:50:00+00:00,232.76,232.81,232.45,232.73,1129
2026-07-23T15:55:00+00:00,232.73,233.63,232.72,233.56,993
2026-07-23T16:00:00+00:00,233.56,233.83,233.28,233.47,1179
2026-07-23T16:05:00+00:00,233.47,233.9,233.27,233.9,1012
2026-07-23T16:10:00+00:00,233.9,234.09,233.48,233.9,895
2026-07-23T16:15:00+00:00,233.9,234.37,233.85,234.36,876
2026-07-23T16:20:00+00:00,234.36,234.79,234.28,234.63,894
2026-07-23T16:25:00+00:00,234.63,234.85,234.39,234.66,974
2026-07-23T16:30:00+00:00,234.66,235.01,234.46,234.48,950
2026-07-23T16:35:00+00:00,234.48,234.5,233.78,234.02,1072
2026-07-23T16:40:00+00:00,234.02,234.16,233.7,233.96,900
2026-07-23T16:45:00+00:00,233.96,234.21,233.78,233.92,875
2026-07-23T16:50:00+00:00,233.92,234.38,233.91,234.36,841
2026-07-23T16:55:00+00:00,234.36,234.56,234.27,234.47,1022
2026-07-23T17:00:00+00:00,234.47,234.58,234.32,234.42,868
2026-07-23T17:05:00+00:00,234.42,234.92,234.32,234.9,884
2026-07-23T17:10:00+00:00,234.9,234.9,234.48,234.69,1015
2026-07-23T17:15:00+00:00,234.69,234.71,234.15,234.39,853
2026-07-23T17:20:00+00:00,234.39,234.53,234.2,234.48,835
2026-07-23T17:25:00+00:00,234.48,234.54,234.32,234.37,770
2026-07-23T17:30:00+00:00,234.37,234.37,233.99,234.15,880
2026-07-23T17:35:00+00:00,234.15,234.31,233.8,234.22,870
2026-07-23T17:40:00+00:00,234.22,234.39,234.04,234.27,818
2026-07-23T17:45:00+00:00,234.27,234.27,234.06,234.16,777
2026-07-23T17:50:00+00:00,234.16,234.31,234.1,234.18,796
2026-07-23T17:55:00+00:00,234.18,234.18,234.04,234.12,646
2026-07-23T18:00:00+00:00,234.12,234.2,233.98,234.1,797
2026-07-23T18:05:00+00:00,234.1,234.29,234.02,234.12,721
2026-07-23T18:10:00+00:00,234.12,234.18,233.89,233.91,680
2026-07-23T18:15:00+00:00,233.91,234.08,233.69,233.72,660
2026-07-23T18:20:00+00:00,233.72,233.8,233.59,233.68,697
2026-07-23T18:25:00+00:00,233.68,233.81,233.53,233.8,718
2026-07-23T18:30:00+00:00,233.8,233.95,233.73,233.76,753
2026-07-23T18:35:00+00:00,233.76,233.78,233.53,233.6,537
2026-07-23T18:40:00+00:00,233.6,233.67,233.44,233.52,525
2026-07-23T18:45:00+00:00,233.52,233.88,233.51,233.86,641
2026-07-23T18:50:00+00:00,233.86,233.86,233.58,233.58,586
2026-07-23T18:55:00+00:00,233.58,233.67,233.39,233.52,590
2026-07-23T19:00:00+00:00,233.52,233.63,233.42,233.48,425
2026-07-23T19:05:00+00:00,233.48,233.48,233.23,233.35,485
2026-07-23T19:10:00+00:00,233.35,233.55,233.23,233.49,583
2026-07-23T19:15:00+00:00,233.49,233.72,233.49,233.6,501
2026-07-23T19:20:00+00:00,233.6,233.8,233.38,233.46,530
2026-07-23T19:25:00+00:00,233.46,233.53,233,233.04,612
2026-07-23T19:30:00+00:00,233.04,233.35,232.84,233.22,927
2026-07-23T19:35:00+00:00,233.22,233.22,232.99,233.1,612
2026-07-23T19:40:00+00:00,233.1,233.2,232.98,232.98,642
2026-07-23T19:45:00+00:00,232.98,233.03,232.78,232.94,980
2026-07-23T19:50:00+00:00,232.94,233.68,232.87,233.41,1351
2026-07-23T19:55:00+00:00,233.41,233.97,233.28,233.53,1339
2026-07-24T13:30:00+00:00,233.53,234.67,232.77,233.27,947
2026-07-24T13:35:00+00:00,233.27,234.55,232.98,233.77,945
2026-07-24T13:40:00+00:00,233.77,234.03,232.2,232.22,870
2026-07-24T13:45:00+00:00,232.22,233.18,232.08,232.97,1129
2026-07-24T13:50:00+00:00,232.97,233.62,232.94,233.33,1190
2026-07-24T13:55:00+00:00,233.33,233.52,232.51,232.51,1140
2026-07-24T14:00:00+00:00,232.51,232.77,232.13,232.27,1251
2026-07-24T14:05:00+00:00,232.27,232.79,231.97,232.69,1165
2026-07-24T14:10:00+00:00,232.69,232.83,231.93,232.53,984
2026-07-24T14:15:00+00:00,232.53,232.67,232.16,232.17,1130
2026-07-24T14:20:00+00:00,232.17,232.5,231.99,232.25,904
2026-07-24T14:25:00+00:00,232.25,232.39,231.46,231.48,856
2026-07-24T14:30:00+00:00,231.48,231.98,231.46,231.71,891
2026-07-24T14:35:00+00:00,231.71,232.19,231.66,231.78,801
2026-07-24T14:40:00+00:00,231.78,232.26,231.76,231.83,1136
2026-07-24T14:45:00+00:00,231.83,231.93,231.24,231.58,1253
2026-07-24T14:50:00+00:00,231.58,232.08,231.56,231.74,1007
2026-07-24T14:55:00+00:00,231.74,233.11,231.69,233.11,1130
2026-07-24T15:00:00+00:00,233.11,233.11,232.39,232.54,1204
2026-07-24T15:05:00+00:00,232.54,232.65,232.07,232.07,1136
2026-07-24T15:10:00+00:00,232.07,232.81,232.03,232.67,1461
2026-07-24T15:15:00+00:00,232.67,232.93,232.52,232.64,1314
2026-07-24T15:20:00+00:00,232.64,232.99,232.27,232.66,1043
2026-07-24T15:25:00+00:00,232.66,233.78,232.66,233.63,1084
2026-07-24T15:30:00+00:00,233.63,233.8,233.05,233.05,894
2026-07-24T15:35:00+00:00,233.05,233.18,232.73,233.15,836
2026-07-24T15:40:00+00:00,233.15,233.49,233.08,233.31,779
2026-07-24T15:45:00+00:00,233.31,233.33,232.8,232.81,814
2026-07-24T15:50:00+00:00,232.81,233.1,232.75,232.9,897
2026-07-24T15:55:00+00:00,232.9,233.08,232.87,233,825
2026-07-24T16:00:00+00:00,233,233.28,232.98,233.19,805
2026-07-24T16:05:00+00:00,233.19,233.43,233.04,233.25,732
2026-07-24T16:10:00+00:00,233.25,233.66,233.24,233.29,801
2026-07-24T16:15:00+00:00,233.29,233.71,233.28,233.43,798
2026-07-24T16:20:00+00:00,233.43,233.91,233.39,233.78,782
2026-07-24T16:25:00+00:00,233.78,234.04,233.72,233.91,762
2026-07-24T16:30:00+00:00,233.91,233.91,233.47,233.63,924
2026-07-24T16:35:00+00:00,233.63,234.19,233.59,233.78,946
2026-07-24T16:40:00+00:00,233.78,233.98,233.64,233.73,845
2026-07-24T16:45:00+00:00,233.73,233.76,233.33,233.43,825
2026-07-24T16:50:00+00:00,233.43,233.75,233.24,233.67,982
2026-07-24T16:55:00+00:00,233.67,233.75,233.24,233.31,837
2026-07-24T17:00:00+00:00,233.31,233.59,233.26,233.27,926
2026-07-24T17:05:00+00:00,233.27,233.41,232.99,233.07,911
2026-07-24T17:10:00+00:00,233.07,233.32,232.99,233.27,795
2026-07-24T17:15:00+00:00,233.27,233.31,232.98,233.18,640
2026-07-24T17:20:00+00:00,233.18,233.21,232.77,232.87,810
2026-07-24T17:25:00+00:00,232.87,233.43,232.76,233.38,626
2026-07-24T17:30:00+00:00,233.38,233.73,233.37,233.55,730
2026-07-24T17:35:00+00:00,233.55,233.59,232.47,232.6,854
2026-07-24T17:40:00+00:00,232.6,232.8,232.55,232.69,680
2026-07-24T17:45:00+00:00,232.69,232.9,232.68,232.84,547
2026-07-24T17:50:00+00:00,232.84,233.12,232.81,233.02,683
2026-07-24T17:55:00+00:00,233.02,233.06,232.88,232.95,487
2026-07-24T18:00:00+00:00,232.95,233.02,232.63,232.66,493
2026-07-24T18:05:00+00:00,232.66,232.73,232.44,232.48,708
2026-07-24T18:10:00+00:00,232.48,232.76,232.43,232.72,572
2026-07-24T18:15:00+00:00,232.72,232.76,232.5,232.56,699
2026-07-24T18:20:00+00:00,232.56,232.58,232.24,232.38,756
2026-07-24T18:25:00+00:00,232.38,232.38,232.04,232.04,723
2026-07-24T18:30:00+00:00,232.04,232.19,231.56,231.65,1135
2026-07-24T18:35:00+00:00,231.65,232.14,231.48,231.97,1127
2026-07-24T18:40:00+00:00,231.97,232.17,231.88,231.93,958
2026-07-24T18:45:00+00:00,231.93,232.03,231.66,231.83,909
2026-07-24T18:50:00+00:00,231.83,231.99,231.68,231.78,748
2026-07-24T18:55:00+00:00,231.78,231.98,231.73,231.81,772
2026-07-24T19:00:00+00:00,231.81,231.93,231.54,231.66,747
2026-07-24T19:05:00+00:00,231.66,232,231.57,231.89,918
2026-07-24T19:10:00+00:00,231.89,232.02,231.76,231.79,790
2026-07-24T19:15:00+00:00,231.79,231.88,231.7,231.81,794
2026-07-24T19:20:00+00:00,231.81,231.94,231.58,231.65,755
2026-07-24T19:25:00+00:00,231.65,231.7,231.23,231.32,762
2026-07-24T19:30:00+00:00,231.32,231.81,231.32,231.73,913
2026-07-24T19:35:00+00:00,231.73,232.02,231.64,231.84,959
2026-07-24T19:40:00+00:00,231.84,232.02,231.79,231.95,844
2026-07-24T19:45:00+00:00,231.95,232.01,231.64,231.88,815
2026-07-24T19:50:00+00:00,231.88,232.36,231.77,232.23,1103
2026-07-24T19:55:00+00:00,232.23,232.27,231.61,232,1395
2026-07-27T13:30:00+00:00,232,235.54,232,234.69,1003
2026-07-27T13:35:00+00:00,234.69,235.29,234.24,234.44,1050
2026-07-27T13:40:00+00:00,234.44,234.98,234.32,234.34,1003
2026-07-27T13:45:00+00:00,234.34,235.16,234.23,234.83,1250
2026-07-27T13:50:00+00:00,234.83,234.94,234.18,234.33,1093
2026-07-27T13:55:00+00:00,234.33,234.65,233.94,233.94,958
2026-07-27T14:00:00+00:00,233.94,234.49,233.49,234.33,1367
2026-07-27T14:05:00+00:00,234.33,234.59,234.17,234.24,1288
2026-07-27T14:10:00+00:00,234.24,234.75,234.05,234.59,1415
2026-07-27T14:15:00+00:00,234.59,234.85,234.36,234.44,1398
2026-07-27T14:20:00+00:00,234.44,234.47,233.93,234,1265
2026-07-27T14:25:00+00:00,234,234.51,233.15,233.16,1401
2026-07-27T14:30:00+00:00,233.16,234.26,233.15,234.08,1607
2026-07-27T14:35:00+00:00,234.08,234.14,233.54,233.99,1521
2026-07-27T14:40:00+00:00,233.99,234.04,233.34,233.36,1670
2026-07-27T14:45:00+00:00,233.36,233.5,232.88,232.91,1487
2026-07-27T14:50:00+00:00,232.91,233.24,232.79,232.97,1548
2026-07-27T14:55:00+00:00,232.97,233.49,232.95,233.41,1559
2026-07-27T15:00:00+00:00,233.41,233.56,233.14,233.42,1710
2026-07-27T15:05:00+00:00,233.42,233.96,233.39,233.6,1444
2026-07-27T15:10:00+00:00,233.6,234.08,233.44,233.81,1552
2026-07-27T15:15:00+00:00,233.81,233.81,233.01,233.1,1411
2026-07-27T15:20:00+00:00,233.1,233.37,232.99,233.16,1380
2026-07-27T15:25:00+00:00,233.16,233.3,233.04,233.16,1314
2026-07-27T15:30:00+00:00,233.16,233.18,232.28,232.35,1346
2026-07-27T15:35:00+00:00,232.35,232.45,231.94,232.22,1370
2026-07-27T15:40:00+00:00,232.22,232.43,232.14,232.41,1145
2026-07-27T15:45:00+00:00,232.41,232.49,231.98,232.08,1277
2026-07-27T15:50:00+00:00,232.08,232.18,231.88,232.11,1008
2026-07-27T15:55:00+00:00,232.11,232.15,231.74,231.74,893
2026-07-27T16:00:00+00:00,231.74,232,231.69,231.86,1270
2026-07-27T16:05:00+00:00,231.86,231.94,231.61,231.79,921
2026-07-27T16:10:00+00:00,231.79,231.92,231.31,231.31,870
2026-07-27T16:15:00+00:00,231.31,231.38,230.87,231.32,1264
2026-07-27T16:20:00+00:00,231.32,231.32,230.87,231,1194
2026-07-27T16:25:00+00:00,231,231.84,230.91,231.4,1674
2026-07-27T16:30:00+00:00,231.4,231.94,231.36,231.94,1149
2026-07-27T16:35:00+00:00,231.94,232.06,231.53,231.58,998
2026-07-27T16:40:00+00:00,231.58,231.69,231.35,231.51,832
2026-07-27T16:45:00+00:00,231.51,231.67,231.45,231.5,1014
2026-07-27T16:50:00+00:00,231.5,231.65,231.34,231.65,1145
2026-07-27T16:55:00+00:00,231.65,231.89,231.55,231.7,928
2026-07-27T17:00:00+00:00,231.7,231.73,231.25,231.28,1064
2026-07-27T17:05:00+00:00,231.28,231.5,231.25,231.44,926
2026-07-27T17:10:00+00:00,231.44,231.63,231.36,231.57,797
2026-07-27T17:15:00+00:00,231.57,231.71,231.43,231.7,813
2026-07-27T17:20:00+00:00,231.7,231.86,231.62,231.68,684
2026-07-27T17:25:00+00:00,231.68,231.75,231.56,231.56,727
2026-07-27T17:30:00+00:00,231.56,231.59,231.35,231.53,733
2026-07-27T17:35:00+00:00,231.53,231.72,231.45,231.54,811
2026-07-27T17:40:00+00:00,231.54,231.64,231.38,231.59,636
2026-07-27T17:45:00+00:00,231.59,231.77,231.52,231.61,754
2026-07-27T17:50:00+00:00,231.61,232.12,231.58,232.1,609
2026-07-27T17:55:00+00:00,232.1,232.17,-2540.9905,232.1,281.8302223987291
2026-07-27T18:00:00+00:00,232.1,232.16,231.76,231.76,14
2026-07-27T18:05:00+00:00,231.76,231.94,-2541.2205,231.91,163.83224489795919
2026-07-27T18:10:00+00:00,231.91,232.06,-2541.1705,231.99,135.78045501551188
2026-07-27T18:15:00+00:00,231.99,231.99,231.62,231.62,518
2026-07-27T18:20:00+00:00,231.62,231.7,231.49,231.61,622
2026-07-27T18:25:00+00:00,231.61,231.75,231.57,231.75,421
2026-07-27T18:30:00+00:00,231.75,231.8,231.63,231.68,498
2026-07-27T18:35:00+00:00,231.68,231.82,231.63,231.69,494
2026-07-27T18:40:00+00:00,231.69,232.23,231.67,232.18,797
2026-07-27T18:45:00+00:00,232.18,232.51,232.16,232.38,686
2026-07-27T18:50:00+00:00,232.38,232.73,232.31,232.61,537
2026-07-27T18:55:00+00:00,232.61,232.84,232.48,232.58,800
2026-07-27T19:00:00+00:00,232.58,232.62,232.11,232.18,792
2026-07-27T19:05:00+00:00,232.18,232.35,232.1,232.26,535
2026-07-27T19:10:00+00:00,232.26,232.47,232.24,232.47,551
2026-07-27T19:15:00+00:00,232.47,232.54,232.39,232.41,482
2026-07-27T19:20:00+00:00,232.41,232.46,232.27,232.28,510
2026-07-27T19:25:00+00:00,232.28,232.3,232.09,232.13,646
2026-07-27T19:30:00+00:00,232.13,232.14,231.91,232.07,691
2026-07-27T19:35:00+00:00,232.07,232.2,231.78,231.9,654
2026-07-27T19:40:00+00:00,231.9,231.92,231.58,231.65,553
2026-07-27T19:45:00+00:00,231.65,231.69,231.13,231.28,640
2026-07-27T19:50:00+00:00,231.28,231.7,231.14,231.16,1006
2026-07-27T19:55:00+00:00,231.16,231.46,231.05,231.26,1267
2026-07-28T13:30:00+00:00,231.26,232.81,230.22,230.58,2393
2026-07-28T13:35:00+00:00,230.58,231.63,230.4,230.6,2566
2026-07-28T13:40:00+00:00,230.6,230.69,229.49,230,2460
2026-07-28T13:45:00+00:00,230,230.13,229.17,229.6,2063
2026-07-28T13:50:00+00:00,229.6,230.28,229.47,229.76,2452
2026-07-28T13:55:00+00:00,229.76,229.84,229.16,229.24,2100
2026-07-28T14:00:00+00:00,229.24,229.87,229.22,229.23,2400
2026-07-28T14:05:00+00:00,229.23,229.8,229.13,229.62,2401
2026-07-28T14:10:00+00:00,229.62,229.8,229.38,229.66,2428
2026-07-28T14:15:00+00:00,229.66,230.39,229.45,230.06,2745
2026-07-28T14:20:00+00:00,230.06,230.26,229.41,229.78,2608
2026-07-28T14:25:00+00:00,229.78,229.9,229.38,229.4,2193
2026-07-28T14:30:00+00:00,229.4,229.46,228.58,228.69,2436
2026-07-28T14:35:00+00:00,228.69,228.84,228.13,228.13,2003
2026-07-28T14:40:00+00:00,228.13,228.7,227.98,228.36,2019
2026-07-28T14:45:00+00:00,228.36,228.99,228.35,228.9,1666
2026-07-28T14:50:00+00:00,228.9,229.01,228.43,228.63,1468
2026-07-28T14:55:00+00:00,228.63,229.25,228.53,228.99,1661
2026-07-28T15:00:00+00:00,228.99,229.32,228.7,228.71,1542
2026-07-28T15:05:00+00:00,228.71,229.2,228.58,228.92,1825
2026-07-28T15:10:00+00:00,228.92,229.64,228.81,229.61,2372
2026-07-28T15:15:00+00:00,229.61,230.41,229.58,230.31,2031
2026-07-28T15:20:00+00:00,230.31,230.59,230.07,230.12,1945
2026-07-28T15:25:00+00:00,230.12,230.39,230.04,230.17,1545
2026-07-28T15:30:00+00:00,230.17,230.24,229.81,230.12,1440
2026-07-28T15:35:00+00:00,230.12,230.61,230.1,230.5,1150
2026-07-28T15:40:00+00:00,230.5,230.53,230.01,230.27,1470
2026-07-28T15:45:00+00:00,230.27,230.49,230.12,230.46,1108
2026-07-28T15:50:00+00:00,230.46,231.14,230.39,231,1197
2026-07-28T15:55:00+00:00,231,231.24,230.97,231.1,1029
2026-07-28T16:00:00+00:00,231.1,231.25,230.77,231.13,1288
2026-07-28T16:05:00+00:00,231.13,231.21,230.88,231.15,962
2026-07-28T16:10:00+00:00,231.15,231.22,230.9,230.97,1038
2026-07-28T16:15:00+00:00,230.97,231.64,230.97,231.59,1017
2026-07-28T16:20:00+00:00,231.59,231.66,231.38,231.39,894
2026-07-28T16:25:00+00:00,231.39,231.5,231.13,231.16,834
2026-07-28T16:30:00+00:00,231.16,231.53,231.09,231.23,1009
2026-07-28T16:35:00+00:00,231.23,231.32,231.04,231.29,994
2026-07-28T16:40:00+00:00,231.29,231.38,231.03,231.05,923
2026-07-28T16:45:00+00:00,231.05,231.29,230.95,231.17,973
2026-07-28T16:50:00+00:00,231.17,231.72,231.16,231.5,901
2026-07-28T16:55:00+00:00,231.5,231.61,231.35,231.45,822
2026-07-28T17:00:00+00:00,231.45,231.63,231.05,231.57,1005
2026-07-28T17:05:00+00:00,231.57,231.9,231.55,231.63,998
2026-07-28T17:10:00+00:00,231.63,231.84,231.47,231.82,1081
2026-07-28T17:15:00+00:00,231.82,231.92,231.48,231.51,983
2026-07-28T17:20:00+00:00,231.51,232.16,231.39,231.93,1232
2026-07-28T17:25:00+00:00,231.93,232.23,231.81,231.91,920
2026-07-28T17:30:00+00:00,231.91,231.96,231.71,231.72,977
2026-07-28T17:35:00+00:00,231.72,232,231.59,231.75,1078
2026-07-28T17:40:00+00:00,231.75,231.84,230.98,231,1107
2026-07-28T17:45:00+00:00,231,231.26,230.96,231.13,1128
2026-07-28T17:50:00+00:00,231.13,231.26,231.06,231.11,751
2026-07-28T17:55:00+00:00,231.11,231.52,231.04,231.45,732
2026-07-28T18:00:00+00:00,231.45,231.5,231.04,231.13,1184
2026-07-28T18:05:00+00:00,231.13,231.15,230.94,231.11,792
2026-07-28T18:10:00+00:00,231.11,231.16,230.65,230.92,822
2026-07-28T18:15:00+00:00,230.92,231.1,230.77,230.87,1076
2026-07-28T18:20:00+00:00,230.87,231.11,230.79,230.98,790
2026-07-28T18:25:00+00:00,230.98,231.14,230.91,231.01,928
2026-07-28T18:30:00+00:00,231.01,231.17,230.93,231.03,992
2026-07-28T18:35:00+00:00,231.03,231.12,230.92,230.95,835
2026-07-28T18:40:00+00:00,230.95,231.27,230.91,231.17,935
2026-07-28T18:45:00+00:00,231.17,231.4,230.97,231.31,938
2026-07-28T18:50:00+00:00,231.31,231.35,231,231.15,876
2026-07-28T18:55:00+00:00,231.15,231.23,230.99,231.19,738
2026-07-28T19:00:00+00:00,231.19,231.25,230.98,231.22,967
2026-07-28T19:05:00+00:00,231.22,231.3,231.04,231.15,858
2026-07-28T19:10:00+00:00,231.15,231.24,231,231.03,780
2026-07-28T19:15:00+00:00,231.03,231.21,230.89,230.92,734
2026-07-28T19:20:00+00:00,230.92,231,230.61,230.73,562
2026-07-28T19:25:00+00:00,230.73,230.88,230.64,230.8,594
2026-07-28T19:30:00+00:00,230.8,231.11,230.69,231.09,830
2026-07-28T19:35:00+00:00,231.09,231.12,230.89,230.89,788
2026-07-28T19:40:00+00:00,230.89,231.03,230.78,230.91,708
2026-07-28T19:45:00+00:00,230.91,231.02,230.51,230.6,666
2026-07-28T19:50:00+00:00,230.6,231.09,230.52,230.77,1137
2026-07-28T19:55:00+00:00,230.77,231.06,230.35,230.72,1906
2026-07-29T13:30:00+00:00,230.72,230.72,228.24,229.66,1788
2026-07-29T13:35:00+00:00,229.66,230.1,229.19,229.93,1810
2026-07-29T13:40:00+00:00,229.93,230.06,228.99,229.16,2112
2026-07-29T13:45:00+00:00,229.16,229.56,228.38,228.78,1991
2026-07-29T13:50:00+00:00,228.78,228.82,228.41,228.63,1857
2026-07-29T13:55:00+00:00,228.63,229.52,228.61,229.33,2058
2026-07-29T14:00:00+00:00,229.33,229.72,229.08,229.15,2155
2026-07-29T14:05:00+00:00,229.15,229.17,228.43,228.49,1682
2026-07-29T14:10:00+00:00,228.49,228.49,227.39,227.62,1884
2026-07-29T14:15:00+00:00,227.62,227.82,227.33,227.42,2211
2026-07-29T14:20:00+00:00,227.42,228,227.38,227.5,2222
2026-07-29T14:25:00+00:00,227.5,227.67,227.24,227.42,1912
2026-07-29T14:30:00+00:00,227.42,227.87,227.39,227.62,1933
2026-07-29T14:35:00+00:00,227.62,227.78,227.38,227.42,1801
2026-07-29T14:40:00+00:00,227.42,227.77,227.06,227.7,2038
2026-07-29T14:45:00+00:00,227.7,227.85,227.33,227.47,2011
2026-07-29T14:50:00+00:00,227.47,227.84,227.33,227.79,1927
2026-07-29T14:55:00+00:00,227.79,227.94,-2545.4905,-2545.3804999999998,1662.1274373259052
2026-07-29T15:00:00+00:00,227.71,228.15,227.68,228.02,1859
2026-07-29T15:05:00+00:00,228.02,228.17,227.88,228.15,1913
2026-07-29T15:10:00+00:00,228.15,228.26,227.78,228,1620
2026-07-29T15:15:00+00:00,228,228.25,227.91,227.94,1241
2026-07-29T15:20:00+00:00,227.94,228,227.69,227.94,1180
2026-07-29T15:25:00+00:00,227.94,228.25,227.79,227.85,1307
2026-07-29T15:30:00+00:00,227.85,228.5,227.84,228.19,1498
2026-07-29T15:35:00+00:00,228.19,228.41,228.08,228.09,1799
2026-07-29T15:40:00+00:00,228.09,228.35,227.98,228.15,1265
2026-07-29T15:45:00+00:00,228.15,228.64,227.98,228.59,1342
2026-07-29T15:50:00+00:00,228.59,228.77,228.2,228.23,1532
2026-07-29T15:55:00+00:00,228.23,228.28,227.49,227.73,1664
2026-07-29T16:00:00+00:00,227.73,227.84,227.39,227.52,1515
2026-07-29T16:05:00+00:00,227.52,227.52,227.19,227.42,1386
2026-07-29T16:10:00+00:00,227.42,227.7,227.32,227.51,1231
2026-07-29T16:15:00+00:00,227.51,228.1,227.39,228,1321
2026-07-29T16:20:00+00:00,228,228.6,227.95,228.6,1410
2026-07-29T16:25:00+00:00,228.6,229.06,228.55,229.03,1210
2026-07-29T16:30:00+00:00,229.03,229.29,228.93,228.95,1236
2026-07-29T16:35:00+00:00,228.95,229.1,228.81,229.06,1056
2026-07-29T16:40:00+00:00,229.06,229.09,228.83,229,1096
2026-07-29T16:45:00+00:00,229,229.38,228.88,229.34,1102
2026-07-29T16:50:00+00:00,229.34,229.51,229.27,229.44,1288
2026-07-29T16:55:00+00:00,229.44,229.83,229.19,229.82,1312
2026-07-29T17:00:00+00:00,229.82,230.28,229.6,230.26,1281
2026-07-29T17:05:00+00:00,230.26,230.31,229.89,230,1136
2026-07-29T17:10:00+00:00,230,230.54,229.98,230.07,1360
2026-07-29T17:15:00+00:00,230.07,230.64,230.01,230.64,1513
2026-07-29T17:20:00+00:00,230.64,230.75,230.24,230.29,1215
2026-07-29T17:25:00+00:00,230.29,230.43,229.98,230,1487
2026-07-29T17:30:00+00:00,230,230.01,229.38,229.45,1529
2026-07-29T17:35:00+00:00,229.45,229.57,229.22,229.31,1366
2026-07-29T17:40:00+00:00,229.31,229.74,229.24,229.7,1722
2026-07-29T17:45:00+00:00,229.7,229.83,229.55,229.76,1449
2026-07-29T17:50:00+00:00,229.76,230.18,229.68,230.18,1345
2026-07-29T17:55:00+00:00,230.18,230.49,230.02,230.41,1137
2026-07-29T18:00:00+00:00,230.41,231.93,230.39,231.68,3350
2026-07-29T18:05:00+00:00,231.68,231.94,231.05,231.13,2770
2026-07-29T18:10:00+00:00,231.13,231.39,230.94,231.24,2441
2026-07-29T18:15:00+00:00,231.24,231.48,231.07,231.11,2043
2026-07-29T18:20:00+00:00,231.11,231.17,230.78,230.85,1859
2026-07-29T18:25:00+00:00,230.85,231.36,230.75,231.27,1933
2026-07-29T18:30:00+00:00,231.27,231.52,230.84,231.03,3519
2026-07-29T18:35:00+00:00,231.03,231.72,230.95,231.59,2847
2026-07-29T18:40:00+00:00,231.59,231.95,231.39,231.86,2990
2026-07-29T18:45:00+00:00,231.86,232.41,231.77,232.37,2424
2026-07-29T18:50:00+00:00,232.37,232.42,232.05,232.38,2270
2026-07-29T18:55:00+00:00,232.38,232.7,232.23,232.35,2496
2026-07-29T19:00:00+00:00,232.35,232.44,231.29,231.45,2888
2026-07-29T19:05:00+00:00,231.45,231.48,230.99,231,3062
2026-07-29T19:10:00+00:00,231,231.39,230.88,231.31,3133
2026-07-29T19:15:00+00:00,231.31,231.52,230.63,230.77,2631
2026-07-29T19:20:00+00:00,230.77,230.81,229.98,230.02,2991
2026-07-29T19:25:00+00:00,230.02,230.16,229.31,229.45,2585
2026-07-29T19:30:00+00:00,229.45,229.53,228.6,229.11,2773
2026-07-29T19:35:00+00:00,229.11,229.23,228.02,228.13,2710
2026-07-29T19:40:00+00:00,228.13,228.56,227.78,227.86,3063
2026-07-29T19:45:00+00:00,227.86,228.15,227.73,227.9,3348
2026-07-29T19:50:00+00:00,227.9,227.9,226.89,226.91,2447
2026-07-29T19:55:00+00:00,226.91,227.09,225.89,226.65,3321
2026-07-30T13:30:00+00:00,226.65,233.88,226.65,232.88,1712
2026-07-30T13:35:00+00:00,232.88,233.91,232.4,233.2,1898
2026-07-30T13:40:00+00:00,233.2,234.98,233.02,234.61,1828
2026-07-30T13:45:00+00:00,234.61,235.23,234.55,234.94,2014
2026-07-30T13:50:00+00:00,234.94,236.06,234.84,236.03,1720
2026-07-30T13:55:00+00:00,236.03,236.81,235.83,236.67,1810
2026-07-30T14:00:00+00:00,236.67,237.41,235.68,236.77,2072
2026-07-30T14:05:00+00:00,236.77,237.04,236.4,236.88,1369
2026-07-30T14:10:00+00:00,236.88,238.22,236.38,237.92,1676
2026-07-30T14:15:00+00:00,237.92,238.21,236.61,236.86,1403
2026-07-30T14:20:00+00:00,236.86,237.03,236.48,236.5,1267
2026-07-30T14:25:00+00:00,236.5,237.54,236.48,237.16,1304
2026-07-30T14:30:00+00:00,237.16,237.99,237.03,237.59,1239
2026-07-30T14:35:00+00:00,237.59,237.61,236.98,237.3,1197
2026-07-30T14:40:00+00:00,237.3,237.71,237.04,237.19,1170
2026-07-30T14:45:00+00:00,237.19,237.54,236.49,236.76,1179
2026-07-30T14:50:00+00:00,236.76,237.29,236.66,237.14,942
2026-07-30T14:55:00+00:00,237.14,237.45,236.7,236.86,1089
2026-07-30T15:00:00+00:00,236.86,237,236.58,236.81,1283
2026-07-30T15:05:00+00:00,236.81,237.23,236.71,237.06,1269
2026-07-30T15:10:00+00:00,237.06,237.08,236.28,236.35,1274
2026-07-30T15:15:00+00:00,236.35,236.91,236.17,236.76,1220
2026-07-30T15:20:00+00:00,236.76,237.21,236.44,236.69,1205
2026-07-30T15:25:00+00:00,236.69,236.92,236.29,236.44,1097
2026-07-30T15:30:00+00:00,236.44,237.32,236.28,237.3,1204
2026-07-30T15:35:00+00:00,237.3,237.58,237.09,237.24,1139
2026-07-30T15:40:00+00:00,237.24,237.77,237.11,237.65,1047
2026-07-30T15:45:00+00:00,237.65,238.02,237.46,237.75,1035
2026-07-30T15:50:00+00:00,237.75,238.36,237.49,238.32,1103
2026-07-30T15:55:00+00:00,238.32,238.57,237.84,238.05,1099
2026-07-30T16:00:00+00:00,238.05,238.84,237.85,238.74,1420
2026-07-30T16:05:00+00:00,238.74,239.24,238.69,239.04,1631
2026-07-30T16:10:00+00:00,239.04,239.36,238.85,239.01,1167
2026-07-30T16:15:00+00:00,239.01,239.04,238.27,238.33,945
2026-07-30T16:20:00+00:00,238.33,238.85,238.24,238.56,1078
2026-07-30T16:25:00+00:00,238.56,238.64,238.22,238.54,914
2026-07-30T16:30:00+00:00,238.54,238.82,238.21,238.69,1027
2026-07-30T16:35:00+00:00,238.69,238.76,238.44,238.62,904
2026-07-30T16:40:00+00:00,238.62,238.76,238.4,238.49,963
2026-07-30T16:45:00+00:00,238.49,238.72,238.4,238.5,899
2026-07-30T16:50:00+00:00,238.5,238.6,238.28,238.4,827
2026-07-30T16:55:00+00:00,238.4,238.51,238.04,238.08,854
2026-07-30T17:00:00+00:00,238.08,238.6,238.08,238.5,916
2026-07-30T17:05:00+00:00,238.5,238.61,238.03,238.2,801
2026-07-30T17:10:00+00:00,238.2,238.41,237.98,238.09,641
2026-07-30T17:15:00+00:00,238.09,238.11,237.58,237.73,690
2026-07-30T17:20:00+00:00,237.73,237.74,237.38,237.46,773
2026-07-30T17:25:00+00:00,237.46,237.7,237.38,237.61,719
2026-07-30T17:30:00+00:00,237.61,237.83,237.38,237.43,726
2026-07-30T17:35:00+00:00,237.43,237.72,237.3,237.58,988
2026-07-30T17:40:00+00:00,237.58,238,237.53,237.72,769
2026-07-30T17:45:00+00:00,237.72,237.88,237.61,237.61,648
2026-07-30T17:50:00+00:00,237.61,237.86,237.48,237.52,639
2026-07-30T17:55:00+00:00,237.52,237.73,237.33,237.44,520
2026-07-30T18:00:00+00:00,237.44,237.52,237.16,237.17,670
2026-07-30T18:05:00+00:00,237.17,237.31,236.84,237.11,672
2026-07-30T18:10:00+00:00,237.11,237.23,236.78,237.13,572
2026-07-30T18:15:00+00:00,237.13,237.55,237.12,237.42,727
2026-07-30T18:20:00+00:00,237.42,237.61,237.13,237.28,675
2026-07-30T18:25:00+00:00,237.28,237.57,237,237.28,668
2026-07-30T18:30:00+00:00,237.28,237.5,237.16,237.46,685
2026-07-30T18:35:00+00:00,237.46,237.5,237.13,237.14,698
2026-07-30T18:40:00+00:00,237.14,237.2,236.89,237.11,577
2026-07-30T18:45:00+00:00,237.11,237.35,237.04,237.26,463
2026-07-30T18:50:00+00:00,237.26,237.63,237.22,237.58,600
2026-07-30T18:55:00+00:00,237.58,237.77,237.42,237.61,652
2026-07-30T19:00:00+00:00,237.61,237.68,237.32,237.59,777
2026-07-30T19:05:00+00:00,237.59,238.02,237.39,237.97,919
2026-07-30T19:10:00+00:00,237.97,238.82,237.92,238.71,1003
2026-07-30T19:15:00+00:00,238.71,239.48,238.7,239.44,904
2026-07-30T19:20:00+00:00,239.44,239.49,239.02,239.09,915
2026-07-30T19:25:00+00:00,239.09,239.65,239.04,239.37,968
2026-07-30T19:30:00+00:00,239.37,239.62,238.89,238.94,1159
2026-07-30T19:35:00+00:00,238.94,239.04,237.65,237.65,1208
2026-07-30T19:40:00+00:00,237.65,238.11,237.21,237.45,1162
2026-07-30T19:45:00+00:00,237.45,237.75,237,237.23,1078
2026-07-30T19:50:00+00:00,237.23,237.4,236.3,236.37,1619
2026-07-30T19:55:00+00:00,236.37,236.51,234.63,235.92,2424
2026-07-31T13:30:00+00:00,235.92,268.41,235.92,267.61,2387
2026-07-31T13:35:00+00:00,267.61,269.18,266.62,268.12,2554
2026-07-31T13:40:00+00:00,268.12,268.57,265.21,265.89,2124
2026-07-31T13:45:00+00:00,265.89,268.38,265.17,267.57,1974
2026-07-31T13:50:00+00:00,267.57,268.73,267.1,267.56,1998
2026-07-31T13:55:00+00:00,267.56,269.8,267.48,269.03,1952
2026-07-31T14:00:00+00:00,269.03,270.76,268.92,269.55,2152
2026-07-31T14:05:00+00:00,269.55,269.55,267.12,268.03,2462
2026-07-31T14:10:00+00:00,268.03,268.81,267.4,267.85,2085
2026-07-31T14:15:00+00:00,267.85,269.23,267.83,268.27,1765
2026-07-31T14:20:00+00:00,268.27,268.53,266.85,268.34,1697
2026-07-31T14:25:00+00:00,268.34,270.03,268.29,269.44,1683
2026-07-31T14:30:00+00:00,269.44,271.87,269.42,271.43,1730
2026-07-31T14:35:00+00:00,271.43,271.74,270.45,270.45,1463
2026-07-31T14:40:00+00:00,270.45,271.38,270.09,271.16,1393
2026-07-31T14:45:00+00:00,271.16,271.52,270.58,270.87,1211
2026-07-31T14:50:00+00:00,270.87,271.4,270.72,270.9,1134
2026-07-31T14:55:00+00:00,270.9,271.24,270.48,270.61,1039
2026-07-31T15:00:00+00:00,270.61,271.16,269.89,269.91,1110
2026-07-31T15:05:00+00:00,269.91,270.43,269.69,269.72,934
2026-07-31T15:10:00+00:00,269.72,271.65,269.72,271.46,1239
2026-07-31T15:15:00+00:00,271.46,271.83,270.04,270.3,1290
2026-07-31T15:20:00+00:00,270.3,270.71,269.8,269.89,1142
2026-07-31T15:25:00+00:00,269.89,269.89,267.24,267.3,1639
2026-07-31T15:30:00+00:00,267.3,267.56,266.41,266.81,1526
2026-07-31T15:35:00+00:00,266.81,266.97,266.16,266.47,1225
2026-07-31T15:40:00+00:00,266.47,266.86,266.28,266.59,984
2026-07-31T15:45:00+00:00,266.59,267.2,266.48,267.08,999
2026-07-31T15:50:00+00:00,267.08,268.91,267.08,268.03,1292
2026-07-31T15:55:00+00:00,268.03,268.96,267.74,268.71,1302
2026-07-31T16:00:00+00:00,268.71,270.07,268.68,269.79,1294
2026-07-31T16:05:00+00:00,269.79,270.2,269.13,269.63,1243
2026-07-31T16:10:00+00:00,269.63,270.78,269.52,270.63,1124
2026-07-31T16:15:00+00:00,270.63,271.25,270.05,270.23,1029
2026-07-31T16:20:00+00:00,270.23,271.38,270.21,271.26,944
2026-07-31T16:25:00+00:00,271.26,271.35,270.61,270.62,1053
2026-07-31T16:30:00+00:00,270.62,271.1,270.35,271.07,1017
2026-07-31T16:35:00+00:00,271.07,271.2,270.26,270.4,978
2026-07-31T16:40:00+00:00,270.4,270.73,270.36,270.56,1035
2026-07-31T16:45:00+00:00,270.56,270.7,270.38,270.47,934
2026-07-31T16:50:00+00:00,270.47,271.42,270.44,271.04,1024
2026-07-31T16:55:00+00:00,271.04,271.13,270.74,270.92,831
2026-07-31T17:00:00+00:00,270.92,271.25,270.89,270.96,774
2026-07-31T17:05:00+00:00,270.96,271.23,270.74,270.81,939
2026-07-31T17:10:00+00:00,270.81,270.93,269.76,269.82,886
2026-07-31T17:15:00+00:00,269.82,270.15,269.52,269.81,903
2026-07-31T17:20:00+00:00,269.81,271.18,269.78,271.05,1035
2026-07-31T17:25:00+00:00,271.05,271.33,270.87,271.18,851
2026-07-31T17:30:00+00:00,271.18,271.2,270.6,270.95,916
2026-07-31T17:35:00+00:00,270.95,271,270.48,270.5,855
2026-07-31T17:40:00+00:00,270.5,270.68,270.06,270.64,798
2026-07-31T17:45:00+00:00,270.64,271.1,270.43,270.48,853
2026-07-31T17:50:00+00:00,270.48,270.68,270.36,270.58,788
2026-07-31T17:55:00+00:00,270.58,270.79,270.38,270.41,647
2026-07-31T18:00:00+00:00,270.41,271.12,270.41,270.91,691
2026-07-31T18:05:00+00:00,270.91,271.31,270.85,271.17,812
2026-07-31T18:10:00+00:00,271.17,271.51,270.99,271.4,882
2026-07-31T18:15:00+00:00,271.4,271.47,271.19,271.39,701
2026-07-31T18:20:00+00:00,271.39,271.59,271.08,271.29,856
2026-07-31T18:25:00+00:00,271.29,271.36,270.53,270.65,613
2026-07-31T18:30:00+00:00,270.65,271.05,270.42,270.55,666
2026-07-31T18:35:00+00:00,270.55,270.77,270.47,270.6,588
2026-07-31T18:40:00+00:00,270.6,270.73,270.41,270.65,539
2026-07-31T18:45:00+00:00,270.65,271.33,270.61,271.29,567
2026-07-31T18:50:00+00:00,271.29,271.74,271.19,271.25,748
2026-07-31T18:55:00+00:00,271.25,271.71,271.21,271.53,735
2026-07-31T19:00:00+00:00,271.53,271.57,270.96,271.24,807
2026-07-31T19:05:00+00:00,271.24,271.49,271.01,271.44,624
2026-07-31T19:10:00+00:00,271.44,271.45,271.03,271.1,683
2026-07-31T19:15:00+00:00,271.1,271.35,270.89,271.27,787
2026-07-31T19:20:00+00:00,271.27,271.43,270.94,271.24,854
2026-07-31T19:25:00+00:00,271.24,272.24,271.12,271.7,1046
2026-07-31T19:30:00+00:00,271.7,272.59,271.46,271.53,1455
2026-07-31T19:35:00+00:00,271.53,272.08,271.27,271.45,1071
2026-07-31T19:40:00+00:00,271.45,271.45,270.88,271.24,1115
2026-07-31T19:45:00+00:00,271.24,272.05,271.16,271.49,1115
2026-07-31T19:50:00+00:00,271.49,273.11,271.48,272.31,1357
2026-07-31T19:55:00+00:00,272.31,272.37,270.88,271.25,1758
2026-08-03T13:30:00+00:00,271.25,284.36,271.25,284.01,2407
2026-08-03T13:35:00+00:00,284.01,285.88,283.1,285.65,2480
2026-08-03T13:40:00+00:00,285.65,286.37,284.54,285.64,1987
2026-08-03T13:45:00+00:00,285.64,286.59000000000003,283.95,284.15,1822
2026-08-03T13:50:00+00:00,284.15,285.62,283.02,285.3,1708
2026-08-03T13:55:00+00:00,285.3,285.3,283.54,284.03000000000003,1279
2026-08-03T14:00:00+00:00,284.03000000000003,284.83,283.16,283.43,1430
2026-08-03T14:05:00+00:00,283.43,284.13,283,283.95,1182
2026-08-03T14:10:00+00:00,283.95,284.44,283.17,283.74,1170
2026-08-03T14:15:00+00:00,283.74,284.39,282.8,283.67,1172
2026-08-03T14:20:00+00:00,283.67,284.21,282.74,283.7,1131
2026-08-03T14:25:00+00:00,283.7,285.43,283.65,285.27,1094
2026-08-03T14:30:00+00:00,285.27,285.42,284.07,284.59000000000003,1140
2026-08-03T14:35:00+00:00,284.59000000000003,285.29,284.15,284.8,1214
2026-08-03T14:40:00+00:00,284.8,286.04,284.31,285.03000000000003,1154
2026-08-03T14:45:00+00:00,285.03000000000003,285.37,284.12,284.15,1034
2026-08-03T14:50:00+00:00,284.15,284.35,283.3,283.44,1148
2026-08-03T14:55:00+00:00,283.44,284.41,283.31,284.28000000000003,888
2026-08-03T15:00:00+00:00,284.28000000000003,284.52,283.52,283.77,918
2026-08-03T15:05:00+00:00,283.77,284.69,283.66,284.15,926
2026-08-03T15:10:00+00:00,284.15,284.63,283.88,284.5,969
2026-08-03T15:15:00+00:00,284.5,284.83,283.6,283.63,917
2026-08-03T15:20:00+00:00,283.63,285.21,283.4,285.17,992
2026-08-03T15:25:00+00:00,285.17,285.64,284.39,285.24,1108
2026-08-03T15:30:00+00:00,285.24,285.82,284.88,285.49,971
2026-08-03T15:35:00+00:00,285.49,285.77,285.02,285.34000000000003,1065
2026-08-03T15:40:00+00:00,285.34000000000003,285.53000000000003,285,285.18,906
2026-08-03T15:45:00+00:00,285.18,285.45,284.79,285.08,938
2026-08-03T15:50:00+00:00,285.08,285.52,284.98,285.36,884
2026-08-03T15:55:00+00:00,285.36,285.41,284.51,284.83,913
2026-08-03T16:00:00+00:00,284.83,285.05,284.5,284.76,838
2026-08-03T16:05:00+00:00,284.76,284.76,284.04,284.33,858
2026-08-03T16:10:00+00:00,284.33,284.6,284.02,284.17,659
2026-08-03T16:15:00+00:00,284.17,284.2,283.63,283.93,770
2026-08-03T16:20:00+00:00,283.93,284.22,283.64,283.82,757
2026-08-03T16:25:00+00:00,283.82,284.27,283.52,283.99,768
2026-08-03T16:30:00+00:00,283.99,284.22,283.83,283.95,796
2026-08-03T16:35:00+00:00,283.95,284.29,283.89,284.16,728
2026-08-03T16:40:00+00:00,284.16,284.62,284,284.43,714
2026-08-03T16:45:00+00:00,284.43,284.92,284.03000000000003,284.92,629
2026-08-03T16:50:00+00:00,284.92,284.95,284.5,284.7,548
2026-08-03T16:55:00+00:00,284.7,284.82,283.84000000000003,284.11,632
2026-08-03T17:00:00+00:00,284.11,284.43,283.96,284.32,622
2026-08-03T17:05:00+00:00,284.32,284.46,284.08,284.14,561
2026-08-03T17:10:00+00:00,284.14,284.21,283.3,283.4,641
2026-08-03T17:15:00+00:00,283.4,283.59000000000003,283.2,283.53000000000003,672
2026-08-03T17:20:00+00:00,283.53000000000003,283.69,283.11,283.35,626
2026-08-03T17:25:00+00:00,283.35,284.21,283.23,284.1,589
2026-08-03T17:30:00+00:00,284.1,284.16,283.53000000000003,283.59000000000003,716
2026-08-03T17:35:00+00:00,283.59000000000003,283.73,283.39,283.54,507
2026-08-03T17:40:00+00:00,283.54,283.69,283.21,283.58,632
2026-08-03T17:45:00+00:00,283.58,283.78000000000003,283,283.02,596
2026-08-03T17:50:00+00:00,283.02,283.34000000000003,282.93,283.13,563
2026-08-03T17:55:00+00:00,283.13,283.36,282.9,283.22,700
2026-08-03T18:00:00+00:00,283.22,283.33,282.88,283.28000000000003,593
2026-08-03T18:05:00+00:00,283.28000000000003,283.39,282.95,283.03000000000003,672
2026-08-03T18:10:00+00:00,283.03000000000003,283.07,282.5,282.52,746
2026-08-03T18:15:00+00:00,282.52,282.58,282.12,282.18,748
2026-08-03T18:20:00+00:00,282.18,282.43,281.97,282,631
2026-08-03T18:25:00+00:00,282,282.55,281.98,282.4,494
2026-08-03T18:30:00+00:00,282.4,282.43,281.9,281.98,580
2026-08-03T18:35:00+00:00,281.98,282.32,281.97,282.07,484
2026-08-03T18:40:00+00:00,282.07,283.4,281.93,283.37,727
2026-08-03T18:45:00+00:00,283.37,283.68,283.16,283.62,635
2026-08-03T18:50:00+00:00,283.62,284.1,283.5,284.05,560
2026-08-03T18:55:00+00:00,284.05,284.11,283.82,283.89,552
2026-08-03T19:00:00+00:00,283.89,283.99,282.86,282.86,646
2026-08-03T19:05:00+00:00,282.86,283.01,282.5,282.57,612
2026-08-03T19:10:00+00:00,282.57,282.96,282.5,282.76,501
2026-08-03T19:15:00+00:00,282.76,283.22,282.7,282.98,644
2026-08-03T19:20:00+00:00,282.98,283.99,282.84000000000003,283.89,684
2026-08-03T19:25:00+00:00,283.89,284.19,283.56,284.12,638
2026-08-03T19:30:00+00:00,284.12,284.24,283.85,284.04,784
2026-08-03T19:35:00+00:00,284.04,284.54,283.87,284.2,676
2026-08-03T19:40:00+00:00,284.2,284.69,284.07,284.5,794
2026-08-03T19:45:00+00:00,284.5,285.06,284.15,285.06,797
2026-08-03T19:50:00+00:00,285.06,285.39,284.51,284.62,1265
2026-08-03T19:55:00+00:00,284.62,284.62,282.94,283.57,1698
2026-08-04T13:30:00+00:00,283.57,283.57,275.31,277.27,1859
2026-08-04T13:35:00+00:00,277.27,277.45,276.12,277.31,1786
2026-08-04T13:40:00+00:00,277.31,277.63,275.6,275.84000000000003,1729
2026-08-04T13:45:00+00:00,275.84000000000003,276.93,275.31,276.87,1858
2026-08-04T13:50:00+00:00,276.87,277.27,275.91,276.47,1597
2026-08-04T13:55:00+00:00,276.47,276.98,275.91,276.41,1451
2026-08-04T14:00:00+00:00,276.41,277.3,276.12,276.57,1515
2026-08-04T14:05:00+00:00,276.57,278.01,276.46,277.84000000000003,1696
2026-08-04T14:10:00+00:00,277.84000000000003,280.3,277.84000000000003,280.04,1962
2026-08-04T14:15:00+00:00,280.04,280.21,278.78000000000003,280.14,1449
2026-08-04T14:20:00+00:00,280.14,280.52,278.87,279.15,1546
2026-08-04T14:25:00+00:00,279.15,279.54,277.03000000000003,277.03000000000003,1625
2026-08-04T14:30:00+00:00,277.03000000000003,278.63,276.79,278.16,1422
2026-08-04T14:35:00+00:00,278.16,278.26,277.29,278.24,1297
2026-08-04T14:40:00+00:00,278.24,278.29,277.01,277.15,1174
2026-08-04T14:45:00+00:00,277.15,277.16,276.18,276.62,1189
2026-08-04T14:50:00+00:00,276.62,276.64,276.25,276.48,1177
2026-08-04T14:55:00+00:00,276.48,277.15,276.38,277.12,1386
2026-08-04T15:00:00+00:00,277.12,277.12,276.51,277,1367
2026-08-04T15:05:00+00:00,277,277.03000000000003,276.2,276.28000000000003,1547
2026-08-04T15:10:00+00:00,276.28000000000003,277.17,276.11,276.32,1436
2026-08-04T15:15:00+00:00,276.32,276.66,276.28000000000003,276.38,1235
2026-08-04T15:20:00+00:00,276.38,277.26,276.11,277.23,1258
2026-08-04T15:25:00+00:00,277.23,277.72,277.16,277.6,1492
2026-08-04T15:30:00+00:00,277.6,278.03000000000003,277.27,277.47,1480
2026-08-04T15:35:00+00:00,277.47,277.61,276.93,277.01,1528
2026-08-04T15:40:00+00:00,277.01,277.18,276.52,276.55,1262
2026-08-04T15:45:00+00:00,276.55,277.06,276.54,276.79,1295
2026-08-04T15:50:00+00:00,276.79,277.24,276.76,277.03000000000003,1196
2026-08-04T15:55:00+00:00,277.03000000000003,277.65,276.94,277.06,1094
2026-08-04T16:00:00+00:00,277.06,277.52,276.98,277.32,1000
2026-08-04T16:05:00+00:00,277.32,277.56,276.9,277.09000000000003,1066
2026-08-04T16:10:00+00:00,277.09000000000003,277.67,277.09000000000003,277.67,996
2026-08-04T16:15:00+00:00,277.67,277.91,277.16,277.32,954
2026-08-04T16:20:00+00:00,277.32,277.72,277.24,277.68,1121
2026-08-04T16:25:00+00:00,277.68,277.99,277.42,277.99,1082
2026-08-04T16:30:00+00:00,277.99,278.1,277.57,277.9,1209
2026-08-04T16:35:00+00:00,277.9,278.35,277.8,277.94,951
2026-08-04T16:40:00+00:00,277.94,278.52,277.88,278.5,1041
2026-08-04T16:45:00+00:00,278.5,278.7,278.11,278.22,1179
2026-08-04T16:50:00+00:00,278.22,278.25,277.65,277.84000000000003,1316
2026-08-04T16:55:00+00:00,277.84000000000003,278.15,277.5,277.64,1060
2026-08-04T17:00:00+00:00,277.64,278.56,277.58,278.56,1272
2026-08-04T17:05:00+00:00,278.56,278.69,278.1,278.21,1224
2026-08-04T17:10:00+00:00,278.21,278.36,277.62,278.33,977
2026-08-04T17:15:00+00:00,278.33,278.4,278.03000000000003,278.31,950
2026-08-04T17:20:00+00:00,278.31,278.73,278.14,278.63,1019
2026-08-04T17:25:00+00:00,278.63,278.67,278.14,278.24,785
2026-08-04T17:30:00+00:00,278.24,278.4,277.98,278.07,832
2026-08-04T17:35:00+00:00,278.07,278.21,277.91,278.06,792
2026-08-04T17:40:00+00:00,278.06,278.43,278.01,278.29,808
2026-08-04T17:45:00+00:00,278.29,278.43,278.15,278.32,1060
2026-08-04T17:50:00+00:00,278.32,278.53000000000003,278,278.22,1196
2026-08-04T17:55:00+00:00,278.22,278.36,277.59000000000003,277.66,1069
2026-08-04T18:00:00+00:00,277.66,277.68,277.25,277.36,1277
2026-08-04T18:05:00+00:00,277.36,277.77,277.36,277.62,850
2026-08-04T18:10:00+00:00,277.62,277.8,277.25,277.45,947
2026-08-04T18:15:00+00:00,277.45,277.83,277.2,277.79,1062
2026-08-04T18:20:00+00:00,277.79,277.83,277.4,277.45,1037
2026-08-04T18:25:00+00:00,277.45,277.61,277.2,277.46,912
2026-08-04T18:30:00+00:00,277.46,277.78000000000003,277.3,277.32,1116
2026-08-04T18:35:00+00:00,277.32,277.42,276.79,276.8,1012
2026-08-04T18:40:00+00:00,276.8,276.82,276.44,276.79,1180
2026-08-04T18:45:00+00:00,276.79,276.93,276.61,276.7,974
2026-08-04T18:50:00+00:00,276.7,276.91,276.61,276.71,855
2026-08-04T18:55:00+00:00,276.71,276.81,276.4,276.55,728
2026-08-04T19:00:00+00:00,276.55,276.86,276.4,276.78000000000003,1036
2026-08-04T19:05:00+00:00,276.78000000000003,276.93,276.4,276.52,1102
2026-08-04T19:10:00+00:00,276.52,277.09000000000003,276.5,276.98,925
2026-08-04T19:15:00+00:00,276.98,277.41,276.93,277.03000000000003,980
2026-08-04T19:20:00+00:00,277.03000000000003,277.15,276.57,276.71,934
2026-08-04T19:25:00+00:00,276.71,276.84000000000003,276.4,276.61,1008
2026-08-04T19:30:00+00:00,276.61,277.7,276.47,277.61,1292
2026-08-04T19:35:00+00:00,277.61,277.63,277.1,277.26,1237
2026-08-04T19:40:00+00:00,277.26,277.81,277.23,277.81,1127
2026-08-04T19:45:00+00:00,277.81,278.23,277.63,278.17,1186
2026-08-04T19:50:00+00:00,278.17,278.19,276.69,276.87,1297
2026-08-04T19:55:00+00:00,276.87,277.41,276.5,276.97,1823
2026-08-05T13:30:00+00:00,276.97,282.16,276.97,281.71,1069
2026-08-05T13:35:00+00:00,281.71,281.9,277.66,278.34000000000003,1813
2026-08-05T13:40:00+00:00,278.34000000000003,278.92,276.92,277.13,1712
2026-08-05T13:45:00+00:00,277.13,277.57,276.15,276.17,1748
2026-08-05T13:50:00+00:00,276.17,276.23,275.1,275.7,1340
2026-08-05T13:55:00+00:00,275.7,275.7,274.79,275.36,1591
2026-08-05T14:00:00+00:00,275.36,276.11,275.09000000000003,275.88,1835
2026-08-05T14:05:00+00:00,275.88,276.21,275.41,276.05,1788
2026-08-05T14:10:00+00:00,276.05,276.64,275.75,276.23,1357
2026-08-05T14:15:00+00:00,276.23,276.52,275.7,276.21,911
2026-08-05T14:20:00+00:00,276.21,276.38,275.44,276.07,726
2026-08-05T14:25:00+00:00,276.07,276.48,275.82,276.1,692
2026-08-05T14:30:00+00:00,276.1,277.23,276.04,277.07,825
2026-08-05T14:35:00+00:00,277.07,277.22,276.73,277.04,774
2026-08-05T14:40:00+00:00,277.04,277.07,276.55,276.9,935
2026-08-05T14:45:00+00:00,276.9,277.4,276.44,277.29,1138
2026-08-05T14:50:00+00:00,277.29,277.43,276.91,276.91,1379
2026-08-05T14:55:00+00:00,276.91,276.94,-2496.1005,-2495.8005,1336.8376257888453
2026-08-05T15:00:00+00:00,277.27,277.97,277.27,277.97,1321
2026-08-05T15:05:00+00:00,277.97,277.99,276.49,276.49,1168
2026-08-05T15:10:00+00:00,276.49,276.67,276.04,276.31,1132
2026-08-05T15:15:00+00:00,276.31,276.38,275.38,275.89,1506
2026-08-05T15:20:00+00:00,275.89,276,275.61,275.93,1067
2026-08-05T15:25:00+00:00,275.93,276.05,275.1,275.11,1165
2026-08-05T15:30:00+00:00,275.11,275.4,275.07,275.23,943
2026-08-05T15:35:00+00:00,275.23,275.29,274.41,274.49,1160
2026-08-05T15:40:00+00:00,274.49,274.54,274,274.01,1166
2026-08-05T15:45:00+00:00,274.01,274.05,273.44,273.48,1275
2026-08-05T15:50:00+00:00,273.48,273.55,272.94,273.04,1174
2026-08-05T15:55:00+00:00,273.04,273.19,272.73,272.73,1357
2026-08-05T16:00:00+00:00,272.73,272.89,272,272.48,2046
2026-08-05T16:05:00+00:00,272.48,272.63,272.08,272.55,1564
2026-08-05T16:10:00+00:00,272.55,272.64,272.03,272.18,1770
2026-08-05T16:15:00+00:00,272.18,272.36,271.89,272.21,1454
2026-08-05T16:20:00+00:00,272.21,273.1,272.14,272.51,1483
2026-08-05T16:25:00+00:00,272.51,273.11,272.49,272.97,1156
2026-08-05T16:30:00+00:00,272.97,273.01,272.04,272.36,1262
2026-08-05T16:35:00+00:00,272.36,272.7,272.28,272.42,986
2026-08-05T16:40:00+00:00,272.42,272.68,272.28,272.46,1125
2026-08-05T16:45:00+00:00,272.46,272.61,272.18,272.35,884
2026-08-05T16:50:00+00:00,272.35,272.58,272.32,272.58,829
2026-08-05T16:55:00+00:00,272.58,272.61,272.08,272.13,975
2026-08-05T17:00:00+00:00,272.13,272.33,271.8,272.05,1328
2026-08-05T17:05:00+00:00,272.05,272.56,271.89,272.01,1252
2026-08-05T17:10:00+00:00,272.01,272.08,271.59,271.69,968
2026-08-05T17:15:00+00:00,271.69,271.84,271.43,271.46,940
2026-08-05T17:20:00+00:00,271.46,271.55,271.03,271.17,863
2026-08-05T17:25:00+00:00,271.17,271.79,271.08,271.72,957
2026-08-05T17:30:00+00:00,271.72,271.82,271.49,271.55,935
2026-08-05T17:35:00+00:00,271.55,271.67,271.29,271.38,860
2026-08-05T17:40:00+00:00,271.38,271.6,271.28,271.45,904
2026-08-05T17:45:00+00:00,271.45,271.65,271.28,271.61,895
2026-08-05T17:50:00+00:00,271.61,271.89,271.48,271.71,993
2026-08-05T17:55:00+00:00,271.71,271.74,271.39,271.4,750
2026-08-05T18:00:00+00:00,271.4,271.58,271.11,271.52,986
2026-08-05T18:05:00+00:00,271.52,271.69,271.38,271.53,1077
2026-08-05T18:10:00+00:00,271.53,271.8,271.39,271.65,756
2026-08-05T18:15:00+00:00,271.65,271.87,271.59,271.76,564
2026-08-05T18:20:00+00:00,271.76,271.81,271.46,271.59,491
2026-08-05T18:25:00+00:00,271.59,271.67,271.18,271.2,678
2026-08-05T18:30:00+00:00,271.2,271.2,270.93,271.06,990
2026-08-05T18:35:00+00:00,271.06,271.3,270.98,271.29,802
2026-08-05T18:40:00+00:00,271.29,271.33,271.02,271.05,530
2026-08-05T18:45:00+00:00,271.05,271.59,270.58,271.32,1089
2026-08-05T18:50:00+00:00,271.32,271.5,270.88,271.17,799
2026-08-05T18:55:00+00:00,271.17,271.26,271.01,271.2,671
2026-08-05T19:00:00+00:00,271.2,271.49,270.97,271.44,759
2026-08-05T19:05:00+00:00,271.44,271.53,271.27,271.43,669
2026-08-05T19:10:00+00:00,271.43,271.58,271.23,271.26,660
2026-08-05T19:15:00+00:00,271.26,271.46,271.07,271.33,882
2026-08-05T19:20:00+00:00,271.33,271.6,271.2,271.29,825
2026-08-05T19:25:00+00:00,271.29,271.4,271.1,271.11,865
2026-08-05T19:30:00+00:00,271.11,271.53,270.97,271.42,1094
2026-08-05T19:35:00+00:00,271.42,271.49,271.2,271.22,954
2026-08-05T19:40:00+00:00,271.22,271.92,271.12,271.71,889
2026-08-05T19:45:00+00:00,271.71,271.88,271.42,271.77,1088
2026-08-05T19:50:00+00:00,271.77,272.19,271.48,272.09,1083
2026-08-05T19:55:00+00:00,272.09,273.05,272.07,272.45,2378
2026-08-06T13:30:00+00:00,272.45,274.27,272.39,273.53,772
2026-08-06T13:35:00+00:00,273.53,275.29,273.11,274.38,1070
2026-08-06T13:40:00+00:00,274.38,274.57,272.4,272.44,1246
2026-08-06T13:45:00+00:00,272.44,273.72,272.38,273.46,1208
2026-08-06T13:50:00+00:00,273.46,274.76,273.44,274.35,1119
2026-08-06T13:55:00+00:00,274.35,274.68,273.15,273.28,1087
2026-08-06T14:00:00+00:00,273.28,273.65,273.14,273.37,1132
2026-08-06T14:05:00+00:00,273.37,273.82,272.97,273.68,911
2026-08-06T14:10:00+00:00,273.68,274.5,273.61,274.17,1048
2026-08-06T14:15:00+00:00,274.17,274.39,273.73,273.89,965
2026-08-06T14:20:00+00:00,273.89,274.03,272.82,272.91,950
2026-08-06T14:25:00+00:00,272.91,272.98,272.13,272.38,950
2026-08-06T14:30:00+00:00,272.38,274.04,272.38,273.91,915
2026-08-06T14:35:00+00:00,273.91,273.96,273.29,273.35,799
2026-08-06T14:40:00+00:00,273.35,273.53,272.62,272.93,705
2026-08-06T14:45:00+00:00,272.93,273.07,272.38,272.73,700
2026-08-06T14:50:00+00:00,272.73,273.37,272.69,273.27,681
2026-08-06T14:55:00+00:00,273.27,274.09,273.27,274.06,684
2026-08-06T15:00:00+00:00,274.06,274.13,273.2,273.37,692
2026-08-06T15:05:00+00:00,273.37,273.55,273.03,273.31,575
2026-08-06T15:10:00+00:00,273.31,273.89,273.23,273.56,635
2026-08-06T15:15:00+00:00,273.56,274,273.43,273.44,703
2026-08-06T15:20:00+00:00,273.44,273.99,273.36,273.97,826
2026-08-06T15:25:00+00:00,273.97,274.3,273.75,274.08,760
2026-08-06T15:30:00+00:00,274.08,274.32,273.91,274.27,648
2026-08-06T15:35:00+00:00,274.27,274.27,273.66,273.66,565
2026-08-06T15:40:00+00:00,273.66,273.69,273.38,273.53,612
2026-08-06T15:45:00+00:00,273.53,273.55,273.09,273.13,627
2026-08-06T15:50:00+00:00,273.13,273.45,272.82,272.82,625
2026-08-06T15:55:00+00:00,272.82,273.26,272.77,273.06,655
2026-08-06T16:00:00+00:00,273.06,273.3,272.82,273.09,694
2026-08-06T16:05:00+00:00,273.09,273.28,272.88,273.23,500
2026-08-06T16:10:00+00:00,273.23,273.25,272.88,273.15,458
2026-08-06T16:15:00+00:00,273.15,273.36,272.93,273.06,593
2026-08-06T16:20:00+00:00,273.06,273.41,273.03,273.1,700
2026-08-06T16:25:00+00:00,273.1,273.18,272.92,273.09,545
2026-08-06T16:30:00+00:00,273.09,273.18,272.88,272.99,607
2026-08-06T16:35:00+00:00,272.99,273.09,272.85,272.88,562
2026-08-06T16:40:00+00:00,272.88,272.93,272.18,272.28,593
2026-08-06T16:45:00+00:00,272.28,272.39,271.79,272.02,541
2026-08-06T16:50:00+00:00,272.02,272.22,271.88,272.15,563
2026-08-06T16:55:00+00:00,272.15,272.28,271.96,272.08,383
2026-08-06T17:00:00+00:00,272.08,272.31,272.01,272.21,347
2026-08-06T17:05:00+00:00,272.21,272.46,271.96,272.18,316
2026-08-06T17:10:00+00:00,272.18,272.29,272.03,272.19,375
2026-08-06T17:15:00+00:00,272.19,272.38,272.14,272.14,351
2026-08-06T17:20:00+00:00,272.14,272.18,271.7,271.78,441
2026-08-06T17:25:00+00:00,271.78,271.96,271.58,271.76,477
2026-08-06T17:30:00+00:00,271.76,272.09,271.73,272.04,379
2026-08-06T17:35:00+00:00,272.04,272.14,271.64,271.64,421
2026-08-06T17:40:00+00:00,271.64,271.75,271.61,271.72,323
2026-08-06T17:45:00+00:00,271.72,271.76,271.58,271.6,235
2026-08-06T17:50:00+00:00,271.6,271.87,271.58,271.81,357
2026-08-06T17:55:00+00:00,271.81,271.86,271.65,271.68,261
2026-08-06T18:00:00+00:00,271.68,271.79,271.53,271.74,365
2026-08-06T18:05:00+00:00,271.74,271.85,271.64,271.76,332
2026-08-06T18:10:00+00:00,271.76,271.83,271.59,271.68,388
2026-08-06T18:15:00+00:00,271.68,271.85,271.45,271.5,487
2026-08-06T18:20:00+00:00,271.5,271.68,271.41,271.56,399
2026-08-06T18:25:00+00:00,271.56,271.78,271.47,271.47,382
2026-08-06T18:30:00+00:00,271.47,271.66,271.41,271.59,336
2026-08-06T18:35:00+00:00,271.59,271.6,271.04,271.09,338
2026-08-06T18:40:00+00:00,271.09,271.19,270.95,271.1,333
2026-08-06T18:45:00+00:00,271.1,271.43,271.04,271.36,340
2026-08-06T18:50:00+00:00,271.36,271.56,271.28,271.44,330
2026-08-06T18:55:00+00:00,271.44,271.69,271.4,271.63,308
2026-08-06T19:00:00+00:00,271.63,271.8,271.63,271.75,327
2026-08-06T19:05:00+00:00,271.75,271.92,271.58,271.76,354
2026-08-06T19:10:00+00:00,271.76,271.88,271.63,271.66,384
2026-08-06T19:15:00+00:00,271.66,271.68,271.12,271.13,483
2026-08-06T19:20:00+00:00,271.13,271.29,271.13,271.14,362
2026-08-06T19:25:00+00:00,271.14,271.37,271.04,271.04,445
2026-08-06T19:30:00+00:00,271.04,271.36,270.96,271.33,548
2026-08-06T19:35:00+00:00,271.33,271.41,271.04,271.06,450
2026-08-06T19:40:00+00:00,271.06,271.79,271,271.77,546
2026-08-06T19:45:00+00:00,271.77,271.8,271.36,271.74,633
2026-08-06T19:50:00+00:00,271.74,272.27,271.29,272.25,858
2026-08-06T19:55:00+00:00,272.25,272.31,271.61,272.16,1377
2026-08-07T13:30:00+00:00,272.16,276.47,272.16,276.39,1945
2026-08-07T13:35:00+00:00,276.39,277.23,275.86,276.47,1699
2026-08-07T13:40:00+00:00,276.47,276.59,275.49,276.43,1853
2026-08-07T13:45:00+00:00,276.43,277.26,275.43,277.12,1885
2026-08-07T13:50:00+00:00,277.12,277.59,276.51,276.9,1658
2026-08-07T13:55:00+00:00,276.9,277.28,276.28,276.63,1466
2026-08-07T14:00:00+00:00,276.63,277.02,276.28,276.3,1742
2026-08-07T14:05:00+00:00,276.3,276.3,274.73,274.9,1800
2026-08-07T14:10:00+00:00,274.9,275.33,274.74,275.05,1895
2026-08-07T14:15:00+00:00,275.05,275.43,274.91,275.36,1779
2026-08-07T14:20:00+00:00,275.36,276.01,275.31,275.95,1362
2026-08-07T14:25:00+00:00,275.95,276.24,275.38,275.92,690
2026-08-07T14:30:00+00:00,275.92,276.43,275.88,276.21,739
2026-08-07T14:35:00+00:00,276.21,276.27,275.75,275.94,646
2026-08-07T14:40:00+00:00,275.94,276.5,275.9,276.35,721
2026-08-07T14:45:00+00:00,276.35,276.78,276.17,276.3,631
2026-08-07T14:50:00+00:00,276.3,276.59,275.92,276.42,573
2026-08-07T14:55:00+00:00,276.42,276.84,276.29,276.83,432
2026-08-07T15:00:00+00:00,276.83,276.9,276.29,276.61,429
2026-08-07T15:05:00+00:00,276.61,276.74,276.29,276.39,429
2026-08-07T15:10:00+00:00,276.39,276.98,276.38,276.89,401
2026-08-07T15:15:00+00:00,276.89,277.38,276.82,277.01,432
2026-08-07T15:20:00+00:00,277.01,278.01,276.96,277.91,581
2026-08-07T15:25:00+00:00,277.91,278.15,277.64,278,625
2026-08-07T15:30:00+00:00,278,278.13,277.91,277.98,648
2026-08-07T15:35:00+00:00,277.98,278.11,277.88,277.92,426
2026-08-07T15:40:00+00:00,277.92,278.04,277.32,277.48,446
2026-08-07T15:45:00+00:00,277.48,277.48,277.08,277.38,523
2026-08-07T15:50:00+00:00,277.38,277.47,277.22,277.47,393
2026-08-07T15:55:00+00:00,277.47,277.49,277.17,277.23,402
2026-08-07T16:00:00+00:00,277.23,277.23,276.95,277.09,398
2026-08-07T16:05:00+00:00,277.09,277.1,276.95,277.07,437
2026-08-07T16:10:00+00:00,277.07,277.3,276.71,276.72,461
2026-08-07T16:15:00+00:00,276.72,276.75,276.45,276.57,446
2026-08-07T16:20:00+00:00,276.57,276.71,276.3,276.41,476
2026-08-07T16:25:00+00:00,276.41,276.42,275.71,275.92,625
2026-08-07T16:30:00+00:00,275.92,276.03,275.76,275.98,523
2026-08-07T16:35:00+00:00,275.98,276.04,275.72,275.88,470
2026-08-07T16:40:00+00:00,275.88,275.88,275.5,275.72,386
2026-08-07T16:45:00+00:00,275.72,276.02,275.39,275.42,538
2026-08-07T16:50:00+00:00,275.42,275.56,275.01,275.1,538
2026-08-07T16:55:00+00:00,275.1,275.27,274.91,275.02,466
2026-08-07T17:00:00+00:00,275.02,275.03,274.58,274.87,463
2026-08-07T17:05:00+00:00,274.87,274.94,274.7,274.81,454
2026-08-07T17:10:00+00:00,274.81,275.01,274.76,274.88,332
2026-08-07T17:15:00+00:00,274.88,274.96,274.48,274.62,405
2026-08-07T17:20:00+00:00,274.62,274.69,273.88,273.89,519
2026-08-07T17:25:00+00:00,273.89,274.24,273.89,274.2,402
2026-08-07T17:30:00+00:00,274.2,274.37,273.78,273.93,516
2026-08-07T17:35:00+00:00,273.93,274.25,273.92,274.21,311
2026-08-07T17:40:00+00:00,274.21,274.24,274.02,274.22,310
2026-08-07T17:45:00+00:00,274.22,274.26,273.99,273.99,309
2026-08-07T17:50:00+00:00,273.99,274.5,273.99,274.48,413
2026-08-07T17:55:00+00:00,274.48,274.8,273.88,274.1,515
2026-08-07T18:00:00+00:00,274.1,274.67,273.9,274.62,513
2026-08-07T18:05:00+00:00,274.62,275.05,274.62,274.74,410
2026-08-07T18:10:00+00:00,274.74,275,274.7,274.91,333
2026-08-07T18:15:00+00:00,274.91,275.05,274.78,274.88,313
2026-08-07T18:20:00+00:00,274.88,275.04,274.87,274.95,293
2026-08-07T18:25:00+00:00,274.95,275.04,274.82,274.97,324
2026-08-07T18:30:00+00:00,274.97,275.05,274.36,274.39,521
2026-08-07T18:35:00+00:00,274.39,274.39,274.03,274.04,472
2026-08-07T18:40:00+00:00,274.04,274.19,273.91,273.96000000000004,421
2026-08-07T18:45:00+00:00,273.96000000000004,274.14000000000004,273.90000000000003,274,365
2026-08-07T18:50:00+00:00,274,274.24,273.86,273.86,333
2026-08-07T18:55:00+00:00,273.86,274.29,273.86,274.21000000000004,275
2026-08-07T19:00:00+00:00,274.21000000000004,274.61,274.16,274.6,402
2026-08-07T19:05:00+00:00,274.6,274.75,274.48,274.69,407
2026-08-07T19:10:00+00:00,274.69,274.83000000000004,274.54,274.77000000000004,376
2026-08-07T19:15:00+00:00,274.77000000000004,274.88,274.39000000000004,274.41,376
2026-08-07T19:20:00+00:00,274.41,274.57,274.36,274.47,368
2026-08-07T19:25:00+00:00,274.47,274.68,274.37,274.67,451
2026-08-07T19:30:00+00:00,274.67,274.77000000000004,274.39000000000004,274.41,506
2026-08-07T19:35:00+00:00,274.41,274.5,274.18,274.22,480
2026-08-07T19:40:00+00:00,274.22,274.27000000000004,273.78000000000003,273.8,829
2026-08-07T19:45:00+00:00,273.8,274.72,273.78000000000003,274.6,694
2026-08-07T19:50:00+00:00,274.6,275.08000000000004,274.39000000000004,274.77000000000004,935
2026-08-07T19:55:00+00:00,274.77000000000004,275.41,274.18,274.48,1214
2026-08-10T13:30:00+00:00,274.48,276.52000000000004,273.84000000000003,274.08000000000004,819
2026-08-10T13:35:00+00:00,274.08000000000004,275.25,273.45000000000005,274.84000000000003,1300
2026-08-10T13:40:00+00:00,274.84000000000003,275.94,274.70000000000005,275.74,2089
2026-08-10T13:45:00+00:00,275.74,276.07,274.97,275.21000000000004,2013
2026-08-10T13:50:00+00:00,275.21000000000004,275.44,274.68,275.1,1882
2026-08-10T13:55:00+00:00,275.1,275.64000000000004,274.83000000000004,275.63,1975
2026-08-10T14:00:00+00:00,275.63,275.81,274.76,274.98,1878
2026-08-10T14:05:00+00:00,274.98,275.88,274.91,275.88,1580
2026-08-10T14:10:00+00:00,275.88,276.83000000000004,275.36,276.81,1365
2026-08-10T14:15:00+00:00,276.81,277.45000000000005,276.29,277.27000000000004,1494
2026-08-10T14:20:00+00:00,277.27000000000004,277.61,276.37,276.72,1641
2026-08-10T14:25:00+00:00,276.72,277.53000000000003,276.71000000000004,277.41,1471
2026-08-10T14:30:00+00:00,277.41,278.23,277.41,277.67,1566
2026-08-10T14:35:00+00:00,277.67,278.08000000000004,277.46000000000004,278.05,1313
2026-08-10T14:40:00+00:00,278.05,278.12,277.69,277.85,850
2026-08-10T14:45:00+00:00,277.85,278.03000000000003,277.18,277.57,1024
2026-08-10T14:50:00+00:00,277.57,277.59000000000003,276.94,276.98,1283
2026-08-10T14:55:00+00:00,276.98,277.67,276.97,277.47,1234
2026-08-10T15:00:00+00:00,277.47,278.77000000000004,277.40000000000003,278.49,1475
2026-08-10T15:05:00+00:00,278.49,279.13,278.36,278.6,1311
2026-08-10T15:10:00+00:00,278.6,279.02000000000004,278.56,278.89000000000004,1030
2026-08-10T15:15:00+00:00,278.89000000000004,279.24,278.61,279.02000000000004,930
2026-08-10T15:20:00+00:00,279.02000000000004,279.54,278.97,279.24,976
2026-08-10T15:25:00+00:00,279.24,279.71000000000004,279.03000000000003,279.69,1136
2026-08-10T15:30:00+00:00,279.69,279.74,278.42,278.59000000000003,1330
2026-08-10T15:35:00+00:00,278.59000000000003,279.56,278.59000000000003,279,1370
2026-08-10T15:40:00+00:00,279,279.3,278.90000000000003,279.18,920
2026-08-10T15:45:00+00:00,279.18,279.46000000000004,278.92,279.31,808
2026-08-10T15:50:00+00:00,279.31,279.81,279.08000000000004,279.63,995
2026-08-10T15:55:00+00:00,279.63,280,279.38,279.59000000000003,989
2026-08-10T16:00:00+00:00,279.59000000000003,279.76,279.15000000000003,279.66,1042
2026-08-10T16:05:00+00:00,279.66,279.76,279.05,279.15000000000003,894
2026-08-10T16:10:00+00:00,279.15000000000003,279.39000000000004,278.88,278.90000000000003,794
2026-08-10T16:15:00+00:00,278.90000000000003,278.92,278.22,278.25,804
2026-08-10T16:20:00+00:00,278.25,278.33000000000004,277.79,277.97,863
2026-08-10T16:25:00+00:00,277.97,278.35,277.93,278.11,950
2026-08-10T16:30:00+00:00,278.11,278.29,277.66,277.82,1171
2026-08-10T16:35:00+00:00,277.82,277.95000000000005,277.49,277.52000000000004,1041
2026-08-10T16:40:00+00:00,277.52000000000004,277.65000000000003,277.11,277.12,1078
2026-08-10T16:45:00+00:00,277.12,277.25,276.95000000000005,277.16,1031
2026-08-10T16:50:00+00:00,277.16,277.22,276.94,277.11,717
2026-08-10T16:55:00+00:00,277.11,277.36,277.04,277.18,821
2026-08-10T17:00:00+00:00,277.18,277.35,276.94,277.05,739
2026-08-10T17:05:00+00:00,277.05,277.65000000000003,276.97,277.47,874
2026-08-10T17:10:00+00:00,277.47,277.59000000000003,277.33000000000004,277.41,575
2026-08-10T17:15:00+00:00,277.41,277.5,277.21000000000004,277.31,561
2026-08-10T17:20:00+00:00,277.31,277.90000000000003,277.29,277.64000000000004,754
2026-08-10T17:25:00+00:00,277.64000000000004,277.69,277.34000000000003,277.49,614
2026-08-10T17:30:00+00:00,277.49,277.53000000000003,277.07,277.09000000000003,865
2026-08-10T17:35:00+00:00,277.09000000000003,277.20000000000005,276.96000000000004,276.99,520
2026-08-10T17:40:00+00:00,276.99,277.19,276.76,276.76,445
2026-08-10T17:45:00+00:00,276.76,276.85,276.58000000000004,276.82,553
2026-08-10T17:50:00+00:00,276.82,276.90000000000003,276.67,276.82,664
2026-08-10T17:55:00+00:00,276.82,276.85,276.64000000000004,276.74,545
2026-08-10T18:00:00+00:00,276.74,276.78000000000003,276.43,276.47,648
2026-08-10T18:05:00+00:00,276.47,276.69,276.20000000000005,276.49,635
2026-08-10T18:10:00+00:00,276.49,276.62,276.46000000000004,276.46000000000004,424
2026-08-10T18:15:00+00:00,276.46000000000004,276.52000000000004,276.38,276.44,340
2026-08-10T18:20:00+00:00,276.44,276.63,276.37,276.5,481
2026-08-10T18:25:00+00:00,276.5,276.69,276.3,276.38,406
2026-08-10T18:30:00+00:00,276.38,276.56,276.09000000000003,276.3,679
2026-08-10T18:35:00+00:00,276.3,276.47,276.14000000000004,276.26,638
2026-08-10T18:40:00+00:00,276.26,276.65000000000003,276.19,276.65000000000003,479
2026-08-10T18:45:00+00:00,276.65000000000003,276.72,276.5,276.62,461
2026-08-10T18:50:00+00:00,276.62,276.91,276.59000000000003,276.86,424
2026-08-10T18:55:00+00:00,276.86,277.12,276.82,276.88,403
2026-08-10T19:00:00+00:00,276.88,277.21000000000004,276.81,277.05,383
2026-08-10T19:05:00+00:00,277.05,277.08000000000004,276.81,276.90000000000003,384
2026-08-10T19:10:00+00:00,276.90000000000003,276.92,276.70000000000005,276.79,331
2026-08-10T19:15:00+00:00,276.79,276.99,276.70000000000005,276.95000000000005,363
2026-08-10T19:20:00+00:00,276.95000000000005,277.19,276.29,276.91,655
2026-08-10T19:25:00+00:00,276.91,276.98,276.55,276.59000000000003,739
2026-08-10T19:30:00+00:00,276.59000000000003,277.11,276.52000000000004,277.06,755
2026-08-10T19:35:00+00:00,277.06,277.58000000000004,276.93,277.43,714
2026-08-10T19:40:00+00:00,277.43,277.54,277.21000000000004,277.38,632
2026-08-10T19:45:00+00:00,277.38,277.48,277.12,277.40000000000003,720
2026-08-10T19:50:00+00:00,277.40000000000003,277.56,276.86,277.48,822
2026-08-10T19:55:00+00:00,277.48,278.23,277.46000000000004,278.06,2061
2026-08-11T13:30:00+00:00,278.06,278.42,274.37,274.46000000000004,814
2026-08-11T13:35:00+00:00,274.46000000000004,274.88,273.74,274.87,1036
2026-08-11T13:40:00+00:00,274.87,275.04,273.92,273.98,721
2026-08-11T13:45:00+00:00,273.98,274.12,273.07,273.65000000000003,901
2026-08-11T13:50:00+00:00,273.65000000000003,274.06,273.48,273.73,608
2026-08-11T13:55:00+00:00,273.73,274.43,273.38,274.34000000000003,827
2026-08-11T14:00:00+00:00,274.34000000000003,275.17,274.23,275.09000000000003,694
2026-08-11T14:05:00+00:00,275.09000000000003,275.31,274.71000000000004,275.16,638
2026-08-11T14:10:00+00:00,275.16,275.45000000000005,274.99,275.27000000000004,542
2026-08-11T14:15:00+00:00,275.27000000000004,275.42,274.48,274.58000000000004,688
2026-08-11T14:20:00+00:00,274.58000000000004,274.68,274.1,274.17,677
2026-08-11T14:25:00+00:00,274.17,274.67,273.76,274.53000000000003,720
2026-08-11T14:30:00+00:00,274.53000000000003,274.68,274.05,274.15000000000003,621
2026-08-11T14:35:00+00:00,274.15000000000003,274.3,273.82,274.07,499
2026-08-11T14:40:00+00:00,274.07,274.47,273.87,274.33000000000004,534
2026-08-11T14:45:00+00:00,274.33000000000004,274.81,274.28000000000003,274.48,567
2026-08-11T14:50:00+00:00,274.48,274.53000000000003,274.16,274.29,514
2026-08-11T14:55:00+00:00,274.29,274.48,274.06,274.39000000000004,524
2026-08-11T15:00:00+00:00,274.39000000000004,274.68,274.06,274.1,582
2026-08-11T15:05:00+00:00,274.1,274.13,272.98,272.99,632
2026-08-11T15:10:00+00:00,272.99,273.01,272.14000000000004,272.81,754
2026-08-11T15:15:00+00:00,272.81,272.98,272.66,272.94,525
2026-08-11T15:20:00+00:00,272.94,273.19,272.92,273.1,423
2026-08-11T15:25:00+00:00,273.1,273.20000000000005,272.99,273.11,389
2026-08-11T15:30:00+00:00,273.11,273.27000000000004,272.45000000000005,272.46000000000004,578
2026-08-11T15:35:00+00:00,272.46000000000004,272.65000000000003,272.42,272.44,483
2026-08-11T15:40:00+00:00,272.44,272.65000000000003,272.28000000000003,272.38,484
2026-08-11T15:45:00+00:00,272.38,272.43,271.93,272.03000000000003,557
2026-08-11T15:50:00+00:00,272.03000000000003,272.14000000000004,271.89000000000004,271.93,407
2026-08-11T15:55:00+00:00,271.93,272.12,271.81,272.1,452
2026-08-11T16:00:00+00:00,272.1,272.38,271.92,271.99,419
2026-08-11T16:05:00+00:00,271.99,272.32,271.92,272.24,303
2026-08-11T16:10:00+00:00,272.24,272.35,272.04,272.19,317
2026-08-11T16:15:00+00:00,272.19,272.39000000000004,271.58000000000004,271.6,433
2026-08-11T16:20:00+00:00,271.6,271.67,271.28000000000003,271.36,404
2026-08-11T16:25:00+00:00,271.36,271.71000000000004,271.28000000000003,271.67,420
2026-08-11T16:30:00+00:00,271.67,271.69,271.39000000000004,271.53000000000003,403
2026-08-11T16:35:00+00:00,271.53000000000003,271.71000000000004,271.36,271.64000000000004,386
2026-08-11T16:40:00+00:00,271.64000000000004,271.69,271.37,271.52000000000004,393
2026-08-11T16:45:00+00:00,271.52000000000004,271.85,271.52000000000004,271.74,393
2026-08-11T16:50:00+00:00,271.74,272.04,271.67,271.77000000000004,371
2026-08-11T16:55:00+00:00,271.77000000000004,271.99,271.74,271.88,467
2026-08-11T17:00:00+00:00,271.88,271.97,271.5,271.52000000000004,347
2026-08-11T17:05:00+00:00,271.52000000000004,271.81,271.48,271.79,354
2026-08-11T17:10:00+00:00,271.79,271.83000000000004,271.39000000000004,271.41,286
2026-08-11T17:15:00+00:00,271.41,271.56,271.34000000000003,271.45000000000005,420
2026-08-11T17:20:00+00:00,271.45000000000005,271.66,271.38,271.44,332
2026-08-11T17:25:00+00:00,271.44,271.92,271.39000000000004,271.82,402
2026-08-11T17:30:00+00:00,271.82,272.01,271.78000000000003,272,357
2026-08-11T17:35:00+00:00,272,272.23,271.96000000000004,272.06,307
2026-08-11T17:40:00+00:00,272.06,272.39000000000004,272.02000000000004,272.39000000000004,291
2026-08-11T17:45:00+00:00,272.39000000000004,272.66,272.20000000000005,272.53000000000003,312
2026-08-11T17:50:00+00:00,272.53000000000003,272.66,272.39000000000004,272.56,240
2026-08-11T17:55:00+00:00,272.56,272.6,272.36,272.42,223
2026-08-11T18:00:00+00:00,272.42,272.45000000000005,272.19,272.20000000000005,294
2026-08-11T18:05:00+00:00,272.20000000000005,272.22,271.81,272.20000000000005,275
2026-08-11T18:10:00+00:00,272.20000000000005,272.34000000000003,272.16,272.25,238
2026-08-11T18:15:00+00:00,272.25,272.31,272.07,272.18,255
2026-08-11T18:20:00+00:00,272.18,272.42,272.08000000000004,272.39000000000004,320
2026-08-11T18:25:00+00:00,272.39000000000004,272.40000000000003,271.76,271.86,313
2026-08-11T18:30:00+00:00,271.86,271.96000000000004,271.64000000000004,271.65000000000003,365
2026-08-11T18:35:00+00:00,271.65000000000003,271.76,271.22,271.24,437
2026-08-11T18:40:00+00:00,271.24,272.14000000000004,271.22,272.14000000000004,483
2026-08-11T18:45:00+00:00,272.14000000000004,272.48,272.12,272.43,436
2026-08-11T18:50:00+00:00,272.43,272.65000000000003,272.41,272.61,394
2026-08-11T18:55:00+00:00,272.61,272.75,272.36,272.42,305
2026-08-11T19:00:00+00:00,272.42,272.56,272.13,272.49,397
2026-08-11T19:05:00+00:00,272.49,272.78000000000003,272.3,272.71000000000004,406
2026-08-11T19:10:00+00:00,272.71000000000004,272.84000000000003,272.56,272.63,346
2026-08-11T19:15:00+00:00,272.63,272.69,272.07,272.09000000000003,319
2026-08-11T19:20:00+00:00,272.09000000000003,272.40000000000003,271.99,272.40000000000003,362
2026-08-11T19:25:00+00:00,272.40000000000003,272.69,272.29,272.5,517
2026-08-11T19:30:00+00:00,272.5,272.93,272.37,272.90000000000003,467
2026-08-11T19:35:00+00:00,272.90000000000003,273.17,272.8,273.11,431
2026-08-11T19:40:00+00:00,273.11,273.29,272.95000000000005,273.26,346
2026-08-11T19:45:00+00:00,273.26,273.27000000000004,272.92,273.15000000000003,476
2026-08-11T19:50:00+00:00,273.15000000000003,273.19,271.79,272.43,974
2026-08-11T19:55:00+00:00,272.43,272.56,271.72,272,1213
2026-08-12T13:30:00+00:00,272,273.09000000000003,269.97,271.56,1488
2026-08-12T13:35:00+00:00,271.56,272.94,270.88,271.78000000000003,1958
2026-08-12T13:40:00+00:00,271.78000000000003,272.39000000000004,271.38,271.64000000000004,1835
2026-08-12T13:45:00+00:00,271.64000000000004,271.82,271.06,271.3,1762
2026-08-12T13:50:00+00:00,271.3,271.32,270.41,270.72,1758
2026-08-12T13:55:00+00:00,270.72,270.76,270.12,270.63,1637
2026-08-12T14:00:00+00:00,270.63,270.68,268.81,268.83000000000004,1614
2026-08-12T14:05:00+00:00,268.83000000000004,270.28000000000003,268.76,270.09000000000003,1649
2026-08-12T14:10:00+00:00,270.09000000000003,270.75,269.89000000000004,270.46000000000004,1252
2026-08-12T14:15:00+00:00,270.46000000000004,270.68,269.86,269.86,1207
2026-08-12T14:20:00+00:00,269.86,269.95000000000005,269.61,269.72,1244
2026-08-12T14:25:00+00:00,269.72,269.97,269.48,269.61,1282
2026-08-12T14:30:00+00:00,269.61,269.88,268.87,268.99,1292
2026-08-12T14:35:00+00:00,268.99,269.56,268.86,269.27000000000004,1186
2026-08-12T14:40:00+00:00,269.27000000000004,269.44,268.96000000000004,269.42,1081
2026-08-12T14:45:00+00:00,269.42,269.68,268.93,268.94,1053
2026-08-12T14:50:00+00:00,268.94,269.43,268.84000000000003,269.25,1369
2026-08-12T14:55:00+00:00,269.25,269.27000000000004,-2504.1405,-2504.0005,1218.7502401536983
2026-08-12T15:00:00+00:00,269.05,269.17,268.9,269.03,933
2026-08-12T15:05:00+00:00,269.03,269.24,268.59,269.05,1237
2026-08-12T15:10:00+00:00,269.05,269.25,268.9,269.02,762
2026-08-12T15:15:00+00:00,269.02,269.12,268.75,268.86,707
2026-08-12T15:20:00+00:00,268.86,268.92,268.62,268.64,1028
2026-08-12T15:25:00+00:00,268.64,268.79,268.5,268.75,903
2026-08-12T15:30:00+00:00,268.75,268.82,268.15,268.43,976
2026-08-12T15:35:00+00:00,268.43,269.05,268.36,268.57,880
2026-08-12T15:40:00+00:00,268.57,268.79,268.48,268.51,701
2026-08-12T15:45:00+00:00,268.51,268.6,268.3,268.39,747
2026-08-12T15:50:00+00:00,268.39,268.39,267.89,267.94,838
2026-08-12T15:55:00+00:00,267.94,268.09,267.76,267.78,776
2026-08-12T16:00:00+00:00,267.78,267.88,267.67,267.8,734
2026-08-12T16:05:00+00:00,267.8,267.98,267.43,267.53,1039
2026-08-12T16:10:00+00:00,267.53,267.87,267.49,267.83,740
2026-08-12T16:15:00+00:00,267.83,267.91,267.68,267.77,639
2026-08-12T16:20:00+00:00,267.77,267.81,267.53,267.81,586
2026-08-12T16:25:00+00:00,267.81,268.59,267.71,268.58,685
2026-08-12T16:30:00+00:00,268.58,268.82,268.47,268.49,652
2026-08-12T16:35:00+00:00,268.49,268.89,268.46,268.81,586
2026-08-12T16:40:00+00:00,268.81,269.08,268.79,268.88,703
2026-08-12T16:45:00+00:00,268.88,269.07,268.6,268.96,722
2026-08-12T16:50:00+00:00,268.96,269.28,268.91,269.07,497
2026-08-12T16:55:00+00:00,269.07,269.29,269.01,269.13,487
2026-08-12T17:00:00+00:00,269.13,269.21,269,269.09,591
2026-08-12T17:05:00+00:00,269.09,269.33,269.03,269.1,428
2026-08-12T17:10:00+00:00,269.1,269.21,268.89,269.1,648
2026-08-12T17:15:00+00:00,269.1,269.16,268.8,268.83,511
2026-08-12T17:20:00+00:00,268.83,269.01,268.8,268.93,464
2026-08-12T17:25:00+00:00,268.93,268.93,268.57,268.59,381
2026-08-12T17:30:00+00:00,268.59,268.79,268.45,268.73,578
2026-08-12T17:35:00+00:00,268.73,268.79,268.38,268.43,407
2026-08-12T17:40:00+00:00,268.43,268.58,268.23,268.4,474
2026-08-12T17:45:00+00:00,268.4,268.47,268.14,268.23,517
2026-08-12T17:50:00+00:00,268.23,268.27,267.98,268.01,387
2026-08-12T17:55:00+00:00,268.01,268.01,267.79,267.84,334
2026-08-12T18:00:00+00:00,267.84,268.15,267.73,268.12,470
2026-08-12T18:05:00+00:00,268.12,268.2,268,268.16,348
2026-08-12T18:10:00+00:00,268.16,268.35,268.16,268.33,361
2026-08-12T18:15:00+00:00,268.33,268.39,268.13,268.22,355
2026-08-12T18:20:00+00:00,268.22,268.24,268.01,268.19,296
2026-08-12T18:25:00+00:00,268.19,268.29,268.09,268.16,382
2026-08-12T18:30:00+00:00,268.16,268.46,268.03,268.21,535
2026-08-12T18:35:00+00:00,268.21,268.53,268.16,268.5,393
2026-08-12T18:40:00+00:00,268.5,268.94,268.44,268.82,448
2026-08-12T18:45:00+00:00,268.82,269.07,268.73,269.01,434
2026-08-12T18:50:00+00:00,269.01,269.12,268.71,268.8,524
2026-08-12T18:55:00+00:00,268.8,268.99,268.71,268.81,562
2026-08-12T19:00:00+00:00,268.81,269.04,268.74,268.93,354
2026-08-12T19:05:00+00:00,268.93,269.08,268.78,268.82,457
2026-08-12T19:10:00+00:00,268.82,268.97,268.63,268.93,469
2026-08-12T19:15:00+00:00,268.93,268.94,268.55,268.78,402
2026-08-12T19:20:00+00:00,268.78,268.81,268.49,268.56,484
2026-08-12T19:25:00+00:00,268.56,268.81,268.55,268.69,424
2026-08-12T19:30:00+00:00,268.69,268.91,268.6,268.7,575
2026-08-12T19:35:00+00:00,268.7,268.74,268.33,268.48,715
2026-08-12T19:40:00+00:00,268.48,268.75,268.38,268.75,532
2026-08-12T19:45:00+00:00,268.75,268.76,268.39,268.41,676
2026-08-12T19:50:00+00:00,268.41,268.45,267.53,267.66,821
2026-08-12T19:55:00+00:00,267.66,267.71,266.95,267.29,1620
2026-08-13T13:30:00+00:00,267.29,268.06,265.4,267.69,1960
2026-08-13T13:35:00+00:00,267.69,268.02,266.93,267.8,2234
2026-08-13T13:40:00+00:00,267.8,268.58,267.49,267.99,2036
2026-08-13T13:45:00+00:00,267.99,268.8,267.97,268.52,2061
2026-08-13T13:50:00+00:00,268.52,268.82,268.33,268.58,1501
2026-08-13T13:55:00+00:00,268.58,269.23,268.46,269.04,1532
2026-08-13T14:00:00+00:00,269.04,269.4,268.65,268.7,1576
2026-08-13T14:05:00+00:00,268.7,268.72,268.06,268.62,1247
2026-08-13T14:10:00+00:00,268.62,269.23,268.55,268.98,1137
2026-08-13T14:15:00+00:00,268.98,269.02,268.21,268.63,912
2026-08-13T14:20:00+00:00,268.63,268.85,268.23,268.25,1020
2026-08-13T14:25:00+00:00,268.25,268.26,267.67,267.78,758
2026-08-13T14:30:00+00:00,267.78,268.69,267.59,268.35,1058
2026-08-13T14:35:00+00:00,268.35,268.5,268.08,268.21,1071
2026-08-13T14:40:00+00:00,268.21,268.49,268.13,268.37,1070
2026-08-13T14:45:00+00:00,268.37,268.4,267.88,267.99,1317
2026-08-13T14:50:00+00:00,267.99,268.13,267.72,268.04,946
2026-08-13T14:55:00+00:00,268.04,268.09,267.51,267.93,1152
2026-08-13T15:00:00+00:00,267.93,268.13,267.2,267.34,1117
2026-08-13T15:05:00+00:00,267.34,267.59,267.03,267.22,1291
2026-08-13T15:10:00+00:00,267.22,267.44,266.61,266.74,1149
2026-08-13T15:15:00+00:00,266.74,266.79,266.28,266.65,928
2026-08-13T15:20:00+00:00,266.65,266.66,266.14,266.47,1139
2026-08-13T15:25:00+00:00,266.47,266.65,266.11,266.35,1361
2026-08-13T15:30:00+00:00,266.35,266.71,266.23,266.49,1106
2026-08-13T15:35:00+00:00,266.49,266.69,266.34,266.58,1083
2026-08-13T15:40:00+00:00,266.58,266.84,266.46,266.66,819
2026-08-13T15:45:00+00:00,266.66,266.85,266.23,266.46,856
2026-08-13T15:50:00+00:00,266.46,266.47,265.89,266.05,999
2026-08-13T15:55:00+00:00,266.05,266.14,265.9,265.97,731
2026-08-13T16:00:00+00:00,265.97,266,265.6,265.66,879
2026-08-13T16:05:00+00:00,265.66,265.9,265.56,265.66,722
2026-08-13T16:10:00+00:00,265.66,265.73,264.94,265.04,839
2026-08-13T16:15:00+00:00,265.04,265.04,264.69,264.99,709
2026-08-13T16:20:00+00:00,264.99,265.15,264.88,264.96,606
2026-08-13T16:25:00+00:00,264.96,265.21,264.89,265.13,662
2026-08-13T16:30:00+00:00,265.13,265.25,264.78,264.98,596
2026-08-13T16:35:00+00:00,264.98,265.12,264.78,265.09,564
2026-08-13T16:40:00+00:00,265.09,265.48,265.05,265.41,490
2026-08-13T16:45:00+00:00,265.41,265.66,265.25,265.58,668
2026-08-13T16:50:00+00:00,265.58,265.89,265.57,265.73,606
2026-08-13T16:55:00+00:00,265.73,265.79,265.29,265.3,494
2026-08-13T17:00:00+00:00,265.3,265.42,265.08,265.34,646
2026-08-13T17:05:00+00:00,265.34,265.37,265.18,265.26,522
2026-08-13T17:10:00+00:00,265.26,265.44,265.08,265.16,461
2026-08-13T17:15:00+00:00,265.16,265.37,265.11,265.37,583
2026-08-13T17:20:00+00:00,265.37,265.47,265.2,265.32,504
2026-08-13T17:25:00+00:00,265.32,265.52,265.28,265.44,350
2026-08-13T17:30:00+00:00,265.44,265.6,265.17,265.17,412
2026-08-13T17:35:00+00:00,265.17,265.31,265.13,265.2,430
2026-08-13T17:40:00+00:00,265.2,265.22,264.98,265.03,431
2026-08-13T17:45:00+00:00,265.03,265.2,265.02,265.1,283
2026-08-13T17:50:00+00:00,265.1,265.22,264.97,265.17,353
2026-08-13T17:55:00+00:00,265.17,265.34,265.15,265.23,321
2026-08-13T18:00:00+00:00,265.23,265.43,265.18,265.34,395
2026-08-13T18:05:00+00:00,265.34,265.42,265.25,265.4,243
2026-08-13T18:10:00+00:00,265.4,265.75,265.33,265.63,321
2026-08-13T18:15:00+00:00,265.63,265.71,265.49,265.62,324
2026-08-13T18:20:00+00:00,265.62,265.67,265.52,265.55,305
2026-08-13T18:25:00+00:00,265.55,265.7,265.45,265.55,376
2026-08-13T18:30:00+00:00,265.55,265.91,265.48,265.87,645
2026-08-13T18:35:00+00:00,265.87,266.08,265.81,265.92,529
2026-08-13T18:40:00+00:00,265.92,266.31,265.88,266.1,494
2026-08-13T18:45:00+00:00,266.1,266.26,265.99,266.15,478
2026-08-13T18:50:00+00:00,266.15,266.39,265.95,266.3,523
2026-08-13T18:55:00+00:00,266.3,266.38,265.97,266.05,466
2026-08-13T19:00:00+00:00,266.05,266.05,265.67,265.81,544
2026-08-13T19:05:00+00:00,265.81,265.97,265.64,265.94,543
2026-08-13T19:10:00+00:00,265.94,266.1,265.6,265.73,568
2026-08-13T19:15:00+00:00,265.73,265.88,265.58,265.64,476
2026-08-13T19:20:00+00:00,265.64,265.95,265.58,265.8,519
2026-08-13T19:25:00+00:00,265.8,265.96,265.38,265.38,611
2026-08-13T19:30:00+00:00,265.38,265.6,265.18,265.19,837
2026-08-13T19:35:00+00:00,265.19,265.25,265.01,265.17,690
2026-08-13T19:40:00+00:00,265.17,265.29,265.1,265.18,605
2026-08-13T19:45:00+00:00,265.18,265.34,265.12,265.33,582
2026-08-13T19:50:00+00:00,265.33,265.33,264.6,265.03,726
2026-08-13T19:55:00+00:00,265.03,265.14,264.56,264.96,1256
2026-08-14T13:30:00+00:00,264.96,264.96,263.89,264.25,1424
2026-08-14T13:35:00+00:00,264.25,265.48,263.99,264.99,1234
2026-08-14T13:40:00+00:00,264.99,265.02,264.24,264.55,1055
2026-08-14T13:45:00+00:00,264.55,264.83,264.38,264.7,1036
2026-08-14T13:50:00+00:00,264.7,265.04,264.24,264.54,1089
2026-08-14T13:55:00+00:00,264.54,264.94,264.41,264.64,893
2026-08-14T14:00:00+00:00,264.64,264.79,264.24,264.68,792
2026-08-14T14:05:00+00:00,264.68,264.84,264.13,264.36,732
2026-08-14T14:10:00+00:00,264.36,264.72,264.23,264.3,698
2026-08-14T14:15:00+00:00,264.3,265.66,264.23,265.4,1115
2026-08-14T14:20:00+00:00,265.4,265.55,264.39,264.57,831
2026-08-14T14:25:00+00:00,264.57,264.68,264.2,264.2,678
2026-08-14T14:30:00+00:00,264.2,264.78,263.58,263.74,983
2026-08-14T14:35:00+00:00,263.74,264.28,263.49,264.24,863
2026-08-14T14:40:00+00:00,264.24,264.33,263.89,263.9,690
2026-08-14T14:45:00+00:00,263.9,264.16,263.68,263.75,605
2026-08-14T14:50:00+00:00,263.75,263.91,263.6,263.63,623
2026-08-14T14:55:00+00:00,263.63,263.81,-2509.5105,-2509.4905,539.2967088607595
2026-08-14T15:00:00+00:00,263.61,263.65,263.28,263.5,578
2026-08-14T15:05:00+00:00,263.5,263.79,263.44,263.54,660
2026-08-14T15:10:00+00:00,263.54,263.7,263.5,263.58,541
2026-08-14T15:15:00+00:00,263.58,263.72,263.53,263.72,496
2026-08-14T15:20:00+00:00,263.72,263.92,263.58,263.78,715
2026-08-14T15:25:00+00:00,263.78,264.12,263.5,263.52,819
2026-08-14T15:30:00+00:00,263.52,263.69,263.23,263.51,739
2026-08-14T15:35:00+00:00,263.51,263.82,263.48,263.64,717
2026-08-14T15:40:00+00:00,263.64,263.96,263.55,263.78,645
2026-08-14T15:45:00+00:00,263.78,263.92,263.52,263.58,514
2026-08-14T15:50:00+00:00,263.58,263.7,263.39,263.57,468
2026-08-14T15:55:00+00:00,263.57,264,263.51,263.85,557
2026-08-14T16:00:00+00:00,263.85,263.98,263.63,263.75,503
2026-08-14T16:05:00+00:00,263.75,263.99,263.7,263.81,535
2026-08-14T16:10:00+00:00,263.81,263.98,263.73,263.86,444
2026-08-14T16:15:00+00:00,263.86,263.87,263.68,263.7,418
2026-08-14T16:20:00+00:00,263.7,263.81,263.68,263.7,391
2026-08-14T16:25:00+00:00,263.7,264.23,263.7,264.23,441
2026-08-14T16:30:00+00:00,264.23,264.3,263.94,263.94,534
2026-08-14T16:35:00+00:00,263.94,264.16,263.88,264.13,399
2026-08-14T16:40:00+00:00,264.13,264.21,263.91,263.91,348
2026-08-14T16:45:00+00:00,263.91,263.99,263.45,263.47,506
2026-08-14T16:50:00+00:00,263.47,263.52,263.15,263.34,633
2026-08-14T16:55:00+00:00,263.34,263.43,263.02,263.11,540
2026-08-14T17:00:00+00:00,263.11,263.25,263.03,263.07,422
2026-08-14T17:05:00+00:00,263.07,263.26,263.05,263.19,368
2026-08-14T17:10:00+00:00,263.19,263.24,263.08,263.22,393
2026-08-14T17:15:00+00:00,263.22,263.3,262.89,262.91,518
2026-08-14T17:20:00+00:00,262.91,263.39,262.89,263.3,445
2026-08-14T17:25:00+00:00,263.3,263.37,263.15,263.2,368
2026-08-14T17:30:00+00:00,263.2,263.29,263.09,263.22,439
2026-08-14T17:35:00+00:00,263.22,263.23,263.03,263.12,282
2026-08-14T17:40:00+00:00,263.12,263.15,262.98,263.05,286
2026-08-14T17:45:00+00:00,263.05,263.22,262.9,263.16,461
2026-08-14T17:50:00+00:00,263.16,263.23,263.02,263.17,444
2026-08-14T17:55:00+00:00,263.17,263.3,263.08,263.17,365
2026-08-14T18:00:00+00:00,263.17,263.54,263.13,263.54,414
2026-08-14T18:05:00+00:00,263.54,263.7,263.43,263.57,474
2026-08-14T18:10:00+00:00,263.57,263.87,263.54,263.54,414
2026-08-14T18:15:00+00:00,263.54,263.63,263.33,263.38,480
2026-08-14T18:20:00+00:00,263.38,263.4,263.03,263.29,453
2026-08-14T18:25:00+00:00,263.29,263.36,263.03,263.08,379
2026-08-14T18:30:00+00:00,263.08,263.29,263.03,263.04,345
2026-08-14T18:35:00+00:00,263.04,263.11,262.95,262.97,305
2026-08-14T18:40:00+00:00,262.97,263.12,262.89,263.04,298
2026-08-14T18:45:00+00:00,263.04,263.11,262.92,263.01,310
2026-08-14T18:50:00+00:00,263.01,263.22,262.78,263.12,440
2026-08-14T18:55:00+00:00,263.12,263.21,262.88,262.92,345
2026-08-14T19:00:00+00:00,262.92,262.94,262.77,262.85,409
2026-08-14T19:05:00+00:00,262.85,262.9,262.7,262.8,268
2026-08-14T19:10:00+00:00,262.8,262.83,262.66,262.82,279
2026-08-14T19:15:00+00:00,262.82,263.02,262.73,263,312
2026-08-14T19:20:00+00:00,263,263.22,262.98,263.17,356
2026-08-14T19:25:00+00:00,263.17,263.28,263.08,263.1,298
2026-08-14T19:30:00+00:00,263.1,263.36,263.04,263.26,462
2026-08-14T19:35:00+00:00,263.26,263.65,263.24,263.32,548
2026-08-14T19:40:00+00:00,263.32,263.35,263.08,263.25,444
2026-08-14T19:45:00+00:00,263.25,263.3,263.08,263.1,550
2026-08-14T19:50:00+00:00,263.1,263.34,262.67,262.68,591
2026-08-14T19:55:00+00:00,262.68,262.74,262.14,262.45,1162
2026-08-17T13:30:00+00:00,262.45,265.36,261.53,261.7,995
2026-08-17T13:35:00+00:00,261.7,263.01,260.96,262.82,1241
2026-08-17T13:40:00+00:00,262.82,263.44,261.76,261.93,919
2026-08-17T13:45:00+00:00,261.93,263.11,261.92,262.82,754
2026-08-17T13:50:00+00:00,262.82,262.94,262.19,262.85,576
2026-08-17T13:55:00+00:00,262.85,262.9,261.2,261.4,697
2026-08-17T14:00:00+00:00,261.4,261.62,260.9,261.51,708
2026-08-17T14:05:00+00:00,261.51,261.69,261.2,261.5,547
2026-08-17T14:10:00+00:00,261.5,261.6,261.19,261.49,402
2026-08-17T14:15:00+00:00,261.49,261.74,261.09,261.18,582
2026-08-17T14:20:00+00:00,261.18,261.34,260.64,260.8,561
2026-08-17T14:25:00+00:00,260.8,261.16,260.57,260.65,570
2026-08-17T14:30:00+00:00,260.65,260.99,260.38,260.54,650
2026-08-17T14:35:00+00:00,260.54,260.82,260.38,260.43,543
2026-08-17T14:40:00+00:00,260.43,260.57,260.28,260.29,548
2026-08-17T14:45:00+00:00,260.29,260.44,259.98,260.44,545
2026-08-17T14:50:00+00:00,260.44,260.92,260.31,260.82,700
2026-08-17T14:55:00+00:00,260.82,260.99,260.47,260.8,566
2026-08-17T15:00:00+00:00,260.8,261.03,260.68,260.93,439
2026-08-17T15:05:00+00:00,260.93,261.11,260.68,260.69,540
2026-08-17T15:10:00+00:00,260.69,261.27,260.58,260.91,516
2026-08-17T15:15:00+00:00,260.91,261.38,260.77,261.26,612
2026-08-17T15:20:00+00:00,261.26,261.55,261.09,261.5,610
2026-08-17T15:25:00+00:00,261.5,261.57,261.13,261.57,519
2026-08-17T15:30:00+00:00,261.57,261.6,260.86,261.04,426
2026-08-17T15:35:00+00:00,261.04,261.16,260.93,261.01,374
2026-08-17T15:40:00+00:00,261.01,261.11,260.78,261.06,387
2026-08-17T15:45:00+00:00,261.06,261.09,260.58,260.69,402
2026-08-17T15:50:00+00:00,260.69,260.8,260.53,260.69,392
2026-08-17T15:55:00+00:00,260.69,261.14,260.63,260.89,512
2026-08-17T16:00:00+00:00,260.89,261.13,260.68,260.79,393
2026-08-17T16:05:00+00:00,260.79,260.87,260.34,260.41,404
2026-08-17T16:10:00+00:00,260.41,260.68,260.25,260.67,389
2026-08-17T16:15:00+00:00,260.67,260.73,260.38,260.67,347
2026-08-17T16:20:00+00:00,260.67,260.87,260.41,260.46,395
2026-08-17T16:25:00+00:00,260.46,260.47,260.3,260.34,389
2026-08-17T16:30:00+00:00,260.34,260.44,260.33,260.35,296
2026-08-17T16:35:00+00:00,260.35,260.37,259.99,260.03,337
2026-08-17T16:40:00+00:00,260.03,260.06,259.63,259.81,526
2026-08-17T16:45:00+00:00,259.81,259.87,259.46,259.53,398
2026-08-17T16:50:00+00:00,259.53,259.54,259.38,259.44,344
2026-08-17T16:55:00+00:00,259.44,259.46,259.08,259.31,371
2026-08-17T17:00:00+00:00,259.31,259.33,258.89,259.1,523
2026-08-17T17:05:00+00:00,259.1,259.6,259.06,259.52,366
2026-08-17T17:10:00+00:00,259.52,259.6,258.77,258.82,416
2026-08-17T17:15:00+00:00,258.82,258.89,258.46,258.62,404
2026-08-17T17:20:00+00:00,258.62,258.85,258.51,258.71,486
2026-08-17T17:25:00+00:00,258.71,258.8,258.46,258.53,433
2026-08-17T17:30:00+00:00,258.53,258.62,258.22,258.41,432
2026-08-17T17:35:00+00:00,258.41,258.58,258.34,258.5,373
2026-08-17T17:40:00+00:00,258.5,258.76,258.42,258.73,368
2026-08-17T17:45:00+00:00,258.73,258.83,258.43,258.45,294
2026-08-17T17:50:00+00:00,258.45,258.48,258.28,258.33,296
2026-08-17T17:55:00+00:00,258.33,258.69,258.24,258.68,326
2026-08-17T18:00:00+00:00,258.68,258.93,258.55,258.78,337
2026-08-17T18:05:00+00:00,258.78,259.33,258.74,259.24,434
2026-08-17T18:10:00+00:00,259.24,259.84,259.19,259.76,480
2026-08-17T18:15:00+00:00,259.76,260.08,259.57,259.92,425
2026-08-17T18:20:00+00:00,259.92,259.99,259.68,259.7,302
2026-08-17T18:25:00+00:00,259.7,259.71,259.38,259.47,320
2026-08-17T18:30:00+00:00,259.47,259.57,259.39,259.51,279
2026-08-17T18:35:00+00:00,259.51,259.68,259.44,259.6,240
2026-08-17T18:40:00+00:00,259.6,259.66,259.44,259.61,245
2026-08-17T18:45:00+00:00,259.61,259.78,259.49,259.78,229
2026-08-17T18:50:00+00:00,259.78,259.8,259.42,259.64,305
2026-08-17T18:55:00+00:00,259.64,259.83,259.32,259.78,343
2026-08-17T19:00:00+00:00,259.78,259.88,259.55,259.72,273
2026-08-17T19:05:00+00:00,259.72,260.3,259.72,260.24,420
2026-08-17T19:10:00+00:00,260.24,260.48,260.17,260.36,306
2026-08-17T19:15:00+00:00,260.36,260.51,260.28,260.39,242
2026-08-17T19:20:00+00:00,260.39,260.55,260.13,260.2,307
2026-08-17T19:25:00+00:00,260.2,260.4,259.99,260.4,375
2026-08-17T19:30:00+00:00,260.4,260.5,260,260.07,485
2026-08-17T19:35:00+00:00,260.07,260.22,259.7,259.74,381
2026-08-17T19:40:00+00:00,259.74,260.24,259.63,260.24,362
2026-08-17T19:45:00+00:00,260.24,260.41,259.95,260.41,487
2026-08-17T19:50:00+00:00,260.41,260.46,260.06,260.37,711
2026-08-17T19:55:00+00:00,260.37,261.26,260.36,261.19,1438
2026-08-18T13:30:00+00:00,261.19,261.19,257.65,258.69,1023
2026-08-18T13:35:00+00:00,258.69,259.75,258.49,259.6,924
2026-08-18T13:40:00+00:00,259.6,260.11,259.35,259.51,831
2026-08-18T13:45:00+00:00,259.51,259.59,258.81,258.87,865
2026-08-18T13:50:00+00:00,258.87,259.07,258.19,258.45,962
2026-08-18T13:55:00+00:00,258.45,258.51,257.61,257.9,938
2026-08-18T14:00:00+00:00,257.9,258.86,257.81,258.6,810
2026-08-18T14:05:00+00:00,258.6,259.1,258.58,258.76,688
2026-08-18T14:10:00+00:00,258.76,259.3,258.42,259.3,878
2026-08-18T14:15:00+00:00,259.3,259.91,259.08,259.82,813
2026-08-18T14:20:00+00:00,259.82,260.52,259.68,260.44,745
2026-08-18T14:25:00+00:00,260.44,261.07,260.36,261,850
2026-08-18T14:30:00+00:00,261,261.15,260.73,260.92,651
2026-08-18T14:35:00+00:00,260.92,261.9,260.92,261.6,796
2026-08-18T14:40:00+00:00,261.6,261.87,261.38,261.5,854
2026-08-18T14:45:00+00:00,261.5,261.56,261.03,261.38,814
2026-08-18T14:50:00+00:00,261.38,261.55,260.99,261.26,776
2026-08-18T14:55:00+00:00,261.26,261.85,261.13,261.72,766
2026-08-18T15:00:00+00:00,261.72,262.01,260.99,260.99,969
2026-08-18T15:05:00+00:00,260.99,261.45,260.83,261.17,681
2026-08-18T15:10:00+00:00,261.17,261.17,260.3,260.33,731
2026-08-18T15:15:00+00:00,260.33,260.68,260.15,260.19,627
2026-08-18T15:20:00+00:00,260.19,260.67,260.19,260.49,501
2026-08-18T15:25:00+00:00,260.49,260.73,260.28,260.29,576
2026-08-18T15:30:00+00:00,260.29,260.39,259.7,259.71,651
2026-08-18T15:35:00+00:00,259.71,260.23,259.54,260.22,565
2026-08-18T15:40:00+00:00,260.22,260.44,260.17,260.31,584
2026-08-18T15:45:00+00:00,260.31,260.51,260.19,260.33,492
2026-08-18T15:50:00+00:00,260.33,260.48,260.04,260.44,407
2026-08-18T15:55:00+00:00,260.44,260.45,260.13,260.23,470
2026-08-18T16:00:00+00:00,260.23,260.82,260.23,260.73,460
2026-08-18T16:05:00+00:00,260.73,260.93,260.35,260.45,469
2026-08-18T16:10:00+00:00,260.45,260.9,260.45,260.75,399
2026-08-18T16:15:00+00:00,260.75,260.93,260.61,260.87,434
2026-08-18T16:20:00+00:00,260.87,261.3,260.85,261.23,421
2026-08-18T16:25:00+00:00,261.23,261.32,260.77,260.93,409
2026-08-18T16:30:00+00:00,260.93,261.3,260.86,261.28,456
2026-08-18T16:35:00+00:00,261.28,261.37,260.98,261.2,410
2026-08-18T16:40:00+00:00,261.2,261.42,261.04,261.42,359
2026-08-18T16:45:00+00:00,261.42,261.7,261.35,261.52,448
2026-08-18T16:50:00+00:00,261.52,261.92,261.44,261.88,380
2026-08-18T16:55:00+00:00,261.88,261.95,261.67,261.78,409
2026-08-18T17:00:00+00:00,261.78,261.79,261.56,261.67,456
2026-08-18T17:05:00+00:00,261.67,261.95,261.57,261.86,598
2026-08-18T17:10:00+00:00,261.86,261.99,261.6,261.7,420
2026-08-18T17:15:00+00:00,261.7,261.74,261.52,261.69,442
2026-08-18T17:20:00+00:00,261.69,261.74,261.38,261.52,439
2026-08-18T17:25:00+00:00,261.52,261.55,260.71,260.71,449
2026-08-18T17:30:00+00:00,260.71,260.73,260.23,260.42,574
2026-08-18T17:35:00+00:00,260.42,260.67,260.26,260.61,348
2026-08-18T17:40:00+00:00,260.61,260.65,260.44,260.51,294
2026-08-18T17:45:00+00:00,260.51,260.65,260.3,260.37,350
2026-08-18T17:50:00+00:00,260.37,260.54,260.21,260.49,353
2026-08-18T17:55:00+00:00,260.49,260.62,260.21,260.23,420
2026-08-18T18:00:00+00:00,260.23,260.42,260.04,260.05,447
2026-08-18T18:05:00+00:00,260.05,260.38,259.89,260.38,578
2026-08-18T18:10:00+00:00,260.38,260.67,260.27,260.59,422
2026-08-18T18:15:00+00:00,260.59,260.68,260.51,260.59,409
2026-08-18T18:20:00+00:00,260.59,260.67,260.47,260.53,321
2026-08-18T18:25:00+00:00,260.53,260.58,260.36,260.39,301
2026-08-18T18:30:00+00:00,260.39,260.51,260.34,260.4,339
2026-08-18T18:35:00+00:00,260.4,260.44,260.27,260.35,445
2026-08-18T18:40:00+00:00,260.35,260.51,260.21,260.23,476
2026-08-18T18:45:00+00:00,260.23,260.37,260.1,260.23,446
2026-08-18T18:50:00+00:00,260.23,260.26,260.07,260.12,381
2026-08-18T18:55:00+00:00,260.12,260.33,260.04,260.09,325
2026-08-18T19:00:00+00:00,260.09,260.31,260.06,260.28,397
2026-08-18T19:05:00+00:00,260.28,260.45,260.13,260.28,283
2026-08-18T19:10:00+00:00,260.28,260.34,260.04,260.27,363
2026-08-18T19:15:00+00:00,260.27,260.3,260,260,455
2026-08-18T19:20:00+00:00,260,260.14,259.8,259.84,495
2026-08-18T19:25:00+00:00,259.84,260.09,259.73,259.83,527
2026-08-18T19:30:00+00:00,259.83,260.12,259.8,259.91,578
2026-08-18T19:35:00+00:00,259.91,260.18,259.78,260.16,454
2026-08-18T19:40:00+00:00,260.16,260.19,259.75,259.77,467
2026-08-18T19:45:00+00:00,259.77,259.88,259.41,259.75,673
2026-08-18T19:50:00+00:00,259.75,259.84,258.99,259.15,1166
2026-08-18T19:55:00+00:00,259.15,259.54,258.89,259.3,1674
2026-08-19T13:30:00+00:00,259.3,262.41,259.18,259.34,896
2026-08-19T13:35:00+00:00,259.34,260.55,259.18,260.09,959
2026-08-19T13:40:00+00:00,260.09,260.37,258.78,259.26,1039
2026-08-19T13:45:00+00:00,259.26,259.59,258.46,258.6,947
2026-08-19T13:50:00+00:00,258.6,259.83,258.59,259.69,1053
2026-08-19T13:55:00+00:00,259.69,260.19,259.09,259.73,945
2026-08-19T14:00:00+00:00,259.73,260.51,259.47,260.21,794
2026-08-19T14:05:00+00:00,260.21,260.67,259.99,260.64,983
2026-08-19T14:10:00+00:00,260.64,261.24,260.58,260.8,897
2026-08-19T14:15:00+00:00,260.8,261.1,260.52,261.03,820
2026-08-19T14:20:00+00:00,261.03,261.24,260.88,260.92,758
2026-08-19T14:25:00+00:00,260.92,261.07,260.57,261.07,917
2026-08-19T14:30:00+00:00,261.07,261.56,261,261.56,668
2026-08-19T14:35:00+00:00,261.56,261.79,261.38,261.52,776
2026-08-19T14:40:00+00:00,261.52,262.83,261.52,262.83,802
2026-08-19T14:45:00+00:00,262.83,263.5,262.76,263.34,863
2026-08-19T14:50:00+00:00,263.34,264.4,263.29,264.12,924
2026-08-19T14:55:00+00:00,264.12,264.83,-2509.5505,-2509.4205,883.4015748031496
2026-08-19T15:00:00+00:00,263.6,264.39,263.59,264.34,693
2026-08-19T15:05:00+00:00,264.34,264.62,263.39,263.49,627
2026-08-19T15:10:00+00:00,263.49,263.67,263.12,263.31,628
2026-08-19T15:15:00+00:00,263.31,263.61,263.02,263.11,504
2026-08-19T15:20:00+00:00,263.11,263.65,262.76,263.48,522
2026-08-19T15:25:00+00:00,263.48,263.86,263.38,263.8,512
2026-08-19T15:30:00+00:00,263.8,264.07,263.64,263.95,470
2026-08-19T15:35:00+00:00,263.95,264.04,263.64,263.97,397
2026-08-19T15:40:00+00:00,263.97,264.13,263.71,264.12,429
2026-08-19T15:45:00+00:00,264.12,264.5,264.06,264.42,445
2026-08-19T15:50:00+00:00,264.42,264.46,264.18,264.34,466
2026-08-19T15:55:00+00:00,264.34,264.46,264.19,264.4,414
2026-08-19T16:00:00+00:00,264.4,264.79,264.28,264.75,538
2026-08-19T16:05:00+00:00,264.75,264.95,264.56,264.89,504
2026-08-19T16:10:00+00:00,264.89,264.99,264.76,264.85,430
2026-08-19T16:15:00+00:00,264.85,264.85,264.42,264.61,428
2026-08-19T16:20:00+00:00,264.61,264.72,264.28,264.55,378
2026-08-19T16:25:00+00:00,264.55,264.64,264.38,264.38,460
2026-08-19T16:30:00+00:00,264.38,264.51,264.14,264.51,524
2026-08-19T16:35:00+00:00,264.51,264.58,264.28,264.32,426
2026-08-19T16:40:00+00:00,264.32,264.82,264.28,264.54,431
2026-08-19T16:45:00+00:00,264.54,264.58,263.95,263.99,457
2026-08-19T16:50:00+00:00,263.99,264.14,263.77,264.12,422
2026-08-19T16:55:00+00:00,264.12,264.26,264.05,264.09,394
2026-08-19T17:00:00+00:00,264.09,264.14,263.89,264.02,364
2026-08-19T17:05:00+00:00,264.02,264.2,263.99,264.1,279
2026-08-19T17:10:00+00:00,264.1,264.3,264,264.11,363
2026-08-19T17:15:00+00:00,264.11,264.13,263.68,263.9,429
2026-08-19T17:20:00+00:00,263.9,264.05,263.83,263.97,630
2026-08-19T17:25:00+00:00,263.97,264.59,263.96,264.59,456
2026-08-19T17:30:00+00:00,264.59,264.64,263.78,263.81,410
2026-08-19T17:35:00+00:00,263.81,264.15,263.77,264.03,383
2026-08-19T17:40:00+00:00,264.03,264.3,263.95,264,528
2026-08-19T17:45:00+00:00,264,264.12,263.88,264.12,307
2026-08-19T17:50:00+00:00,264.12,264.42,264.03,264.37,282
2026-08-19T17:55:00+00:00,264.37,264.44,264.23,264.28,318
2026-08-19T18:00:00+00:00,264.28,264.83,264.23,264.82,479
2026-08-19T18:05:00+00:00,264.82,264.86,264.09,264.12,595
2026-08-19T18:10:00+00:00,264.12,264.65,264.1,264.5,503
2026-08-19T18:15:00+00:00,264.5,264.58,264.3,264.32,450
2026-08-19T18:20:00+00:00,264.32,264.53,264.25,264.42,431
2026-08-19T18:25:00+00:00,264.42,264.49,264.13,264.27,436
2026-08-19T18:30:00+00:00,264.27,264.47,263.96,264.27,553
2026-08-19T18:35:00+00:00,264.27,264.32,264.01,264.04,339
2026-08-19T18:40:00+00:00,264.04,264.06,263.78,263.87,412
2026-08-19T18:45:00+00:00,263.87,263.96,263.75,263.87,339
2026-08-19T18:50:00+00:00,263.87,264.01,263.77,263.91,262
2026-08-19T18:55:00+00:00,263.91,264.15,263.78,263.99,394
2026-08-19T19:00:00+00:00,263.99,264.1,263.89,264,350
2026-08-19T19:05:00+00:00,264,264.49,263.94,264.49,248
2026-08-19T19:10:00+00:00,264.49,264.5,264.1,264.46,399
2026-08-19T19:15:00+00:00,264.46,264.66,264.33,264.65,411
2026-08-19T19:20:00+00:00,264.65,264.67,264.4,264.51,341
2026-08-19T19:25:00+00:00,264.51,265.36,264.38,265.33,447
2026-08-19T19:30:00+00:00,265.33,266.19,265.17,265.97,915
2026-08-19T19:35:00+00:00,265.97,266.07,265.6,265.75,699
2026-08-19T19:40:00+00:00,265.75,265.76,265.22,265.25,664
2026-08-19T19:45:00+00:00,265.25,265.59,264.88,265.43,710
2026-08-19T19:50:00+00:00,265.43,266.24,265.2,265.95,999
2026-08-19T19:55:00+00:00,265.95,265.96,265.24,265.65,1360
2026-08-20T13:30:00+00:00,265.65,265.65,261.55,262.19,804
2026-08-20T13:35:00+00:00,262.19,263.31,262.19,262.41,782
2026-08-20T13:40:00+00:00,262.41,263.71,261.76,263.1,749
2026-08-20T13:45:00+00:00,263.1,263.54,262.68,263.39,659
2026-08-20T13:50:00+00:00,263.39,263.51,262.47,262.69,601
2026-08-20T13:55:00+00:00,262.69,263.01,262.28,262.76,464
2026-08-20T14:00:00+00:00,262.76,262.85,262.02,262.04,610
2026-08-20T14:05:00+00:00,262.04,262.42,261.22,261.98,686
2026-08-20T14:10:00+00:00,261.98,262.15,260.78,260.93,702
2026-08-20T14:15:00+00:00,260.93,261.28,260.26,260.95,683
2026-08-20T14:20:00+00:00,260.95,261.51,260.73,261.31,615
2026-08-20T14:25:00+00:00,261.31,261.63,261.13,261.36,567
2026-08-20T14:30:00+00:00,261.36,261.61,260.99,261.18,568
2026-08-20T14:35:00+00:00,261.18,261.75,261.1,261.64,395
2026-08-20T14:40:00+00:00,261.64,262.3,261.64,261.87,481
2026-08-20T14:45:00+00:00,261.87,261.97,261.08,261.17,450
2026-08-20T14:50:00+00:00,261.17,261.45,261.09,261.17,495
2026-08-20T14:55:00+00:00,261.17,261.43,261.17,261.28,416
2026-08-20T15:00:00+00:00,261.28,261.4,260.94,261.13,701
2026-08-20T15:05:00+00:00,261.13,261.24,260.28,260.36,930
2026-08-20T15:10:00+00:00,260.36,260.55,259.79,260.41,768
2026-08-20T15:15:00+00:00,260.41,260.81,260.18,260.66,656
2026-08-20T15:20:00+00:00,260.66,260.76,260.26,260.48,726
2026-08-20T15:25:00+00:00,260.48,260.8,260.32,260.67,563
2026-08-20T15:30:00+00:00,260.67,261.1,260.54,260.88,584
2026-08-20T15:35:00+00:00,260.88,260.92,260.61,260.76,571
2026-08-20T15:40:00+00:00,260.76,260.89,260.52,260.7,444
2026-08-20T15:45:00+00:00,260.7,260.93,260.51,260.88,444
2026-08-20T15:50:00+00:00,260.88,261.4,260.75,261.4,408
2026-08-20T15:55:00+00:00,261.4,261.43,260.83,260.92,434
2026-08-20T16:00:00+00:00,260.92,261.21,260.72,260.88,457
2026-08-20T16:05:00+00:00,260.88,261.26,260.8,261.26,454
2026-08-20T16:10:00+00:00,261.26,261.49,261.12,261.16,368
2026-08-20T16:15:00+00:00,261.16,261.39,261.08,261.32,332
2026-08-20T16:20:00+00:00,261.32,261.69,261.21,261.59,492
2026-08-20T16:25:00+00:00,261.59,262.14,261.59,262.1,356
2026-08-20T16:30:00+00:00,262.1,262.91,261.82,262.76,459
2026-08-20T16:35:00+00:00,262.76,263.29,262.72,263.29,388
2026-08-20T16:40:00+00:00,263.29,263.31,262.99,263.16,462
2026-08-20T16:45:00+00:00,263.16,263.24,262.99,263.07,297
2026-08-20T16:50:00+00:00,263.07,263.18,262.25,262.3,330
2026-08-20T16:55:00+00:00,262.3,262.49,262.18,262.32,315
2026-08-20T17:00:00+00:00,262.32,262.32,261.64,261.75,313
2026-08-20T17:05:00+00:00,261.75,261.98,261.66,261.92,265
2026-08-20T17:10:00+00:00,261.92,261.92,261.66,261.66,302
2026-08-20T17:15:00+00:00,261.66,261.68,261.33,261.43,330
2026-08-20T17:20:00+00:00,261.43,261.7,261.39,261.41,276
2026-08-20T17:25:00+00:00,261.41,261.49,261.21,261.32,256
2026-08-20T17:30:00+00:00,261.32,261.55,261.28,261.38,335
2026-08-20T17:35:00+00:00,261.38,261.47,261.21,261.24,281
2026-08-20T17:40:00+00:00,261.24,261.42,261.13,261.37,264
2026-08-20T17:45:00+00:00,261.37,261.58,261.36,261.38,198
2026-08-20T17:50:00+00:00,261.38,261.45,261.09,261.1,310
2026-08-20T17:55:00+00:00,261.1,261.2,261.02,261.18,378
2026-08-20T18:00:00+00:00,261.18,261.18,260.64,260.74,451
2026-08-20T18:05:00+00:00,260.74,260.79,260.4,260.41,405
2026-08-20T18:10:00+00:00,260.41,260.43,259.98,260.11,434
2026-08-20T18:15:00+00:00,260.11,260.54,259.77,260.48,470
2026-08-20T18:20:00+00:00,260.48,260.84,260.48,260.71,503
2026-08-20T18:25:00+00:00,260.71,260.86,260.64,260.76,382
2026-08-20T18:30:00+00:00,260.76,261.03,260.76,260.94,368
2026-08-20T18:35:00+00:00,260.94,261.22,260.92,261.07,380
2026-08-20T18:40:00+00:00,261.07,261.24,260.97,261.2,369
2026-08-20T18:45:00+00:00,261.2,261.22,260.99,261.07,403
2026-08-20T18:50:00+00:00,261.07,261.14,260.9,261.02,367
2026-08-20T18:55:00+00:00,261.02,261.06,260.68,260.73,373
2026-08-20T19:00:00+00:00,260.73,260.85,260.63,260.77,314
2026-08-20T19:05:00+00:00,260.77,260.91,260.7,260.84,365
2026-08-20T19:10:00+00:00,260.84,260.99,260.78,260.84,305
2026-08-20T19:15:00+00:00,260.84,261.1,260.84,260.91,316
2026-08-20T19:20:00+00:00,260.91,261.14,260.91,261.14,345
2026-08-20T19:25:00+00:00,261.14,261.26,260.99,261.19,298
2026-08-20T19:30:00+00:00,261.19,261.4,260.91,261.1,407
2026-08-20T19:35:00+00:00,261.1,261.24,260.97,261.19,328
2026-08-20T19:40:00+00:00,261.19,261.22,260.76,260.81,335
2026-08-20T19:45:00+00:00,260.81,261.43,260.81,261.43,417
2026-08-20T19:50:00+00:00,261.43,261.43,259.78,259.79,725
2026-08-20T19:55:00+00:00,259.79,260.3,259.32,260.25,1437
2026-08-21T13:30:00+00:00,260.25,260.93,258.06,258.11,982
2026-08-21T13:35:00+00:00,258.11,258.36,256.9,257.24,1275
2026-08-21T13:40:00+00:00,257.24,258.38,257.09,257.87,973
2026-08-21T13:45:00+00:00,257.87,258.4,257.41,258.3,832
2026-08-21T13:50:00+00:00,258.3,259,258.29,258.56,806
2026-08-21T13:55:00+00:00,258.56,258.91,258.13,258.73,718
2026-08-21T14:00:00+00:00,258.73,259.1,257.99,259.08,752
2026-08-21T14:05:00+00:00,259.08,259.3,258.78,259.11,707
2026-08-21T14:10:00+00:00,259.11,259.36,258.85,259.32,534
2026-08-21T14:15:00+00:00,259.32,259.59,259.08,259.39,507
2026-08-21T14:20:00+00:00,259.39,259.74,259.15,259.68,607
2026-08-21T14:25:00+00:00,259.68,259.87,259.49,259.53,529
2026-08-21T14:30:00+00:00,259.53,259.77,259.41,259.56,588
2026-08-21T14:35:00+00:00,259.56,259.68,259.18,259.39,569
2026-08-21T14:40:00+00:00,259.39,259.42,259.09,259.21,491
2026-08-21T14:45:00+00:00,259.21,259.71,259.13,259.32,528
2026-08-21T14:50:00+00:00,259.32,259.76,259.27,259.65,386
2026-08-21T14:55:00+00:00,259.65,260.05,259.65,259.99,424
2026-08-21T15:00:00+00:00,259.99,260.3,259.96,260.09,509
2026-08-21T15:05:00+00:00,260.09,260.41,259.98,260.06,498
2026-08-21T15:10:00+00:00,260.06,260.16,259.34,259.35,510
2026-08-21T15:15:00+00:00,259.35,259.65,258.76,258.79,509
2026-08-21T15:20:00+00:00,258.79,259,258.64,258.68,394
2026-08-21T15:25:00+00:00,258.68,258.95,258.53,258.68,472
2026-08-21T15:30:00+00:00,258.68,259.14,258.13,259.03,515
2026-08-21T15:35:00+00:00,259.03,259.44,258.96,259.41,369
2026-08-21T15:40:00+00:00,259.41,259.88,259.4,259.73,576
2026-08-21T15:45:00+00:00,259.73,260.14,259.45,259.94,452
2026-08-21T15:50:00+00:00,259.94,260.67,259.94,260.44,480
2026-08-21T15:55:00+00:00,260.44,260.44,259.47,259.52,461
2026-08-21T16:00:00+00:00,259.52,259.57,259.03,259.08,391
2026-08-21T16:05:00+00:00,259.08,259.23,258.99,259.04,385
2026-08-21T16:10:00+00:00,259.04,259.2,258.91,259.06,266
2026-08-21T16:15:00+00:00,259.06,259.15,258.73,258.83,417
2026-08-21T16:20:00+00:00,258.83,259.26,258.71,258.89,426
2026-08-21T16:25:00+00:00,258.89,259.05,258.7,258.74,357
2026-08-21T16:30:00+00:00,258.74,258.96,258.55,258.9,556
2026-08-21T16:35:00+00:00,258.9,258.91,258.55,258.9,479
2026-08-21T16:40:00+00:00,258.9,259.03,258.75,258.9,297
2026-08-21T16:45:00+00:00,258.9,258.94,258.58,258.66,322
2026-08-21T16:50:00+00:00,258.66,258.66,258.43,258.55,375
2026-08-21T16:55:00+00:00,258.55,259.16,258.54,259.07,419
2026-08-21T17:00:00+00:00,259.07,259.41,259.02,259.28,374
2026-08-21T17:05:00+00:00,259.28,259.35,259.05,259.11,412
2026-08-21T17:10:00+00:00,259.11,259.15,258.6,258.66,272
2026-08-21T17:15:00+00:00,258.66,259.05,258.59,258.97,437
2026-08-21T17:20:00+00:00,258.97,259.44,258.88,259.38,450
2026-08-21T17:25:00+00:00,259.38,259.38,259.05,259.1,324
2026-08-21T17:30:00+00:00,259.1,259.18,258.4,258.44,376
2026-08-21T17:35:00+00:00,258.44,258.44,258.06,258.19,386
2026-08-21T17:40:00+00:00,258.19,258.52,257.99,258.5,304
2026-08-21T17:45:00+00:00,258.5,258.61,258.21,258.27,280
2026-08-21T17:50:00+00:00,258.27,258.43,258.18,258.39,236
2026-08-21T17:55:00+00:00,258.39,258.45,258.27,258.32,238
2026-08-21T18:00:00+00:00,258.32,258.65,258.27,258.46,333
2026-08-21T18:05:00+00:00,258.46,258.56,258.28,258.44,270
2026-08-21T18:10:00+00:00,258.44,258.68,258.38,258.57,245
2026-08-21T18:15:00+00:00,258.57,258.63,258.16,258.16,273
2026-08-21T18:20:00+00:00,258.16,258.27,258.08,258.09,257
2026-08-21T18:25:00+00:00,258.09,258.2,258.02,258.12,248
2026-08-21T18:30:00+00:00,258.12,258.17,257.96,258.12,325
2026-08-21T18:35:00+00:00,258.12,258.34,258.08,258.27,221
2026-08-21T18:40:00+00:00,258.27,258.53,258.14,258.46,244
2026-08-21T18:45:00+00:00,258.46,258.79,258.44,258.77,270
2026-08-21T18:50:00+00:00,258.77,259.12,258.71,259.04,234
2026-08-21T18:55:00+00:00,259.04,259.18,258.94,259.15,258
2026-08-21T19:00:00+00:00,259.15,259.37,259.08,259.17,328
2026-08-21T19:05:00+00:00,259.17,259.28,259.09,259.17,260
2026-08-21T19:10:00+00:00,259.17,259.27,258.96,259.04,230
2026-08-21T19:15:00+00:00,259.04,259.11,258.94,259.1,254
2026-08-21T19:20:00+00:00,259.1,259.38,259.03,259.33,279
2026-08-21T19:25:00+00:00,259.33,259.39,259.23,259.35,287
2026-08-21T19:30:00+00:00,259.35,259.61,259.33,259.43,367
2026-08-21T19:35:00+00:00,259.43,259.6,259.3,259.34,352
2026-08-21T19:40:00+00:00,259.34,259.7,259.34,259.64,269
2026-08-21T19:45:00+00:00,259.64,259.83,259.54,259.63,448
2026-08-21T19:50:00+00:00,259.63,259.63,258.54,258.64,718
2026-08-21T19:55:00+00:00,258.64,258.77,258.08,258.38,956
2026-08-24T13:30:00+00:00,258.38,260.88,257.93,259.74,703
2026-08-24T13:35:00+00:00,259.74,262.02,259.38,261.45,919
2026-08-24T13:40:00+00:00,261.45,262.65,260.88,260.9,1018
2026-08-24T13:45:00+00:00,260.9,262.16,260.26,261.73,1109
2026-08-24T13:50:00+00:00,261.73,262.33,261.54,261.89,995
2026-08-24T13:55:00+00:00,261.89,261.89,261.13,261.39,948
2026-08-24T14:00:00+00:00,261.39,262.91,261.21,261.29,1003
2026-08-24T14:05:00+00:00,261.29,261.38,260.03,260.61,850
2026-08-24T14:10:00+00:00,260.61,261.21,260.47,261.2,601
2026-08-24T14:15:00+00:00,261.2,261.25,260.33,260.54,698
2026-08-24T14:20:00+00:00,260.54,261.35,260.54,261.12,710
2026-08-24T14:25:00+00:00,261.12,261.41,260.88,261.27,637
2026-08-24T14:30:00+00:00,261.27,261.67,261.05,261.29,595
2026-08-24T14:35:00+00:00,261.29,262.21,261.21,262.16,577
2026-08-24T14:40:00+00:00,262.16,262.67,261.59,261.92,658
2026-08-24T14:45:00+00:00,261.92,262.5,261.76,262.21,558
2026-08-24T14:50:00+00:00,262.21,262.45,261.69,262.05,512
2026-08-24T14:55:00+00:00,262.05,262.18,261.63,261.69,462
2026-08-24T15:00:00+00:00,261.69,262.01,261.47,261.47,501
2026-08-24T15:05:00+00:00,261.47,261.83,261.25,261.79,504
2026-08-24T15:10:00+00:00,261.79,261.83,261.34,261.44,510
2026-08-24T15:15:00+00:00,261.44,261.65,261.36,261.51,404
2026-08-24T15:20:00+00:00,261.51,262.11,261.26,262.02,630
2026-08-24T15:25:00+00:00,262.02,262.56,261.88,262.53,706
2026-08-24T15:30:00+00:00,262.53,262.7,262.13,262.36,681
2026-08-24T15:35:00+00:00,262.36,262.62,261.98,262.29,558
2026-08-24T15:40:00+00:00,262.29,262.69,262.25,262.41,458
2026-08-24T15:45:00+00:00,262.41,262.73,262.38,262.65,443
2026-08-24T15:50:00+00:00,262.65,262.81,262.28,262.28,548
2026-08-24T15:55:00+00:00,262.28,262.74,262.28,262.4,512
2026-08-24T16:00:00+00:00,262.4,263.03,262.29,262.93,671
2026-08-24T16:05:00+00:00,262.93,263.19,262.67,262.67,538
2026-08-24T16:10:00+00:00,262.67,262.84,262.45,262.55,425
2026-08-24T16:15:00+00:00,262.55,262.79,262.48,262.68,488
2026-08-24T16:20:00+00:00,262.68,262.85,262.13,262.34,505
2026-08-24T16:25:00+00:00,262.34,262.76,262.24,262.61,428
2026-08-24T16:30:00+00:00,262.61,262.74,262.43,262.74,430
2026-08-24T16:35:00+00:00,262.74,263.15,262.6,262.89,469
2026-08-24T16:40:00+00:00,262.89,263.13,262.81,262.99,396
2026-08-24T16:45:00+00:00,262.99,263.1,262.8,263.01,463
2026-08-24T16:50:00+00:00,263.01,263.11,262.75,262.92,403
2026-08-24T16:55:00+00:00,262.92,263,262.77,262.86,458
2026-08-24T17:00:00+00:00,262.86,263.14,262.58,262.58,484
2026-08-24T17:05:00+00:00,262.58,262.91,262.48,262.64,573
2026-08-24T17:10:00+00:00,262.64,262.72,262.2,262.29,513
2026-08-24T17:15:00+00:00,262.29,262.33,261.98,262.1,640
2026-08-24T17:20:00+00:00,262.1,262.12,261.79,261.79,753
2026-08-24T17:25:00+00:00,261.79,261.93,261.7,261.76,570
2026-08-24T17:30:00+00:00,261.76,261.85,261.38,261.44,523
2026-08-24T17:35:00+00:00,261.44,261.83,261.36,261.79,473
2026-08-24T17:40:00+00:00,261.79,261.9,261.59,261.76,406
2026-08-24T17:45:00+00:00,261.76,261.94,261.75,261.83,413
2026-08-24T17:50:00+00:00,261.83,262.19,261.82,261.9,530
2026-08-24T17:55:00+00:00,261.9,261.96,261.74,261.92,441
2026-08-24T18:00:00+00:00,261.92,262.26,261.92,262.19,487
2026-08-24T18:05:00+00:00,262.19,262.62,262.18,262.47,323
2026-08-24T18:10:00+00:00,262.47,262.52,262.31,262.52,356
2026-08-24T18:15:00+00:00,262.52,262.76,262.47,262.63,384
2026-08-24T18:20:00+00:00,262.63,262.91,262.58,262.81,337
2026-08-24T18:25:00+00:00,262.81,262.83,262.64,262.66,450
2026-08-24T18:30:00+00:00,262.66,262.9,262.58,262.72,464
2026-08-24T18:35:00+00:00,262.72,262.73,262.44,262.49,347
2026-08-24T18:40:00+00:00,262.49,262.5,262.16,262.29,380
2026-08-24T18:45:00+00:00,262.29,262.33,261.94,262.04,407
2026-08-24T18:50:00+00:00,262.04,262.04,261.76,261.88,319
2026-08-24T18:55:00+00:00,261.88,261.88,261.63,261.66,374
2026-08-24T19:00:00+00:00,261.66,261.78,261.51,261.58,350
2026-08-24T19:05:00+00:00,261.58,261.89,261.58,261.85,365
2026-08-24T19:10:00+00:00,261.85,261.95,261.72,261.91,445
2026-08-24T19:15:00+00:00,261.91,261.91,261.63,261.69,445
2026-08-24T19:20:00+00:00,261.69,261.88,261.59,261.82,359
2026-08-24T19:25:00+00:00,261.82,262.06,261.82,261.94,313
2026-08-24T19:30:00+00:00,261.94,262.03,261.6,261.73,472
2026-08-24T19:35:00+00:00,261.73,262.05,261.73,261.89,409
2026-08-24T19:40:00+00:00,261.89,262.22,261.81,262.16,447
2026-08-24T19:45:00+00:00,262.16,262.24,262,262.14,493
2026-08-24T19:50:00+00:00,262.14,262.48,262.12,262.48,735
2026-08-24T19:55:00+00:00,262.48,262.48,261.72,261.93,1103
2026-08-25T13:30:00+00:00,261.93,263.68,261.58,262.14,797
2026-08-25T13:35:00+00:00,262.14,262.64,261.67,262.54,739
2026-08-25T13:40:00+00:00,262.54,262.82,262.08,262.44,645
2026-08-25T13:45:00+00:00,262.44,262.6,261.95,262.19,652
2026-08-25T13:50:00+00:00,262.19,262.56,262.06,262.37,647
2026-08-25T13:55:00+00:00,262.37,262.66,261.48,261.81,646
2026-08-25T14:00:00+00:00,261.81,261.87,261.23,261.7,737
2026-08-25T14:05:00+00:00,261.7,261.74,261.08,261.37,602
2026-08-25T14:10:00+00:00,261.37,261.56,260.59,260.7,687
2026-08-25T14:15:00+00:00,260.7,261.03,260.63,260.71,523
2026-08-25T14:20:00+00:00,260.71,260.77,260.13,260.61,714
2026-08-25T14:25:00+00:00,260.61,260.89,260.61,260.81,492
2026-08-25T14:30:00+00:00,260.81,261.19,260.23,260.33,768
2026-08-25T14:35:00+00:00,260.33,261.1,260.27,261.08,537
2026-08-25T14:40:00+00:00,261.08,261.31,260.8,260.95,499
2026-08-25T14:45:00+00:00,260.95,261.07,260.59,260.62,593
2026-08-25T14:50:00+00:00,260.62,260.85,260.39,260.74,434
2026-08-25T14:55:00+00:00,260.74,260.76,260.49,260.74,444
2026-08-25T15:00:00+00:00,260.74,260.78,260.44,260.48,591
2026-08-25T15:05:00+00:00,260.48,260.79,260.32,260.69,532
2026-08-25T15:10:00+00:00,260.69,260.97,260.58,260.94,584
2026-08-25T15:15:00+00:00,260.94,260.97,260.39,260.58,470
2026-08-25T15:20:00+00:00,260.58,260.72,260.21,260.22,528
2026-08-25T15:25:00+00:00,260.22,260.52,260.21,260.41,583
2026-08-25T15:30:00+00:00,260.41,260.75,260.14,260.43,646
2026-08-25T15:35:00+00:00,260.43,260.74,260.39,260.69,569
2026-08-25T15:40:00+00:00,260.69,260.73,260.23,260.6,557
2026-08-25T15:45:00+00:00,260.6,260.7,260.24,260.29,499
2026-08-25T15:50:00+00:00,260.29,261.1,260.24,261.09,453
2026-08-25T15:55:00+00:00,261.09,261.15,260.82,260.9,468
2026-08-25T16:00:00+00:00,260.9,261.13,260.88,261.07,356
2026-08-25T16:05:00+00:00,261.07,261.12,260.69,260.71,372
2026-08-25T16:10:00+00:00,260.71,260.77,260.48,260.62,349
2026-08-25T16:15:00+00:00,260.62,260.76,260.51,260.66,318
2026-08-25T16:20:00+00:00,260.66,260.72,260.43,260.68,335
2026-08-25T16:25:00+00:00,260.68,260.85,260.59,260.72,281
2026-08-25T16:30:00+00:00,260.72,260.92,260.68,260.85,309
2026-08-25T16:35:00+00:00,260.85,261.15,260.76,261.15,345
2026-08-25T16:40:00+00:00,261.15,261.24,260.36,260.38,415
2026-08-25T16:45:00+00:00,260.38,260.56,260.36,260.51,417
2026-08-25T16:50:00+00:00,260.51,260.56,260.36,260.55,315
2026-08-25T16:55:00+00:00,260.55,260.91,260.48,260.9,333
2026-08-25T17:00:00+00:00,260.9,260.91,260.61,260.76,357
2026-08-25T17:05:00+00:00,260.76,260.77,260.4,260.54,339
2026-08-25T17:10:00+00:00,260.54,260.65,260.48,260.54,307
2026-08-25T17:15:00+00:00,260.54,260.73,260.49,260.71,349
2026-08-25T17:20:00+00:00,260.71,260.73,260.16,260.18,373
2026-08-25T17:25:00+00:00,260.18,260.18,260.02,260.1,396
2026-08-25T17:30:00+00:00,260.1,260.13,259.94,260.05,458
2026-08-25T17:35:00+00:00,260.05,260.13,259.98,260.11,329
2026-08-25T17:40:00+00:00,260.11,260.3,260.01,260.17,317
2026-08-25T17:45:00+00:00,260.17,260.34,260.13,260.15,279
2026-08-25T17:50:00+00:00,260.15,260.38,260.13,260.33,300
2026-08-25T17:55:00+00:00,260.33,260.48,260.27,260.36,267
2026-08-25T18:00:00+00:00,260.36,260.53,260.23,260.26,349
2026-08-25T18:05:00+00:00,260.26,260.43,260.23,260.34,333
2026-08-25T18:10:00+00:00,260.34,260.45,260.27,260.34,254
2026-08-25T18:15:00+00:00,260.34,260.41,260.15,260.32,284
2026-08-25T18:20:00+00:00,260.32,260.32,259.73,259.78,314
2026-08-25T18:25:00+00:00,259.78,260.01,259.7,259.97,251
2026-08-25T18:30:00+00:00,259.97,260.08,259.88,259.96,301
2026-08-25T18:35:00+00:00,259.96,260.25,259.9,260.19,297
2026-08-25T18:40:00+00:00,260.19,260.43,260.18,260.31,303
2026-08-25T18:45:00+00:00,260.31,260.58,260.31,260.49,361
2026-08-25T18:50:00+00:00,260.49,260.57,260.32,260.39,285
2026-08-25T18:55:00+00:00,260.39,260.59,260.34,260.55,311
2026-08-25T19:00:00+00:00,260.55,260.78,260.41,260.61,354
2026-08-25T19:05:00+00:00,260.61,260.62,260.09,260.1,265
2026-08-25T19:10:00+00:00,260.1,260.11,259.89,259.98,316
2026-08-25T19:15:00+00:00,259.98,260.13,259.89,259.97,312
2026-08-25T19:20:00+00:00,259.97,259.98,259.73,259.79,286
2026-08-25T19:25:00+00:00,259.79,260.11,259.74,259.98,302
2026-08-25T19:30:00+00:00,259.98,260.25,259.94,260.22,413
2026-08-25T19:35:00+00:00,260.22,260.55,260.2,260.5,375
2026-08-25T19:40:00+00:00,260.5,260.66,260.38,260.55,298
2026-08-25T19:45:00+00:00,260.55,260.82,260.55,260.74,371
2026-08-25T19:50:00+00:00,260.74,261.2,260.19,261.19,703
2026-08-25T19:55:00+00:00,261.19,261.19,260.61,260.97,907
2026-08-26T13:30:00+00:00,260.97,261.77,259.76,260.39,574
2026-08-26T13:35:00+00:00,260.39,260.66,259.31,259.35,656
2026-08-26T13:40:00+00:00,259.35,260.66,259.24,260.63,716
2026-08-26T13:45:00+00:00,260.63,260.74,260.08,260.31,620
2026-08-26T13:50:00+00:00,260.31,260.66,260.07,260.56,592
2026-08-26T13:55:00+00:00,260.56,260.83,260.39,260.67,474
2026-08-26T14:00:00+00:00,260.67,261.07,260.57,260.86,602
2026-08-26T14:05:00+00:00,260.86,261.02,260.61,260.84,571
2026-08-26T14:10:00+00:00,260.84,260.95,260.08,260.12,525
2026-08-26T14:15:00+00:00,260.12,260.21,259.89,260.01,566
2026-08-26T14:20:00+00:00,260.01,260.18,259.69,259.75,557
2026-08-26T14:25:00+00:00,259.75,259.81,258.73,258.96,721
2026-08-26T14:30:00+00:00,258.96,259.07,258.68,258.95,636
2026-08-26T14:35:00+00:00,258.95,259.53,258.88,259.22,598
2026-08-26T14:40:00+00:00,259.22,259.46,259.09,259.2,522
2026-08-26T14:45:00+00:00,259.2,259.55,259.09,259.51,585
2026-08-26T14:50:00+00:00,259.51,260.09,259.43,259.71,620
2026-08-26T14:55:00+00:00,259.71,260.37,259.68,260.1,443
2026-08-26T15:00:00+00:00,260.1,260.32,259.98,260.15,517
2026-08-26T15:05:00+00:00,260.15,260.29,260.01,260.21,471
2026-08-26T15:10:00+00:00,260.21,260.95,260.01,260.87,560
2026-08-26T15:15:00+00:00,260.87,260.88,259.89,259.92,581
2026-08-26T15:20:00+00:00,259.92,260.09,259.76,259.89,577
2026-08-26T15:25:00+00:00,259.89,260.1,259.83,260,493
2026-08-26T15:30:00+00:00,260,260.1,259.28,259.28,537
2026-08-26T15:35:00+00:00,259.28,259.5,259.2,259.24,468
2026-08-26T15:40:00+00:00,259.24,259.58,259.17,259.29,403
2026-08-26T15:45:00+00:00,259.29,259.44,259.27,259.29,367
2026-08-26T15:50:00+00:00,259.29,259.4,258.56,258.62,639
2026-08-26T15:55:00+00:00,258.62,258.81,258.48,258.49,565
2026-08-26T16:00:00+00:00,258.49,258.62,258.21,258.61,578
2026-08-26T16:05:00+00:00,258.61,258.7,258.4,258.57,497
2026-08-26T16:10:00+00:00,258.57,258.63,258.48,258.52,417
2026-08-26T16:15:00+00:00,258.52,258.61,258.32,258.36,424
2026-08-26T16:20:00+00:00,258.36,258.47,258.26,258.47,436
2026-08-26T16:25:00+00:00,258.47,258.53,258.29,258.37,417
2026-08-26T16:30:00+00:00,258.37,258.56,258.29,258.55,326
2026-08-26T16:35:00+00:00,258.55,258.67,258.26,258.28,389
2026-08-26T16:40:00+00:00,258.28,258.28,258.11,258.15,414
2026-08-26T16:45:00+00:00,258.15,258.44,258.15,258.3,476
2026-08-26T16:50:00+00:00,258.3,258.43,258.21,258.32,438
2026-08-26T16:55:00+00:00,258.32,258.7,258.3,258.62,473
2026-08-26T17:00:00+00:00,258.62,258.82,258.51,258.61,466
2026-08-26T17:05:00+00:00,258.61,258.78,258.53,258.69,430
2026-08-26T17:10:00+00:00,258.69,258.71,258.56,258.63,316
2026-08-26T17:15:00+00:00,258.63,258.96,258.58,258.92,354
2026-08-26T17:20:00+00:00,258.92,259.06,258.83,259.01,371
2026-08-26T17:25:00+00:00,259.01,259.25,258.93,259.17,378
2026-08-26T17:30:00+00:00,259.17,259.21,258.88,258.88,318
2026-08-26T17:35:00+00:00,258.88,258.9,258.43,258.49,288
2026-08-26T17:40:00+00:00,258.49,258.56,258.34,258.35,323
2026-08-26T17:45:00+00:00,258.35,258.47,258.33,258.36,365
2026-08-26T17:50:00+00:00,258.36,258.53,258.33,258.53,299
2026-08-26T17:55:00+00:00,258.53,258.61,258.49,258.53,268
2026-08-26T18:00:00+00:00,258.53,258.88,258.5,258.61,348
2026-08-26T18:05:00+00:00,258.61,258.97,258.61,258.97,344
2026-08-26T18:10:00+00:00,258.97,258.97,258.74,258.78,295
2026-08-26T18:15:00+00:00,258.78,258.92,258.77,258.86,255
2026-08-26T18:20:00+00:00,258.86,258.96,258.66,258.73,284
2026-08-26T18:25:00+00:00,258.73,258.9,258.66,258.69,265
2026-08-26T18:30:00+00:00,258.69,258.93,258.64,258.84,418
2026-08-26T18:35:00+00:00,258.84,258.92,258.71,258.87,328
2026-08-26T18:40:00+00:00,258.87,258.93,258.78,258.92,292
2026-08-26T18:45:00+00:00,258.92,259.13,258.83,258.83,436
2026-08-26T18:50:00+00:00,258.83,259.21,258.82,259.16,348
2026-08-26T18:55:00+00:00,259.16,259.25,258.99,259.17,346
2026-08-26T19:00:00+00:00,259.17,260.06,259.13,260.06,550
2026-08-26T19:05:00+00:00,260.06,260.24,259.9,260,507
2026-08-26T19:10:00+00:00,260,260.02,259.81,259.94,444
2026-08-26T19:15:00+00:00,259.94,260.24,259.9,260.07,441
2026-08-26T19:20:00+00:00,260.07,260.1,259.79,259.97,337
2026-08-26T19:25:00+00:00,259.97,260,259.67,259.71,379
2026-08-26T19:30:00+00:00,259.71,259.82,259.62,259.81,403
2026-08-26T19:35:00+00:00,259.81,260.13,259.74,260.1,365
2026-08-26T19:40:00+00:00,260.1,260.19,259.98,260.19,427
2026-08-26T19:45:00+00:00,260.19,260.23,260,260.11,547
2026-08-26T19:50:00+00:00,260.11,260.23,259.85,260.15,740
2026-08-26T19:55:00+00:00,260.15,260.63,259.73,260.22,1313
2026-08-27T13:30:00+00:00,260.22,260.22,257.49,257.9,742
2026-08-27T13:35:00+00:00,257.9,257.9,255.45,255.81,975
2026-08-27T13:40:00+00:00,255.81,257.72,255.8,257.7,843
2026-08-27T13:45:00+00:00,257.7,258.43,257.18,257.2,1018
2026-08-27T13:50:00+00:00,257.2,257.47,256.94,257.12,683
2026-08-27T13:55:00+00:00,257.12,257.47,256.62,257.31,674
2026-08-27T14:00:00+00:00,257.31,257.31,256.47,257.04,612
2026-08-27T14:05:00+00:00,257.04,257.29,256.69,257.14,531
2026-08-27T14:10:00+00:00,257.14,257.49,257.08,257.19,488
2026-08-27T14:15:00+00:00,257.19,257.57,257,257.02,494
2026-08-27T14:20:00+00:00,257.02,257.32,256.63,257.18,477
2026-08-27T14:25:00+00:00,257.18,257.24,256.8,256.96,413
2026-08-27T14:30:00+00:00,256.96,257.12,256.51,256.7,538
2026-08-27T14:35:00+00:00,256.7,257.14,256.68,256.9,456
2026-08-27T14:40:00+00:00,256.9,257,256.41,256.62,471
2026-08-27T14:45:00+00:00,256.62,256.92,256.51,256.87,465
2026-08-27T14:50:00+00:00,256.87,256.96,256.54,256.66,422
2026-08-27T14:55:00+00:00,256.66,256.75,256.42,256.64,523
2026-08-27T15:00:00+00:00,256.64,256.97,256.41,256.97,434
2026-08-27T15:05:00+00:00,256.97,257.18,256.81,257.04,479
2026-08-27T15:10:00+00:00,257.04,257.21,256.93,257.09,395
2026-08-27T15:15:00+00:00,257.09,257.43,257.04,257.26,414
2026-08-27T15:20:00+00:00,257.26,257.33,256.68,256.71,455
2026-08-27T15:25:00+00:00,256.71,256.73,256.26,256.29,382
2026-08-27T15:30:00+00:00,256.29,256.34,256,256.17,471
2026-08-27T15:35:00+00:00,256.17,256.34,255.76,255.82,430
2026-08-27T15:40:00+00:00,255.82,256.39,255.74,255.96,410
2026-08-27T15:45:00+00:00,255.96,256.27,255.79,255.99,446
2026-08-27T15:50:00+00:00,255.99,256.34,255.98,256.24,428
2026-08-27T15:55:00+00:00,256.24,256.32,256.14,256.23,359
2026-08-27T16:00:00+00:00,256.23,256.31,256.09,256.24,365
2026-08-27T16:05:00+00:00,256.24,256.4,256.18,256.4,334
2026-08-27T16:10:00+00:00,256.4,256.63,256.19,256.35,383
2026-08-27T16:15:00+00:00,256.35,256.52,256.28,256.31,339
2026-08-27T16:20:00+00:00,256.31,256.46,256.03,256.14,380
2026-08-27T16:25:00+00:00,256.14,256.39,256.01,256.32,316
2026-08-27T16:30:00+00:00,256.32,256.41,256.09,256.13,347
2026-08-27T16:35:00+00:00,256.13,256.41,256.01,256.39,324
2026-08-27T16:40:00+00:00,256.39,256.57,256.26,256.42,369
2026-08-27T16:45:00+00:00,256.42,256.61,256.1,256.11,430
2026-08-27T16:50:00+00:00,256.11,256.18,255.78,256,387
2026-08-27T16:55:00+00:00,256,256.19,255.95,256.14,295
2026-08-27T17:00:00+00:00,256.14,256.14,255.83,255.96,347
2026-08-27T17:05:00+00:00,255.96,255.96,255.58,255.73,376
2026-08-27T17:10:00+00:00,255.73,255.9,255.66,255.86,308
2026-08-27T17:15:00+00:00,255.86,255.91,255.43,255.43,335
2026-08-27T17:20:00+00:00,255.43,255.66,255.31,255.56,430
2026-08-27T17:25:00+00:00,255.56,255.8,255.47,255.79,382
2026-08-27T17:30:00+00:00,255.79,255.81,255.56,255.58,361
2026-08-27T17:35:00+00:00,255.58,255.88,255.58,255.83,307
2026-08-27T17:40:00+00:00,255.83,256.26,255.75,256.14,401
2026-08-27T17:45:00+00:00,256.14,256.18,255.73,255.74,368
2026-08-27T17:50:00+00:00,255.74,255.78,255.36,255.6,433
2026-08-27T17:55:00+00:00,255.6,255.78,255.34,255.72,377
2026-08-27T18:00:00+00:00,255.72,255.97,255.14,255.51,445
2026-08-27T18:05:00+00:00,255.51,255.7,255.51,255.65,389
2026-08-27T18:10:00+00:00,255.65,255.69,254.99,254.99,400
2026-08-27T18:15:00+00:00,254.99,255.24,254.99,255.11,439
2026-08-27T18:20:00+00:00,255.11,255.37,255.1,255.22,322
2026-08-27T18:25:00+00:00,255.22,255.23,254.89,254.99,407
2026-08-27T18:30:00+00:00,254.99,255.19,254.97,255.08,315
2026-08-27T18:35:00+00:00,255.08,255.32,255.03,255.32,277
2026-08-27T18:40:00+00:00,255.32,255.49,255.19,255.26,308
2026-08-27T18:45:00+00:00,255.26,255.39,255.06,255.06,295
2026-08-27T18:50:00+00:00,255.06,255.25,255,255.13,302
2026-08-27T18:55:00+00:00,255.13,255.51,255.09,255.4,365
2026-08-27T19:00:00+00:00,255.4,255.56,255.38,255.55,281
2026-08-27T19:05:00+00:00,255.55,255.7,255.39,255.54,294
2026-08-27T19:10:00+00:00,255.54,255.63,255.49,255.52,252
2026-08-27T19:15:00+00:00,255.52,255.75,255.5,255.65,271
2026-08-27T19:20:00+00:00,255.65,255.95,255.58,255.83,305
2026-08-27T19:25:00+00:00,255.83,255.85,255.53,255.6,379
2026-08-27T19:30:00+00:00,255.6,255.88,255.58,255.85,319
2026-08-27T19:35:00+00:00,255.85,256.09,255.82,256.05,289
2026-08-27T19:40:00+00:00,256.05,256.74,255.98,256.71,352
2026-08-27T19:45:00+00:00,256.71,256.92,256.61,256.84,458
2026-08-27T19:50:00+00:00,256.84,256.92,256.49,256.64,704
2026-08-27T19:55:00+00:00,256.64,256.67,255.88,255.98,1078
2026-08-28T13:30:00+00:00,255.98,259.31,255.98,258.44,763
2026-08-28T13:35:00+00:00,258.44,258.61,258.03,258.23,621
2026-08-28T13:40:00+00:00,258.23,259.32,257.97,259.28,561
2026-08-28T13:45:00+00:00,259.28,259.59,258.63,259.02,684
2026-08-28T13:50:00+00:00,259.02,259.62,258.65,259.05,738
2026-08-28T13:55:00+00:00,259.05,259.3,258.78,259.15,485
2026-08-28T14:00:00+00:00,259.15,260.09,258.8,259.65,868
2026-08-28T14:05:00+00:00,259.65,260.1,259.43,259.51,655
2026-08-28T14:10:00+00:00,259.51,259.97,259,259.19,535
2026-08-28T14:15:00+00:00,259.19,260.42,259.08,260.26,650
2026-08-28T14:20:00+00:00,260.26,261.77,260.25,260.88,828
2026-08-28T14:25:00+00:00,260.88,261.03,259.99,260.7,611
2026-08-28T14:30:00+00:00,260.7,261.16,260.51,260.65,604
2026-08-28T14:35:00+00:00,260.65,262,260.51,261.98,683
2026-08-28T14:40:00+00:00,261.98,263.33,261.87,263.24,725
2026-08-28T14:45:00+00:00,263.24,264.5,263.19,264.27,945
2026-08-28T14:50:00+00:00,264.27,264.92,264.15,264.53,853
2026-08-28T14:55:00+00:00,264.53,265.26,264.24,265.1,808
2026-08-28T15:00:00+00:00,265.1,266.26,264.96,266.21,946
2026-08-28T15:05:00+00:00,266.21,266.95,265.52,265.73,1018
2026-08-28T15:10:00+00:00,265.73,265.88,265.27,265.65,717
2026-08-28T15:15:00+00:00,265.65,266.43,265.6,265.6,564
2026-08-28T15:20:00+00:00,265.6,266.8,265.6,266.69,577
2026-08-28T15:25:00+00:00,266.69,267.1,266.27,266.58,632
2026-08-28T15:30:00+00:00,266.58,267.02,266.53,266.77,539
2026-08-28T15:35:00+00:00,266.77,267.22,266.68,267.06,470
2026-08-28T15:40:00+00:00,267.06,267.4,266.44,266.49,713
2026-08-28T15:45:00+00:00,266.49,266.64,265.73,265.89,733
2026-08-28T15:50:00+00:00,265.89,266.08,265.1,265.62,747
2026-08-28T15:55:00+00:00,265.62,265.77,264.9,265.21,744
2026-08-28T16:00:00+00:00,265.21,265.76,264.99,265.48,713
2026-08-28T16:05:00+00:00,265.48,266.14,265.43,265.92,508
2026-08-28T16:10:00+00:00,265.92,266.77,265.81,266.6,616
2026-08-28T16:15:00+00:00,266.6,266.82,265.83,266.05,580
2026-08-28T16:20:00+00:00,266.05,266.17,264.59,264.83,664
2026-08-28T16:25:00+00:00,264.83,265.9,264.59,265.72,640
2026-08-28T16:30:00+00:00,265.72,266.24,265.65,265.79,474
2026-08-28T16:35:00+00:00,265.79,266.23,265.63,265.84,433
2026-08-28T16:40:00+00:00,265.84,265.95,265.21,265.36,436
2026-08-28T16:45:00+00:00,265.36,266.02,265.35,265.8,401
2026-08-28T16:50:00+00:00,265.8,265.81,265.18,265.31,379
2026-08-28T16:55:00+00:00,265.31,265.38,264.99,265.03,341
2026-08-28T17:00:00+00:00,265.03,265.07,264.69,264.74,435
2026-08-28T17:05:00+00:00,264.74,265.01,264.38,264.43,458
2026-08-28T17:10:00+00:00,264.43,265.41,264.26,265.35,478
2026-08-28T17:15:00+00:00,265.35,265.43,265.03,265.23,382
2026-08-28T17:20:00+00:00,265.23,265.37,264.92,265.2,377
2026-08-28T17:25:00+00:00,265.2,265.34,265,265.08,342
2026-08-28T17:30:00+00:00,265.08,265.2,264.98,265.14,319
2026-08-28T17:35:00+00:00,265.14,265.16,264.73,264.78,337
2026-08-28T17:40:00+00:00,264.78,265.1,264.68,264.98,300
2026-08-28T17:45:00+00:00,264.98,265.42,264.84,265.16,347
2026-08-28T17:50:00+00:00,265.16,265.3,265.03,265.19,290
2026-08-28T17:55:00+00:00,265.19,265.38,264.88,265.29,408
2026-08-28T18:00:00+00:00,265.29,265.31,264.83,264.83,328
2026-08-28T18:05:00+00:00,264.83,265.02,264.68,264.96,346
2026-08-28T18:10:00+00:00,264.96,265.2,264.87,264.94,347
2026-08-28T18:15:00+00:00,264.94,265.07,264.8,264.87,231
2026-08-28T18:20:00+00:00,264.87,265.49,264.87,265.3,323
2026-08-28T18:25:00+00:00,265.3,265.36,264.98,265.11,357
2026-08-28T18:30:00+00:00,265.11,265.38,264.88,265.03,418
2026-08-28T18:35:00+00:00,265.03,265.18,264.98,265.06,308
2026-08-28T18:40:00+00:00,265.06,265.65,265.04,265.55,408
2026-08-28T18:45:00+00:00,265.55,265.71,264.96,265.06,542
2026-08-28T18:50:00+00:00,265.06,265.25,264.69,264.77,569
2026-08-28T18:55:00+00:00,264.77,265.06,264.63,264.99,376
2026-08-28T19:00:00+00:00,264.99,265.14,264.81,265,291
2026-08-28T19:05:00+00:00,265,265.3,264.86,265.29,341
2026-08-28T19:10:00+00:00,265.29,265.33,265.08,265.29,387
2026-08-28T19:15:00+00:00,265.29,265.3,264.86,264.89,442
2026-08-28T19:20:00+00:00,264.89,265.3,264.88,265.22,377
2026-08-28T19:25:00+00:00,265.22,265.9,265.16,265.86,393
2026-08-28T19:30:00+00:00,265.86,265.97,265.57,265.78,469
2026-08-28T19:35:00+00:00,265.78,265.98,265.63,265.91,334
2026-08-28T19:40:00+00:00,265.91,266.35,265.87,266.13,461
2026-08-28T19:45:00+00:00,266.13,266.2,265.62,265.9,671
2026-08-28T19:50:00+00:00,265.9,266.42,265.84,266,711
2026-08-28T19:55:00+00:00,266,266.59,265.94,266.3,967
2026-08-31T13:30:00+00:00,266.3,266.3,261.77,261.79,820
2026-08-31T13:35:00+00:00,261.79,262.34,261.43,261.83,924
2026-08-31T13:40:00+00:00,261.83,262.02,261.14,261.37,707
2026-08-31T13:45:00+00:00,261.37,261.94,261.1,261.66,773
2026-08-31T13:50:00+00:00,261.66,262.25,261.52,262.06,695
2026-08-31T13:55:00+00:00,262.06,262.14,260.93,261.09,636
2026-08-31T14:00:00+00:00,261.09,261.09,260.23,260.79,800
2026-08-31T14:05:00+00:00,260.79,261.13,260.26,260.48,579
2026-08-31T14:10:00+00:00,260.48,260.53,259.92,260,623
2026-08-31T14:15:00+00:00,260,260.22,259.8,260.19,575
2026-08-31T14:20:00+00:00,260.19,260.22,259.58,259.63,616
2026-08-31T14:25:00+00:00,259.63,260,259.58,259.91,639
2026-08-31T14:30:00+00:00,259.91,260.19,259.73,259.96,470
2026-08-31T14:35:00+00:00,259.96,260.25,259.78,260.17,477
2026-08-31T14:40:00+00:00,260.17,260.27,259.9,260.12,312
2026-08-31T14:45:00+00:00,260.12,260.23,259.74,259.76,415
2026-08-31T14:50:00+00:00,259.76,260.56,259.62,260.47,492
2026-08-31T14:55:00+00:00,260.47,260.83,260.29,260.74,556
2026-08-31T15:00:00+00:00,260.74,261.08,260.68,261.06,527
2026-08-31T15:05:00+00:00,261.06,261.35,260.93,261.29,480
2026-08-31T15:10:00+00:00,261.29,261.65,261.2,261.54,470
2026-08-31T15:15:00+00:00,261.54,261.69,261.09,261.37,425
2026-08-31T15:20:00+00:00,261.37,261.51,261.13,261.51,363
2026-08-31T15:25:00+00:00,261.51,261.57,261.35,261.37,393
2026-08-31T15:30:00+00:00,261.37,261.43,260.71,260.81,457
2026-08-31T15:35:00+00:00,260.81,261.07,260.8,260.95,287
2026-08-31T15:40:00+00:00,260.95,261.06,260.83,260.9,308
2026-08-31T15:45:00+00:00,260.9,261.04,260.73,260.79,298
2026-08-31T15:50:00+00:00,260.79,261.32,260.79,261.26,352
2026-08-31T15:55:00+00:00,261.26,261.38,260.71,260.81,407
2026-08-31T16:00:00+00:00,260.81,260.83,260.58,260.66,419
2026-08-31T16:05:00+00:00,260.66,260.93,260.51,260.93,340
2026-08-31T16:10:00+00:00,260.93,261.15,260.87,261.1,373
2026-08-31T16:15:00+00:00,261.1,261.22,260.79,260.9,306
2026-08-31T16:20:00+00:00,260.9,260.95,260.67,260.84,293
2026-08-31T16:25:00+00:00,260.84,260.99,260.73,260.79,273
2026-08-31T16:30:00+00:00,260.79,260.87,260.56,260.73,352
2026-08-31T16:35:00+00:00,260.73,260.83,260.55,260.55,248
2026-08-31T16:40:00+00:00,260.55,260.85,260.53,260.76,328
2026-08-31T16:45:00+00:00,260.76,261.33,260.75,261.16,294
2026-08-31T16:50:00+00:00,261.16,261.23,260.98,261.09,252
2026-08-31T16:55:00+00:00,261.09,261.27,260.98,261.18,233
2026-08-31T17:00:00+00:00,261.18,261.53,261.04,261.25,351
2026-08-31T17:05:00+00:00,261.25,261.37,260.88,260.94,223
2026-08-31T17:10:00+00:00,260.94,261.31,260.92,261.3,238
2026-08-31T17:15:00+00:00,261.3,261.37,261.01,261.16,245
2026-08-31T17:20:00+00:00,261.16,261.16,261.01,261.01,179
2026-08-31T17:25:00+00:00,261.01,261.06,260.6,260.65,254
2026-08-31T17:30:00+00:00,260.65,260.74,260.51,260.52,281
2026-08-31T17:35:00+00:00,260.52,260.75,260.5,260.7,342
2026-08-31T17:40:00+00:00,260.7,260.94,260.64,260.91,186
2026-08-31T17:45:00+00:00,260.91,261.09,260.78,260.99,241
2026-08-31T17:50:00+00:00,260.99,261.26,260.96,261.14,281
2026-08-31T17:55:00+00:00,261.14,261.19,260.84,260.96,271
2026-08-31T18:00:00+00:00,260.96,260.96,256.99,259.29,1394
2026-08-31T18:05:00+00:00,259.29,259.38,257.99,258.84,689
2026-08-31T18:10:00+00:00,258.84,258.88,257.94,258.17,572
2026-08-31T18:15:00+00:00,258.17,258.6,257.98,258.34,563
2026-08-31T18:20:00+00:00,258.34,258.41,257.63,257.63,487
2026-08-31T18:25:00+00:00,257.63,257.78,257.27,257.68,535
2026-08-31T18:30:00+00:00,257.68,258.02,257.56,257.63,452
2026-08-31T18:35:00+00:00,257.63,257.8,257.3,257.64,473
2026-08-31T18:40:00+00:00,257.64,257.85,257.25,257.45,543
2026-08-31T18:45:00+00:00,257.45,258.42,257.41,258.28,511
2026-08-31T18:50:00+00:00,258.28,258.52,258.12,258.36,422
2026-08-31T18:55:00+00:00,258.36,258.53,258.05,258.51,353
2026-08-31T19:00:00+00:00,258.51,258.67,258.4,258.43,355
2026-08-31T19:05:00+00:00,258.43,258.63,258.18,258.53,394
2026-08-31T19:10:00+00:00,258.53,258.73,258.53,258.6,357
2026-08-31T19:15:00+00:00,258.6,259.05,258.58,258.98,432
2026-08-31T19:20:00+00:00,258.98,259.03,258.69,258.86,485
2026-08-31T19:25:00+00:00,258.86,258.91,258.63,258.86,394
2026-08-31T19:30:00+00:00,258.86,259.18,258.78,259.15,440
2026-08-31T19:35:00+00:00,259.15,259.35,258.99,259.21,409
2026-08-31T19:40:00+00:00,259.21,259.35,259.06,259.1,521
2026-08-31T19:45:00+00:00,259.1,259.51,258.98,259.32,549
2026-08-31T19:50:00+00:00,259.32,261.06,259.32,260.04,1126
2026-08-31T19:55:00+00:00,260.04,260.7,259.4,259.96,1594
2026-09-01T13:30:00+00:00,259.96,259.96,251.82,254.87,1173
2026-09-01T13:35:00+00:00,254.87,255.37,254.62,254.72,894
2026-09-01T13:40:00+00:00,254.72,255.49,254.16,254.81,847
2026-09-01T13:45:00+00:00,254.81,255.43,254.74,255.43,686
2026-09-01T13:50:00+00:00,255.43,255.66,254.8,254.88,558
2026-09-01T13:55:00+00:00,254.88,255.09,253.68,253.8,762
2026-09-01T14:00:00+00:00,253.8,253.98,253.43,253.71,848
2026-09-01T14:05:00+00:00,253.71,253.97,253.53,253.81,637
2026-09-01T14:10:00+00:00,253.81,253.97,253.53,253.77,588
2026-09-01T14:15:00+00:00,253.77,254.17,253.77,253.95,556
2026-09-01T14:20:00+00:00,253.95,254.3,253.8,254,540
2026-09-01T14:25:00+00:00,254,254.45,253.97,254.37,515
2026-09-01T14:30:00+00:00,254.37,254.75,254.29,254.6,643
2026-09-01T14:35:00+00:00,254.6,255.01,254.43,254.88,483
2026-09-01T14:40:00+00:00,254.88,255.16,254.51,254.59,423
2026-09-01T14:45:00+00:00,254.59,254.75,254.07,254.07,502
2026-09-01T14:50:00+00:00,254.07,254.51,253.96,254.42,602
2026-09-01T14:55:00+00:00,254.42,254.6,254.14,254.3,479
2026-09-01T15:00:00+00:00,254.3,254.46,253.96,254.06,419
2026-09-01T15:05:00+00:00,254.06,254.16,253.83,253.99,468
2026-09-01T15:10:00+00:00,253.99,254.79,253.93,254.53,475
2026-09-01T15:15:00+00:00,254.53,255.19,254.5,254.95,518
2026-09-01T15:20:00+00:00,254.95,255.07,254.38,254.44,417
2026-09-01T15:25:00+00:00,254.44,255.02,254.33,254.74,414
2026-09-01T15:30:00+00:00,254.74,255.07,254.64,254.71,428
2026-09-01T15:35:00+00:00,254.71,255.18,254.7,255.01,385
2026-09-01T15:40:00+00:00,255.01,255.19,254.77,254.83,385
2026-09-01T15:45:00+00:00,254.83,255.2,254.78,255.08,377
2026-09-01T15:50:00+00:00,255.08,255.39,254.98,255.28,421
2026-09-01T15:55:00+00:00,255.28,255.38,255.08,255.29,392
2026-09-01T16:00:00+00:00,255.29,255.32,255.11,255.27,370
2026-09-01T16:05:00+00:00,255.27,255.31,254.58,254.59,382
2026-09-01T16:10:00+00:00,254.59,254.71,254.48,254.49,385
2026-09-01T16:15:00+00:00,254.49,254.49,254,254.01,520
2026-09-01T16:20:00+00:00,254.01,254.53,253.88,254.43,557
2026-09-01T16:25:00+00:00,254.43,254.49,254.08,254.19,545
2026-09-01T16:30:00+00:00,254.19,254.56,253.99,254.4,562
2026-09-01T16:35:00+00:00,254.4,254.65,254.27,254.63,394
2026-09-01T16:40:00+00:00,254.63,254.64,254.18,254.18,330
2026-09-01T16:45:00+00:00,254.18,254.46,254.18,254.36,355
2026-09-01T16:50:00+00:00,254.36,254.41,254.15,254.16,262
2026-09-01T16:55:00+00:00,254.16,254.56,254.14,254.48,304
2026-09-01T17:00:00+00:00,254.48,254.49,254.13,254.2,338
2026-09-01T17:05:00+00:00,254.2,254.4,254.16,254.32,284
2026-09-01T17:10:00+00:00,254.32,254.64,254.3,254.39,340
2026-09-01T17:15:00+00:00,254.39,254.54,254.16,254.21,350
2026-09-01T17:20:00+00:00,254.21,254.31,254.09,254.25,324
2026-09-01T17:25:00+00:00,254.25,254.34,253.82,254.19,479
2026-09-01T17:30:00+00:00,254.19,254.39,254.13,254.34,311
2026-09-01T17:35:00+00:00,254.34,254.55,254.26,254.29,343
2026-09-01T17:40:00+00:00,254.29,254.4,254.18,254.37,279
2026-09-01T17:45:00+00:00,254.37,254.38,254.09,254.1,231
2026-09-01T17:50:00+00:00,254.1,254.47,254.08,254.45,330
2026-09-01T17:55:00+00:00,254.45,254.6,254.29,254.47,333
2026-09-01T18:00:00+00:00,254.47,254.61,254.07,254.26,462
2026-09-01T18:05:00+00:00,254.26,254.42,254.01,254.41,344
2026-09-01T18:10:00+00:00,254.41,254.72,254.34,254.58,415
2026-09-01T18:15:00+00:00,254.58,255.16,254.52,254.98,432
2026-09-01T18:20:00+00:00,254.98,255.25,254.88,255.19,324
2026-09-01T18:25:00+00:00,255.19,255.28,254.63,254.73,440
2026-09-01T18:30:00+00:00,254.73,254.86,254.59,254.66,382
2026-09-01T18:35:00+00:00,254.66,254.7,254.39,254.56,373
2026-09-01T18:40:00+00:00,254.56,254.58,254.16,254.21,358
2026-09-01T18:45:00+00:00,254.21,254.26,253.82,253.93,550
2026-09-01T18:50:00+00:00,253.93,254,253.81,253.87,385
2026-09-01T18:55:00+00:00,253.87,254.07,253.82,253.95,388
2026-09-01T19:00:00+00:00,253.95,254.15,253.91,254.08,347
2026-09-01T19:05:00+00:00,254.08,254.22,253.91,253.91,371
2026-09-01T19:10:00+00:00,253.91,254.21,253.91,254.17,341
2026-09-01T19:15:00+00:00,254.17,254.47,254.12,254.36,409
2026-09-01T19:20:00+00:00,254.36,254.36,254.08,254.08,398
2026-09-01T19:25:00+00:00,254.08,254.17,253.93,254.02,270
2026-09-01T19:30:00+00:00,254.02,254.12,253.76,253.95,360
2026-09-01T19:35:00+00:00,253.95,254.1,253.88,253.99,389
2026-09-01T19:40:00+00:00,253.99,254.17,253.92,254.14,356
2026-09-01T19:45:00+00:00,254.14,254.43,254.04,254.34,342
2026-09-01T19:50:00+00:00,254.34,254.36,253.99,254.06,618
2026-09-01T19:55:00+00:00,254.06,254.86,254.06,254.82,902
2026-09-02T13:30:00+00:00,254.82,254.82,252.89,253.75,771
2026-09-02T13:35:00+00:00,253.75,254.36,253.48,254.08,543
2026-09-02T13:40:00+00:00,254.08,254.54,254.05,254.1,522
2026-09-02T13:45:00+00:00,254.1,255.14,253.88,254.61,705
2026-09-02T13:50:00+00:00,254.61,255.43,254.38,255.28,669
2026-09-02T13:55:00+00:00,255.28,255.39,254.88,255.06,558
2026-09-02T14:00:00+00:00,255.06,255.24,254.48,255.12,634
2026-09-02T14:05:00+00:00,255.12,255.68,255.01,255.51,596
2026-09-02T14:10:00+00:00,255.51,255.81,255.04,255.41,669
2026-09-02T14:15:00+00:00,255.41,255.77,254.94,255.24,691
2026-09-02T14:20:00+00:00,255.24,255.79,255.05,255.56,519
2026-09-02T14:25:00+00:00,255.56,256.08,255.5,255.94,550
2026-09-02T14:30:00+00:00,255.94,255.94,255.09,255.44,571
2026-09-02T14:35:00+00:00,255.44,255.5,254.73,254.87,576
2026-09-02T14:40:00+00:00,254.87,255.47,254.8,255.2,492
2026-09-02T14:45:00+00:00,255.2,255.67,255.09,255.52,499
2026-09-02T14:50:00+00:00,255.52,255.57,254.93,255.11,415
2026-09-02T14:55:00+00:00,255.11,255.42,255.09,255.19,345
2026-09-02T15:00:00+00:00,255.22,255.59,254.96,255.49,493
2026-09-02T15:05:00+00:00,255.49,255.72,255.1,255.1,476
2026-09-02T15:10:00+00:00,255.1,255.34,254.89,254.99,441
2026-09-02T15:15:00+00:00,254.99,255.05,254.63,254.89,433
2026-09-02T15:20:00+00:00,254.89,254.99,254.79,254.94,454
2026-09-02T15:25:00+00:00,254.94,255.24,254.9,255.17,462
2026-09-02T15:30:00+00:00,255.17,255.27,255.06,255.14,362
2026-09-02T15:35:00+00:00,255.14,255.28,254.72,254.84,403
2026-09-02T15:40:00+00:00,254.84,254.99,254.58,254.65,506
2026-09-02T15:45:00+00:00,254.65,254.65,254.29,254.41,450
2026-09-02T15:50:00+00:00,254.41,254.65,254.33,254.46,354
2026-09-02T15:55:00+00:00,254.46,254.9,254.36,254.83,330
2026-09-02T16:00:00+00:00,254.83,255,254.73,254.98,375
2026-09-02T16:05:00+00:00,254.98,255,254.45,254.52,302
2026-09-02T16:10:00+00:00,254.52,254.88,254.52,254.81,366
2026-09-02T16:15:00+00:00,254.81,254.94,254.56,254.73,343
2026-09-02T16:20:00+00:00,254.73,254.77,254.38,254.59,411
2026-09-02T16:25:00+00:00,254.59,254.75,254.5,254.73,350
2026-09-02T16:30:00+00:00,254.73,254.84,254.52,254.68,407
2026-09-02T16:35:00+00:00,254.68,254.93,254.63,254.9,302
2026-09-02T16:40:00+00:00,254.9,254.93,254.78,254.8,311
2026-09-02T16:45:00+00:00,254.8,255.06,254.78,254.92,327
2026-09-02T16:50:00+00:00,254.92,255.47,254.82,255.44,390
2026-09-02T16:55:00+00:00,255.44,255.46,254.89,254.89,352
2026-09-02T17:00:00+00:00,254.89,255.1,254.89,254.91,343
2026-09-02T17:05:00+00:00,254.91,255.01,254.1,254.4,494
2026-09-02T17:10:00+00:00,254.4,254.62,254.25,254.46,343
2026-09-02T17:15:00+00:00,254.46,254.55,254.21,254.53,383
2026-09-02T17:20:00+00:00,254.53,254.76,254.46,254.61,357
2026-09-02T17:25:00+00:00,254.61,254.82,254.56,254.67,310
2026-09-02T17:30:00+00:00,254.67,254.67,254.25,254.29,344
2026-09-02T17:35:00+00:00,254.29,254.53,254.25,254.44,306
2026-09-02T17:40:00+00:00,254.44,254.63,254.33,254.6,310
2026-09-02T17:45:00+00:00,254.6,254.78,254.53,254.72,337
2026-09-02T17:50:00+00:00,254.72,254.88,254.62,254.71,261
2026-09-02T17:55:00+00:00,254.71,254.98,254.68,254.88,287
2026-09-02T18:00:00+00:00,254.88,254.9,254.55,254.76,351
2026-09-02T18:05:00+00:00,254.76,254.88,254.65,254.7,278
2026-09-02T18:10:00+00:00,254.7,254.73,254.53,254.63,226
2026-09-02T18:15:00+00:00,254.63,255.21,254.6,254.81,384
2026-09-02T18:20:00+00:00,254.81,254.95,254.68,254.75,407
2026-09-02T18:25:00+00:00,254.75,254.8,254.5,254.66,280
2026-09-02T18:30:00+00:00,254.66,254.75,254.43,254.46,330
2026-09-02T18:35:00+00:00,254.46,254.66,254.28,254.65,352
2026-09-02T18:40:00+00:00,254.65,254.9,254.63,254.79,375
2026-09-02T18:45:00+00:00,254.79,254.91,254.49,254.87,388
2026-09-02T18:50:00+00:00,254.87,255.19,254.87,255.04,347
2026-09-02T18:55:00+00:00,255.04,255.14,254.84,255.02,310
2026-09-02T19:00:00+00:00,255.02,255.12,254.88,254.95,299
2026-09-02T19:05:00+00:00,254.95,255.19,254.92,255.19,272
2026-09-02T19:10:00+00:00,255.19,255.26,255.02,255.15,277
2026-09-02T19:15:00+00:00,255.15,255.39,255.11,255.3,272
2026-09-02T19:20:00+00:00,255.3,255.3,254.88,255.08,326
2026-09-02T19:25:00+00:00,255.08,255.15,254.92,254.99,322
2026-09-02T19:30:00+00:00,254.99,255.03,254.58,254.65,375
2026-09-02T19:35:00+00:00,254.65,255.05,254.65,254.8,343
2026-09-02T19:40:00+00:00,254.8,255.07,254.68,255.03,359
2026-09-02T19:45:00+00:00,255.03,255.12,254.88,254.98,361
2026-09-02T19:50:00+00:00,254.98,255.15,254.76,254.76,509
2026-09-02T19:55:00+00:00,254.76,254.87,254.39,254.76,989
2026-09-03T13:30:00+00:00,254.76,257.78,254.76,257.59,919
2026-09-03T13:35:00+00:00,257.59,258.82,257.18,258.61,972
2026-09-03T13:40:00+00:00,258.61,259.25,258.09,258.97,907
2026-09-03T13:45:00+00:00,258.97,259.04,258.12,258.4,768
2026-09-03T13:50:00+00:00,258.4,258.77,257.63,257.9,675
2026-09-03T13:55:00+00:00,257.9,258.1,257.49,257.7,576
2026-09-03T14:00:00+00:00,257.7,258.19,257.16,257.73,675
2026-09-03T14:05:00+00:00,257.73,258.1,257.14,257.23,684
2026-09-03T14:10:00+00:00,257.23,257.38,256.89,257.31,580
2026-09-03T14:15:00+00:00,257.31,257.75,257.12,257.12,589
2026-09-03T14:20:00+00:00,257.12,257.34,256.78,257.05,710
2026-09-03T14:25:00+00:00,257.05,257.67,256.81,257.53,525
2026-09-03T14:30:00+00:00,257.53,258.05,257.52,257.62,586
2026-09-03T14:35:00+00:00,257.62,257.92,257.19,257.23,500
2026-09-03T14:40:00+00:00,257.23,257.76,256.99,257.44,598
2026-09-03T14:45:00+00:00,257.44,257.47,256.9,257.33,533
2026-09-03T14:50:00+00:00,257.33,257.33,256.29,256.58,588
2026-09-03T14:55:00+00:00,256.58,256.62,255.94,256.44,805
2026-09-03T15:00:00+00:00,256.44,257.5,256.28,257.43,596
2026-09-03T15:05:00+00:00,257.43,257.89,257.32,257.74,547
2026-09-03T15:10:00+00:00,257.74,257.85,257.52,257.7,465
2026-09-03T15:15:00+00:00,257.7,258.26,257.52,258.13,669
2026-09-03T15:20:00+00:00,258.13,258.75,257.93,258.48,551
2026-09-03T15:25:00+00:00,258.48,258.62,258.09,258.62,576
2026-09-03T15:30:00+00:00,258.62,259.02,258.38,258.91,665
2026-09-03T15:35:00+00:00,258.91,259.2,258.88,258.99,525
2026-09-03T15:40:00+00:00,258.99,259.1,258.71,258.73,484
2026-09-03T15:45:00+00:00,258.73,259.08,258.71,258.78,453
2026-09-03T15:50:00+00:00,258.78,259.09,258.64,258.86,362
2026-09-03T15:55:00+00:00,258.86,258.94,258.54,258.94,421
2026-09-03T16:00:00+00:00,258.94,259.05,258.67,258.83,474
2026-09-03T16:05:00+00:00,258.83,259.02,258.78,258.85,387
2026-09-03T16:10:00+00:00,258.85,259.1,258.8,258.94,432
2026-09-03T16:15:00+00:00,258.94,259.06,258.54,258.63,387
2026-09-03T16:20:00+00:00,258.63,258.8,258.26,258.43,410
2026-09-03T16:25:00+00:00,258.43,258.45,258.08,258.41,403
2026-09-03T16:30:00+00:00,258.41,258.51,258.23,258.4,407
2026-09-03T16:35:00+00:00,258.4,258.68,258.23,258.59,432
2026-09-03T16:40:00+00:00,258.59,258.77,258.34,258.36,372
2026-09-03T16:45:00+00:00,258.36,258.5,258.28,258.4,329
2026-09-03T16:50:00+00:00,258.4,258.44,257.66,257.72,379
2026-09-03T16:55:00+00:00,257.72,258.3,257.63,258.25,466
2026-09-03T17:00:00+00:00,258.25,258.5,258.12,258.31,484
2026-09-03T17:05:00+00:00,258.31,258.48,258.09,258.09,208
2026-09-03T17:10:00+00:00,258.09,258.31,258.02,258.21,297
2026-09-03T17:15:00+00:00,258.21,258.39,258.18,258.29,203
2026-09-03T17:20:00+00:00,258.29,258.47,258.21,258.36,262
2026-09-03T17:25:00+00:00,258.36,258.55,258.24,258.48,299
2026-09-03T17:30:00+00:00,258.48,258.68,258.14,258.18,344
2026-09-03T17:35:00+00:00,258.18,258.52,258.16,258.36,311
2026-09-03T17:40:00+00:00,258.36,258.5,258.17,258.24,283
2026-09-03T17:45:00+00:00,258.24,258.29,258.05,258.14,237
2026-09-03T17:50:00+00:00,258.14,258.24,258,258.1,535
2026-09-03T17:55:00+00:00,258.1,258.2,257.91,257.99,259
2026-09-03T18:00:00+00:00,257.99,258.44,257.99,258.4,332
2026-09-03T18:05:00+00:00,258.4,259.25,258.39,259.18,380
2026-09-03T18:10:00+00:00,259.18,259.33,259.03,259.08,296
2026-09-03T18:15:00+00:00,259.08,259.25,258.75,258.88,305
2026-09-03T18:20:00+00:00,258.88,258.98,258.73,258.84,208
2026-09-03T18:25:00+00:00,258.84,259.34,258.83,259.25,261
2026-09-03T18:30:00+00:00,259.25,259.39,259.06,259.16,300
2026-09-03T18:35:00+00:00,259.16,259.17,258.59,258.71,302
2026-09-03T18:40:00+00:00,258.71,258.76,258.43,258.54,261
2026-09-03T18:45:00+00:00,258.54,258.74,258.48,258.6,271
2026-09-03T18:50:00+00:00,258.6,258.71,258.47,258.53,269
2026-09-03T18:55:00+00:00,258.53,258.97,258.33,258.84,234
2026-09-03T19:00:00+00:00,258.84,258.94,258.48,258.57,289
2026-09-03T19:05:00+00:00,258.57,258.77,258.48,258.68,263
2026-09-03T19:10:00+00:00,258.68,258.75,258.48,258.51,287
2026-09-03T19:15:00+00:00,258.51,258.76,258.47,258.73,241
2026-09-03T19:20:00+00:00,258.73,258.78,258.28,258.37,381
2026-09-03T19:25:00+00:00,258.37,258.6,258.29,258.52,294
2026-09-03T19:30:00+00:00,258.52,258.7,258.32,258.35,342
2026-09-03T19:35:00+00:00,258.35,258.7,258.28,258.68,259
2026-09-03T19:40:00+00:00,258.68,258.97,258.67,258.77,410
2026-09-03T19:45:00+00:00,258.77,258.98,258.49,258.59,351
2026-09-03T19:50:00+00:00,258.59,258.9,258.48,258.85,485
2026-09-03T19:55:00+00:00,258.85,259.04,258.58,258.78,1090
2026-09-04T13:30:00+00:00,258.78,260.88,258.3,258.71,1852
2026-09-04T13:35:00+00:00,258.71,259.95,258.23,259.78,1467
2026-09-04T13:40:00+00:00,259.78,259.82,258.28,258.34,1103
2026-09-04T13:45:00+00:00,258.34,258.57,257.1,257.3,1122
2026-09-04T13:50:00+00:00,257.3,257.83,256.69,257.77,1098
2026-09-04T13:55:00+00:00,257.77,258.03,257.49,257.75,981
2026-09-04T14:00:00+00:00,257.75,258.34,257.33,258.14,1022
2026-09-04T14:05:00+00:00,258.14,258.36,257.59,257.9,895
2026-09-04T14:10:00+00:00,257.9,258.15,257.7,257.92,860
2026-09-04T14:15:00+00:00,257.92,258.04,257.43,257.5,735
2026-09-04T14:20:00+00:00,257.5,257.72,257.39,257.53,842
2026-09-04T14:25:00+00:00,257.53,257.68,257.18,257.18,723
2026-09-04T14:30:00+00:00,257.18,257.37,256.77,256.93,718
2026-09-04T14:35:00+00:00,256.93,257.11,256.69,257.05,644
2026-09-04T14:40:00+00:00,257.05,257.1,256.8,256.88,741
2026-09-04T14:45:00+00:00,256.88,257.04,256.5,256.56,754
2026-09-04T14:50:00+00:00,256.56,256.59,256.17,256.43,671
2026-09-04T14:55:00+00:00,256.43,256.43,256.06,256.36,783
2026-09-04T15:00:00+00:00,256.35,256.39,255.65,255.79,808
2026-09-04T15:05:00+00:00,255.79,255.81,255.15,255.35,761
2026-09-04T15:10:00+00:00,255.35,255.65,255.22,255.55,645
2026-09-04T15:15:00+00:00,255.55,255.63,255.29,255.37,780
2026-09-04T15:20:00+00:00,255.37,255.95,255.2,255.79,866
2026-09-04T15:25:00+00:00,255.79,255.92,255.69,255.83,643
2026-09-04T15:30:00+00:00,255.83,255.92,255.55,255.55,693
2026-09-04T15:35:00+00:00,255.55,255.95,255.55,255.75,598
2026-09-04T15:40:00+00:00,255.75,255.95,255.7,255.87,384
2026-09-04T15:45:00+00:00,255.87,255.94,255.63,255.9,507
2026-09-04T15:50:00+00:00,255.9,256.11,255.87,256,534
2026-09-04T15:55:00+00:00,256,256.18,255.83,255.91,433
2026-09-04T16:00:00+00:00,255.91,255.99,255.68,255.91,458
2026-09-04T16:05:00+00:00,255.91,256.17,255.78,256.01,546
2026-09-04T16:10:00+00:00,256.01,256.49,255.88,256.46,475
2026-09-04T16:15:00+00:00,256.46,256.81,256.28,256.64,470
2026-09-04T16:20:00+00:00,256.64,256.91,256.63,256.82,433
2026-09-04T16:25:00+00:00,256.82,256.97,256.71,256.92,443
2026-09-04T16:30:00+00:00,256.92,257.23,256.79,257.2,484
2026-09-04T16:35:00+00:00,257.2,257.29,256.95,256.96,401
2026-09-04T16:40:00+00:00,256.96,257.11,256.84,256.97,374
2026-09-04T16:45:00+00:00,256.97,257.15,256.94,256.99,429
2026-09-04T16:50:00+00:00,256.99,257.2,256.9,257.08,308
2026-09-04T16:55:00+00:00,257.08,257.19,257.01,257.11,319
2026-09-04T17:00:00+00:00,257.11,257.17,256.71,256.87,411
2026-09-04T17:05:00+00:00,256.87,257.14,256.87,256.97,407
2026-09-04T17:10:00+00:00,256.97,257.08,256.89,256.94,266
2026-09-04T17:15:00+00:00,256.94,257.02,256.82,256.96,293
2026-09-04T17:20:00+00:00,256.96,257.06,256.77,256.88,341
2026-09-04T17:25:00+00:00,256.88,257.04,256.68,256.73,497
2026-09-04T17:30:00+00:00,256.73,256.9,256.58,256.69,504
2026-09-04T17:35:00+00:00,256.69,256.8,256.56,256.73,480
2026-09-04T17:40:00+00:00,256.73,256.79,256.59,256.74,382
2026-09-04T17:45:00+00:00,256.74,256.98,256.63,256.9,405
2026-09-04T17:50:00+00:00,256.9,257.12,256.79,257.03,321
2026-09-04T17:55:00+00:00,257.03,257.1,256.89,257.03,273
2026-09-04T18:00:00+00:00,257.03,257.3,256.94,257.16,456
2026-09-04T18:05:00+00:00,257.16,257.24,256.99,257.22,412
2026-09-04T18:10:00+00:00,257.22,257.35,257.14,257.28,288
2026-09-04T18:15:00+00:00,257.28,257.37,257.14,257.16,320
2026-09-04T18:20:00+00:00,257.16,257.26,256.99,257.09,408
2026-09-04T18:25:00+00:00,257.09,257.31,256.94,257.17,433
2026-09-04T18:30:00+00:00,257.17,257.34,257.14,257.17,237
2026-09-04T18:35:00+00:00,257.17,257.58,257.15,257.51,373
2026-09-04T18:40:00+00:00,257.51,257.56,257.37,257.45,391
2026-09-04T18:45:00+00:00,257.45,257.63,257.39,257.54,372
2026-09-04T18:50:00+00:00,257.54,257.83,257.49,257.82,245
2026-09-04T18:55:00+00:00,257.82,258.15,257.74,258.07,312
2026-09-04T19:00:00+00:00,258.07,258.12,257.8,257.89,471
2026-09-04T19:05:00+00:00,257.89,258.03,257.78,257.94,331
2026-09-04T19:10:00+00:00,257.94,258.11,257.88,258.03,328
2026-09-04T19:15:00+00:00,258.03,258.1,257.92,257.98,343
2026-09-04T19:20:00+00:00,257.98,258.1,257.97,258.07,312
2026-09-04T19:25:00+00:00,258.07,258.39,258.07,258.3,282
2026-09-04T19:30:00+00:00,258.3,258.44,258.12,258.43,428
2026-09-04T19:35:00+00:00,258.43,258.45,258.21,258.22,290
2026-09-04T19:40:00+00:00,258.22,258.46,258.12,258.34,497
2026-09-04T19:45:00+00:00,258.34,258.93,258.29,258.89,687
2026-09-04T19:50:00+00:00,258.89,258.98,258.33,258.75,646
2026-09-04T19:55:00+00:00,258.75,258.83,258.13,258.36,1346
2026-09-08T13:30:00+00:00,258.36,258.36,254.85,256.76,1327
2026-09-08T13:35:00+00:00,256.76,257.49,256.05,256.46,865
2026-09-08T13:40:00+00:00,256.46,257.39,256.28,257.04,922
2026-09-08T13:45:00+00:00,257.04,257.06,256.15,256.33,704
2026-09-08T13:50:00+00:00,256.33,256.71,255.9,256.24,758
2026-09-08T13:55:00+00:00,256.24,256.48,255.9,256.1,724
2026-09-08T14:00:00+00:00,256.1,256.15,254.73,254.94,815
2026-09-08T14:05:00+00:00,254.94,255.43,254.93,255.06,649
2026-09-08T14:10:00+00:00,255.06,255.08,254.65,254.8,688
2026-09-08T14:15:00+00:00,254.8,255.21,254.8,255.18,615
2026-09-08T14:20:00+00:00,255.18,255.63,255.04,255.2,600
2026-09-08T14:25:00+00:00,255.2,255.31,254.78,255.02,615
2026-09-08T14:30:00+00:00,255.02,255.2,254.89,255.15,821
2026-09-08T14:35:00+00:00,255.15,255.21,254.62,254.9,746
2026-09-08T14:40:00+00:00,254.9,255.36,254.88,255.19,730
2026-09-08T14:45:00+00:00,255.19,256.12,255.1,256.08,786
2026-09-08T14:50:00+00:00,256.08,256.85,256.02,256.44,720
2026-09-08T14:55:00+00:00,256.44,256.78,256.42,256.72,669
2026-09-08T15:00:00+00:00,256.72,257.08,256.61,256.9,717
2026-09-08T15:05:00+00:00,256.9,257.06,256.29,256.46,522
2026-09-08T15:10:00+00:00,256.46,257.02,256.46,257.01,615
2026-09-08T15:15:00+00:00,257.01,257.17,256.62,256.82,844
2026-09-08T15:20:00+00:00,256.82,257.1,256.77,257.08,718
2026-09-08T15:25:00+00:00,257.08,257.33,256.86,257.21,817
2026-09-08T15:30:00+00:00,257.21,257.42,256.76,256.76,624
2026-09-08T15:35:00+00:00,256.76,256.95,256.58,256.87,640
2026-09-08T15:40:00+00:00,256.87,257.06,256.62,256.68,699
2026-09-08T15:45:00+00:00,256.68,256.83,256.32,256.44,726
2026-09-08T15:50:00+00:00,256.44,256.72,256.43,256.64,579
2026-09-08T15:55:00+00:00,256.64,256.72,256.15,256.26,573
2026-09-08T16:00:00+00:00,256.26,256.93,256.09,256.89,729
2026-09-08T16:05:00+00:00,256.89,257.48,256.88,257.07,713
2026-09-08T16:10:00+00:00,257.07,257.2,256.86,257.2,633
2026-09-08T16:15:00+00:00,257.2,257.2,256.82,256.91,651
2026-09-08T16:20:00+00:00,256.91,257.06,256.68,256.8,652
2026-09-08T16:25:00+00:00,256.8,257.09,256.72,256.77,626
2026-09-08T16:30:00+00:00,256.77,257.01,256.72,256.88,636
2026-09-08T16:35:00+00:00,256.88,257,256.81,256.81,523
2026-09-08T16:40:00+00:00,256.81,257.33,256.81,257.32,502
2026-09-08T16:45:00+00:00,257.32,257.37,257.08,257.25,438
2026-09-08T16:50:00+00:00,257.25,257.5,257.11,257.37,723
2026-09-08T16:55:00+00:00,257.37,257.45,256.88,257.08,757
2026-09-08T17:00:00+00:00,257.08,257.82,257,257.8,637
2026-09-08T17:05:00+00:00,257.8,257.86,257.18,257.24,530
2026-09-08T17:10:00+00:00,257.24,257.39,257.03,257.12,457
2026-09-08T17:15:00+00:00,257.12,257.2,256.95,257.09,353
2026-09-08T17:20:00+00:00,257.09,257.18,256.98,257.06,399
2026-09-08T17:25:00+00:00,257.06,257.06,256.74,256.76,386
2026-09-08T17:30:00+00:00,256.76,257.1,256.75,257,407
2026-09-08T17:35:00+00:00,257,257.04,256.81,256.92,458
2026-09-08T17:40:00+00:00,256.92,256.93,256.56,256.57,462
2026-09-08T17:45:00+00:00,256.57,256.8,256.53,256.71,481
2026-09-08T17:50:00+00:00,256.71,256.88,256.67,256.81,418
2026-09-08T17:55:00+00:00,256.81,256.99,256.7,256.82,577
2026-09-08T18:00:00+00:00,256.82,256.99,256.78,256.99,481
2026-09-08T18:05:00+00:00,256.99,257.15,256.96,256.98,394
2026-09-08T18:10:00+00:00,256.98,257.03,256.75,256.89,320
2026-09-08T18:15:00+00:00,256.89,257.03,256.78,256.84,366
2026-09-08T18:20:00+00:00,256.84,256.88,256.63,256.67,431
2026-09-08T18:25:00+00:00,256.67,256.94,256.63,256.93,464
2026-09-08T18:30:00+00:00,256.93,257.11,256.86,257.02,379
2026-09-08T18:35:00+00:00,257.02,257.02,256.74,256.77,416
2026-09-08T18:40:00+00:00,256.77,257.14,256.74,257.01,365
2026-09-08T18:45:00+00:00,257.01,257.23,255.93,256.35,1083
2026-09-08T18:50:00+00:00,256.35,256.89,256.33,256.75,899
2026-09-08T18:55:00+00:00,256.75,256.96,256.58,256.81,587
2026-09-08T19:00:00+00:00,256.81,257.36,256.79,257.25,843
2026-09-08T19:05:00+00:00,257.25,257.27,256.98,257.01,658
2026-09-08T19:10:00+00:00,257.01,257.16,256.72,256.8,540
2026-09-08T19:15:00+00:00,256.8,256.99,256.5,256.96,592
2026-09-08T19:20:00+00:00,256.96,257.11,256.63,256.76,524
2026-09-08T19:25:00+00:00,256.76,257.25,256.71,257.03,566
2026-09-08T19:30:00+00:00,257.03,257.14,256.38,256.68,763
2026-09-08T19:35:00+00:00,256.68,256.78,256.4,256.75,597
2026-09-08T19:40:00+00:00,256.75,256.88,256.62,256.79,610
2026-09-08T19:45:00+00:00,256.79,257.03,256.58,256.95,824
2026-09-08T19:50:00+00:00,256.95,257.02,256.28,256.47,753
2026-09-08T19:55:00+00:00,256.47,257,256.38,256.73,1164
2026-09-09T13:30:00+00:00,256.73,256.73,250.73,252.45,1290
2026-09-09T13:35:00+00:00,252.45,253.14,252.06,253.11,689
2026-09-09T13:40:00+00:00,253.11,253.11,252.03,252.08,710
2026-09-09T13:45:00+00:00,252.08,252.51,251.65,252.25,745
2026-09-09T13:50:00+00:00,252.25,252.98,251.87,252.79,689
2026-09-09T13:55:00+00:00,252.79,252.83,252.29,252.29,621
2026-09-09T14:00:00+00:00,252.29,252.31,251.49,251.95,721
2026-09-09T14:05:00+00:00,251.95,252.05,251.68,251.98,493
2026-09-09T14:10:00+00:00,251.98,252.51,251.87,252.32,496
2026-09-09T14:15:00+00:00,252.32,252.41,251.44,251.88,660
2026-09-09T14:20:00+00:00,251.88,252.06,251.44,251.48,632
2026-09-09T14:25:00+00:00,251.48,252.54,251.39,252.32,587
2026-09-09T14:30:00+00:00,252.32,252.32,251.88,252.04,494
2026-09-09T14:35:00+00:00,252.04,252.07,251.73,251.96,577
2026-09-09T14:40:00+00:00,251.96,252.34,251.91,252.34,452
2026-09-09T14:45:00+00:00,252.34,252.57,251.98,252.14,497
2026-09-09T14:50:00+00:00,252.14,252.24,251.88,252.08,560
2026-09-09T14:55:00+00:00,252.08,252.18,251.5,251.81,517
2026-09-09T15:00:00+00:00,251.65,251.9,251.08,251.1,892
2026-09-09T15:05:00+00:00,251.1,251.45,251.02,251.29,634
2026-09-09T15:10:00+00:00,251.29,251.39,250.82,250.83,650
2026-09-09T15:15:00+00:00,250.83,251.41,250.79,251.35,541
2026-09-09T15:20:00+00:00,251.35,251.47,250.6,250.67,487
2026-09-09T15:25:00+00:00,250.67,250.78,250.53,250.62,513
2026-09-09T15:30:00+00:00,250.62,250.96,250.61,250.93,485
2026-09-09T15:35:00+00:00,250.93,251.35,250.83,251.25,517
2026-09-09T15:40:00+00:00,251.25,251.44,251.04,251.34,494
2026-09-09T15:45:00+00:00,251.34,251.39,251.16,251.33,348
2026-09-09T15:50:00+00:00,251.33,251.84,251.31,251.76,367
2026-09-09T15:55:00+00:00,251.76,251.76,251.3,251.44,351
2026-09-09T16:00:00+00:00,251.44,251.6,251.25,251.39,380
2026-09-09T16:05:00+00:00,251.39,251.62,250.98,250.99,402
2026-09-09T16:10:00+00:00,250.99,251.38,250.98,251.21,349
2026-09-09T16:15:00+00:00,251.21,251.6,251.18,251.51,434
2026-09-09T16:20:00+00:00,251.51,251.7,251.44,251.56,369
2026-09-09T16:25:00+00:00,251.56,251.59,251.18,251.24,399
2026-09-09T16:30:00+00:00,251.24,251.31,250.95,251.09,381
2026-09-09T16:35:00+00:00,251.09,251.26,251.02,251.13,321
2026-09-09T16:40:00+00:00,251.13,251.24,251.06,251.23,265
2026-09-09T16:45:00+00:00,251.23,251.56,251.22,251.45,334
2026-09-09T16:50:00+00:00,251.45,252.02,251.45,251.93,290
2026-09-09T16:55:00+00:00,251.93,251.98,251.6,251.72,284
2026-09-09T17:00:00+00:00,251.72,251.99,251.6,251.77,399
2026-09-09T17:05:00+00:00,251.77,252.07,251.75,251.95,278
2026-09-09T17:10:00+00:00,251.95,252.25,251.94,252.22,322
2026-09-09T17:15:00+00:00,252.22,252.35,252.15,252.2,293
2026-09-09T17:20:00+00:00,252.2,252.44,252.1,252.33,255
2026-09-09T17:25:00+00:00,252.33,252.37,252.08,252.11,284
2026-09-09T17:30:00+00:00,252.11,252.16,252.02,252.1,307
2026-09-09T17:35:00+00:00,252.1,252.23,251.94,252,250
2026-09-09T17:40:00+00:00,252,252.13,251.94,252.07,299
2026-09-09T17:45:00+00:00,252.07,252.19,251.93,252.09,247
2026-09-09T17:50:00+00:00,252.09,252.34,252.03,252.16,240
2026-09-09T17:55:00+00:00,252.16,252.25,252.03,252.16,303
2026-09-09T18:00:00+00:00,252.16,252.22,251.89,251.98,318
2026-09-09T18:05:00+00:00,251.98,252.14,251.98,252.14,249
2026-09-09T18:10:00+00:00,252.14,252.16,251.88,251.98,224
2026-09-09T18:15:00+00:00,251.98,252.15,251.8,251.91,329
2026-09-09T18:20:00+00:00,251.91,252.12,251.89,252.04,322
2026-09-09T18:25:00+00:00,252.04,252.31,251.98,252.3,329
2026-09-09T18:30:00+00:00,252.3,252.32,252.1,252.19,335
2026-09-09T18:35:00+00:00,252.19,252.45,252.07,252.41,234
2026-09-09T18:40:00+00:00,252.41,252.64,252.38,252.51,257
2026-09-09T18:45:00+00:00,252.51,252.53,252.27,252.3,270
2026-09-09T18:50:00+00:00,252.3,252.34,252.04,252.13,323
2026-09-09T18:55:00+00:00,252.13,252.19,252.03,252.1,227
2026-09-09T19:00:00+00:00,252.1,252.17,251.31,251.6,424
2026-09-09T19:05:00+00:00,251.6,251.97,251.58,251.89,260
2026-09-09T19:10:00+00:00,251.89,252.02,251.78,251.83,262
2026-09-09T19:15:00+00:00,251.83,252.32,251.83,252.26,239
2026-09-09T19:20:00+00:00,252.26,252.3,252.11,252.26,282
2026-09-09T19:25:00+00:00,252.26,252.42,252.02,252.08,256
2026-09-09T19:30:00+00:00,252.08,252.12,251.89,252,259
2026-09-09T19:35:00+00:00,252,252.1,251.96,251.98,223
2026-09-09T19:40:00+00:00,251.98,252.16,251.9,252.12,333
2026-09-09T19:45:00+00:00,252.12,252.28,252.01,252.22,361
2026-09-09T19:50:00+00:00,252.22,252.47,251.99,252.35,650
2026-09-09T19:55:00+00:00,252.35,252.37,251.91,252.37,837
2026-09-10T13:30:00+00:00,252.37,252.37,249.46,250.97,861
2026-09-10T13:35:00+00:00,250.97,251.53,250.63,251.4,733
2026-09-10T13:40:00+00:00,251.4,251.4,250.38,250.42,748
2026-09-10T13:45:00+00:00,250.42,251.84,250.4,251.78,838
2026-09-10T13:50:00+00:00,251.78,252.3,251.29,251.65,733
2026-09-10T13:55:00+00:00,251.65,251.69,251.08,251.08,492
2026-09-10T14:00:00+00:00,251.08,251.7,251.08,251.44,536
2026-09-10T14:05:00+00:00,251.44,251.67,251.26,251.3,532
2026-09-10T14:10:00+00:00,251.3,252.31,251.3,252.18,583
2026-09-10T14:15:00+00:00,252.18,252.19,251.59,251.98,537
2026-09-10T14:20:00+00:00,251.98,252.43,251.73,252.14,533
2026-09-10T14:25:00+00:00,252.14,252.27,251.73,251.95,507
2026-09-10T14:30:00+00:00,251.95,252.17,251.72,251.89,590
2026-09-10T14:35:00+00:00,251.89,252.59,251.86,252.57,553
2026-09-10T14:40:00+00:00,252.57,252.67,252.38,252.48,682
2026-09-10T14:45:00+00:00,252.48,252.53,252.18,252.35,593
2026-09-10T14:50:00+00:00,252.35,252.47,252.07,252.39,542
2026-09-10T14:55:00+00:00,252.39,252.68,252.39,252.57,684
2026-09-10T15:00:00+00:00,252.57,252.66,252.14,252.19,660
2026-09-10T15:05:00+00:00,252.19,252.38,252.08,252.22,574
2026-09-10T15:10:00+00:00,252.22,252.82,252.21,252.7,596
2026-09-10T15:15:00+00:00,252.7,252.85,252.46,252.65,550
2026-09-10T15:20:00+00:00,252.65,252.75,252.4,252.69,482
2026-09-10T15:25:00+00:00,252.69,252.76,252.08,252.18,629
2026-09-10T15:30:00+00:00,252.18,252.51,252.14,252.34,524
2026-09-10T15:35:00+00:00,252.34,252.57,252.16,252.28,618
2026-09-10T15:40:00+00:00,252.28,252.45,252.2,252.4,496
2026-09-10T15:45:00+00:00,252.4,252.9,252.35,252.8,551
2026-09-10T15:50:00+00:00,252.8,252.81,252.02,252.03,564
2026-09-10T15:55:00+00:00,252.03,252.39,251.98,252.22,602
2026-09-10T16:00:00+00:00,252.22,252.74,252.19,252.6,515
2026-09-10T16:05:00+00:00,252.6,252.6,252.03,252.17,542
2026-09-10T16:10:00+00:00,252.17,252.5,252.09,252.35,347
2026-09-10T16:15:00+00:00,252.35,252.57,252.24,252.47,428
2026-09-10T16:20:00+00:00,252.47,252.55,252.37,252.39,407
2026-09-10T16:25:00+00:00,252.39,252.49,252.24,252.36,454
2026-09-10T16:30:00+00:00,252.36,252.54,252.14,252.14,525
2026-09-10T16:35:00+00:00,252.14,252.31,252.04,252.26,619
2026-09-10T16:40:00+00:00,252.26,252.55,252.2,252.41,529
2026-09-10T16:45:00+00:00,252.41,252.84,252.41,252.62,518
2026-09-10T16:50:00+00:00,252.62,252.82,252.5,252.81,391
2026-09-10T16:55:00+00:00,252.81,252.89,252.68,252.73,352
2026-09-10T17:00:00+00:00,252.73,252.88,252.52,252.67,500
2026-09-10T17:05:00+00:00,252.67,252.76,252.44,252.46,410
2026-09-10T17:10:00+00:00,252.46,252.69,252.46,252.59,378
2026-09-10T17:15:00+00:00,252.59,252.7,252.45,252.51,421
2026-09-10T17:20:00+00:00,252.51,252.55,252.35,252.41,268
2026-09-10T17:25:00+00:00,252.41,252.43,252.29,252.29,308
2026-09-10T17:30:00+00:00,252.29,252.3,252.08,252.2,382
2026-09-10T17:35:00+00:00,252.2,252.25,251.71,251.72,332
2026-09-10T17:40:00+00:00,251.72,252.19,251.7,252.13,429
2026-09-10T17:45:00+00:00,252.13,252.16,251.95,252.08,378
2026-09-10T17:50:00+00:00,252.08,252.25,252.02,252.03,350
2026-09-10T17:55:00+00:00,252.03,252.17,251.93,251.98,316
2026-09-10T18:00:00+00:00,251.98,252.11,251.82,252.06,344
2026-09-10T18:05:00+00:00,252.06,252.19,251.99,252.06,305
2026-09-10T18:10:00+00:00,252.06,252.16,251.89,251.89,408
2026-09-10T18:15:00+00:00,251.89,251.96,251.72,251.85,293
2026-09-10T18:20:00+00:00,251.85,252.06,251.79,252.02,311
2026-09-10T18:25:00+00:00,252.02,252.04,251.78,251.94,390
2026-09-10T18:30:00+00:00,251.94,251.96,251.73,251.79,374
2026-09-10T18:35:00+00:00,251.79,251.89,251.77,251.86,286
2026-09-10T18:40:00+00:00,251.86,251.92,251.79,251.83,283
2026-09-10T18:45:00+00:00,251.83,252.05,251.76,251.96,304
2026-09-10T18:50:00+00:00,251.96,252.17,251.88,252.08,551
2026-09-10T18:55:00+00:00,252.08,252.12,251.68,251.69,307
2026-09-10T19:00:00+00:00,251.69,251.7,251.3,251.43,507
2026-09-10T19:05:00+00:00,251.43,251.69,251.4,251.65,463
2026-09-10T19:10:00+00:00,251.65,251.89,251.54,251.81,516
2026-09-10T19:15:00+00:00,251.81,251.83,251.34,251.44,455
2026-09-10T19:20:00+00:00,251.44,251.54,251.29,251.42,429
2026-09-10T19:25:00+00:00,251.42,251.5,251.29,251.38,306
2026-09-10T19:30:00+00:00,251.38,251.6,251.34,251.53,359
2026-09-10T19:35:00+00:00,251.53,251.6,251.39,251.43,398
2026-09-10T19:40:00+00:00,251.43,251.5,251.29,251.32,448
2026-09-10T19:45:00+00:00,251.32,251.35,250.84,251.06,427
2026-09-10T19:50:00+00:00,251.06,251.37,250.9,251.25,746
2026-09-10T19:55:00+00:00,251.25,251.94,251.18,251.78,1013
2026-09-11T13:30:00+00:00,251.78,256.28,251.78,255.91,980
2026-09-11T13:35:00+00:00,255.91,256.55,255.67,256.09,873
2026-09-11T13:40:00+00:00,256.09,256.17,255.38,255.79,664
2026-09-11T13:45:00+00:00,255.79,256.52,255.48,255.56,630
2026-09-11T13:50:00+00:00,255.56,256.11,255.48,255.51,567
2026-09-11T13:55:00+00:00,255.51,256.09,255.5,256.02,429
2026-09-11T14:00:00+00:00,256.02,256.51,255.73,256.2,596
2026-09-11T14:05:00+00:00,256.2,256.6,255.92,256.31,478
2026-09-11T14:10:00+00:00,256.31,256.55,255.88,255.89,494
2026-09-11T14:15:00+00:00,255.89,256.56,255.7,256.5,436
2026-09-11T14:20:00+00:00,256.5,256.8,256.09,256.21,438
2026-09-11T14:25:00+00:00,256.21,256.21,255.51,255.59,408
2026-09-11T14:30:00+00:00,255.59,255.59,254.98,255.04,476
2026-09-11T14:35:00+00:00,255.04,255.21,254.89,254.91,419
2026-09-11T14:40:00+00:00,254.91,255.1,254.52,254.83,457
2026-09-11T14:45:00+00:00,254.83,255.16,254.68,254.96,508
2026-09-11T14:50:00+00:00,254.96,255.16,254.93,254.93,432
2026-09-11T14:55:00+00:00,254.93,254.94,254.64,254.75,420
2026-09-11T15:00:00+00:00,254.75,255.19,254.65,255.09,384
2026-09-11T15:05:00+00:00,255.09,255.78,255.07,255.62,503
2026-09-11T15:10:00+00:00,255.62,255.83,255.39,255.81,456
2026-09-11T15:15:00+00:00,255.81,256.34,255.81,256.23,441
2026-09-11T15:20:00+00:00,256.23,256.38,255.9,256.15,480
2026-09-11T15:25:00+00:00,256.15,256.39,255.98,256.17,428
2026-09-11T15:30:00+00:00,256.17,256.24,255.7,255.88,480
2026-09-11T15:35:00+00:00,255.88,255.98,255.62,255.88,520
2026-09-11T15:40:00+00:00,255.88,256.05,255.58,255.68,411
2026-09-11T15:45:00+00:00,255.68,255.68,255.34,255.54,286
2026-09-11T15:50:00+00:00,255.54,255.73,255.42,255.55,271
2026-09-11T15:55:00+00:00,255.55,255.76,255.47,255.57,366
2026-09-11T16:00:00+00:00,255.57,256.07,255.57,255.87,339
2026-09-11T16:05:00+00:00,255.87,256.04,255.78,256.01,352
2026-09-11T16:10:00+00:00,256.01,256.03,255.66,255.71,374
2026-09-11T16:15:00+00:00,255.71,255.83,255.63,255.75,412
2026-09-11T16:20:00+00:00,255.75,255.81,255.46,255.49,359
2026-09-11T16:25:00+00:00,255.49,255.68,255.39,255.41,543
2026-09-11T16:30:00+00:00,255.41,255.8,255.28,255.79,449
2026-09-11T16:35:00+00:00,255.79,255.84,255.49,255.51,492
2026-09-11T16:40:00+00:00,255.51,255.93,255.42,255.9,481
2026-09-11T16:45:00+00:00,255.9,255.92,255.61,255.62,334
2026-09-11T16:50:00+00:00,255.62,255.71,255.42,255.5,418
2026-09-11T16:55:00+00:00,255.5,255.71,255.49,255.65,374
2026-09-11T17:00:00+00:00,255.65,255.83,255.6,255.83,406
2026-09-11T17:05:00+00:00,255.83,256.09,255.75,256.06,392
2026-09-11T17:10:00+00:00,256.06,256.1,255.91,256.04,358
2026-09-11T17:15:00+00:00,256.04,256.35,256.03,256.26,328
2026-09-11T17:20:00+00:00,256.26,256.57,256.23,256.57,261
2026-09-11T17:25:00+00:00,256.57,256.72,256.51,256.54,412
2026-09-11T17:30:00+00:00,256.54,257.1,256.51,256.87,529
2026-09-11T17:35:00+00:00,256.87,256.88,256.52,256.62,468
2026-09-11T17:40:00+00:00,256.62,257.02,256.51,256.55,515
2026-09-11T17:45:00+00:00,256.55,256.71,256.43,256.66,344
2026-09-11T17:50:00+00:00,256.66,256.82,256.56,256.75,311
2026-09-11T17:55:00+00:00,256.75,256.86,256.67,256.72,408
2026-09-11T18:00:00+00:00,256.72,256.88,256.67,256.78,310
2026-09-11T18:05:00+00:00,256.78,256.8,256.38,256.46,357
2026-09-11T18:10:00+00:00,256.46,256.48,256.34,256.44,334
2026-09-11T18:15:00+00:00,256.44,256.46,256.21,256.22,219
2026-09-11T18:20:00+00:00,256.22,256.26,256.06,256.26,402
2026-09-11T18:25:00+00:00,256.26,256.53,256.19,256.5,327
2026-09-11T18:30:00+00:00,256.5,256.85,256.41,256.78,270
2026-09-11T18:35:00+00:00,256.78,256.85,256.72,256.82,218
2026-09-11T18:40:00+00:00,256.82,256.82,256.6,256.68,250
2026-09-11T18:45:00+00:00,256.68,256.92,256.65,256.84,292
2026-09-11T18:50:00+00:00,256.84,257.11,256.8,257,290
2026-09-11T18:55:00+00:00,257,257.04,256.8,256.98,250
2026-09-11T19:00:00+00:00,256.98,257.24,256.92,257.11,251
2026-09-11T19:05:00+00:00,257.11,257.23,256.98,256.99,222
2026-09-11T19:10:00+00:00,256.99,257.2,256.88,257.14,269
2026-09-11T19:15:00+00:00,257.14,257.31,257.09,257.12,253
2026-09-11T19:20:00+00:00,257.12,257.22,256.94,257.19,274
2026-09-11T19:25:00+00:00,257.19,257.24,256.99,257.14,299
2026-09-11T19:30:00+00:00,257.14,257.26,256.99,257.07,342
2026-09-11T19:35:00+00:00,257.07,257.25,257.05,257.15,298
2026-09-11T19:40:00+00:00,257.15,257.33,257,257.27,340
2026-09-11T19:45:00+00:00,257.27,257.47,257.1,257.12,486
2026-09-11T19:50:00+00:00,257.12,257.43,256.54,257.14,721
2026-09-11T19:55:00+00:00,257.14,257.21,256.6,256.74,896
